cell_name,cluster
MSC1_AATGAAGCATGCCGCA,0
MSC1_ACAAGCTGTTGACGGA,0
MSC1_ACGTACAAGGGACACT,0
MSC1_ACTATGGAGCCGATAG,0
MSC1_AGAAATGGTCTCAGGC,0
MSC1_AGAAGCGCAGCATACT,0
MSC1_AGCGCCAGTTATCCAG,0
MSC1_ATCACAGGTTGCATGT,0
MSC1_ATCACGAGTGAGGATC,0
MSC1_ATCCTATTCTAGTGAC,0
MSC1_ATGGATCGTATGACAA,0
MSC1_ATGGGTTGTACTCCCT,0
MSC1_CAGATCACACTTCTCG,0
MSC1_CATAAGCAGTCCGCGT,0
MSC1_CATAAGCTCTCGCGTT,0
MSC1_CATCCGTGTGTTGATC,0
MSC1_CATTCCGGTTGACTGT,0
MSC1_CCATCACAGCGCCGTT,0
MSC1_CCTCTAGAGTGTTCCA,0
MSC1_CGTTCTGTCGGTTCAA,0
MSC1_CTGGTCTCACCTCAGG,1
MSC1_GATGCTATCAGCCCAG,0
MSC1_GATTCGACATGGGCAA,0
MSC1_GATTGGTCAAGGCTTT,0
MSC1_GATTTCTTCCCGAGGT,0
MSC1_GCTCAAACATAGCTGT,0
MSC1_GGAGAACTCAAGTGTC,0
MSC1_GGCTTGGTCTCACGAA,0
MSC1_GTAACCACAATGAAAC,0
MSC1_GTCACTCAGTGGATAT,0
MSC1_GTCATTTCACCAACAT,0
MSC1_TAACTTCCACCAAAGG,0
MSC1_TACGTCCAGCTGTTCA,0
MSC1_TATTGGGGTTCCAAAC,0
MSC1_TCAAGACTCTCTTGCG,0
MSC1_TCACGCTCATCGGAGA,0
MSC1_TCATATCTCCTACCAC,0
MSC1_TCCCACAAGAGCAAGA,0
MSC1_TCGGTCTGTTTGGAGG,0
MSC1_TGAATCGAGCGAATGC,0
MSC1_TGACGCGAGTCGAGGT,0
MSC1_TGCAGTATCCAGCACG,0
MSC1_TGTTCTACAACAGATA,0
MSC1_TTACAGGCACACCTGG,0
MSC1_TTCGGTCAGGTGGCTA,0
MSC1_TTTCGATAGTCTCCTC,0
MSC2_AAGCGAGAGCCTGACC,2
MSC2_AGAGCAGCACAATTCG,3
MSC2_AGTCACACACAGTACT,2
MSC2_AGTTAGCTCAACCGAT,1
MSC2_ATTCAGGCAAATAAGC,1
MSC2_CCCAACTCAATGACCT,1
MSC2_CCGATCTGTGGGATTG,2
MSC2_CCGGACATCGCAGTGC,1
MSC2_CCGTTCAGTCACTTAG,2
MSC2_CCTCCTCAGAGAATCT,1
MSC2_CGCCATTAGGGTGAGG,4
MSC2_CTAACCCTCATTTACC,2
MSC2_CTACCCAGTTTGAACC,2
MSC2_CTATAGGCACTACCGG,2
MSC2_CTATCCGGTCACTTAG,2
MSC2_CTTCTCTAGCTCACTA,2
MSC2_GACTGATCAAGATGTA,2
MSC2_GCCGTGACAGCGAGTA,2
MSC2_GGACGTCGTGCTATTG,2
MSC2_GGGATCCCATCCGGCA,4
MSC2_GGGTTTACAAGTTCCA,2
MSC2_GTGACGCTCACTTATC,1
MSC2_GTGATGTAGATCCCAT,4
MSC2_TAACTTCCAGCGTGCT,5
MSC2_TAATTCCCAGACCTAT,1
MSC2_TAGATCGTCTATACTC,3
MSC2_TATTCCAGTGGTAATA,2
MSC2_TCAGTCCTCACTGGGC,4
MSC2_TCTACATCAATGGCAG,2
MSC2_TCTCCGAGTGCGGCTT,4
MSC2_TGATTCTTCATTCATC,1
MSC2_TGCATCCAGACATACA,2
MSC2_TTCCTTCCATAGAATG,2
MSC2_TTTGGTTGTTTGTTCT,2
MSC3_ACTATGGTCGAGATGG,2
MSC3_AGAGAGCCAGCCGTTG,3
MSC3_ATCGGCGTCTTGAACG,4
MSC3_CATTGTTAGAGAATCT,2
MSC3_GGGATCCTCGGTAACT,2
MSC3_GTTCGCTCACAACGTT,2
MSC3_TCTTCCTGTCATAACC,4
MSC3_TGAGGAGGTTCGTTCC,1
MSC4_AAAGAACAGGCACTAG,2
MSC4_AAATGGAAGACTGTTC,2
MSC4_AACACACGTTGCAAGG,2
MSC4_AACAGGGGTCGTTGCG,2
MSC4_AACCATGAGGTTGAGC,2
MSC4_AACCCAAGTACATACC,2
MSC4_AACGAAATCATAAGGA,2
MSC4_AAGACTCGTTAGGCTT,2
MSC4_AAGGTAATCACTGCTC,2
MSC4_AATCGTGGTTCGTAAC,2
MSC4_AATGACCCAGGTTACT,2
MSC4_AATGGAACAACCGTGC,2
MSC4_ACAGCCGAGTATAGGT,2
MSC4_ACATGCAAGGACACTG,2
MSC4_ACCGTTCGTTAAAGTG,2
MSC4_ACGATCACACCTGCGA,2
MSC4_ACGATGTGTAGTAAGT,2
MSC4_ACGTCCTGTGGCTTAT,2
MSC4_ACTACGACATTCTCTA,2
MSC4_ACTATTCTCGCCATAA,2
MSC4_ACTTCCGAGAGTTCGG,2
MSC4_ACTTTCAGTCACTCAA,4
MSC4_ACTTTCAGTGCTCCGA,2
MSC4_AGAAGTAAGACGCAGT,2
MSC4_AGACCATTCTGGCTGG,0
MSC4_AGATAGAAGGGCTTCC,2
MSC4_AGATAGACACTCATAG,2
MSC4_AGCCACGCACACACGC,2
MSC4_AGGTAGGGTATGGAAT,2
MSC4_AGGTGTTCAAGCCCAC,2
MSC4_AGGTTACGTCCAGGTC,2
MSC4_AGTCACAGTGCAGATG,2
MSC4_AGTGACTGTCAGTCTA,2
MSC4_AGTTCGACAACAGCTT,2
MSC4_ATAGGCTGTGCGCTCA,2
MSC4_ATCACGAAGTCGCCCA,2
MSC4_ATCCTATAGGGCCAAT,2
MSC4_ATCGATGAGATAGTGT,2
MSC4_ATCGGCGAGGCCGCTT,2
MSC4_ATCTTCAAGCACTCTA,2
MSC4_ATTACCTTCGCCAATA,2
MSC4_ATTACTCTCACCTTGC,2
MSC4_ATTCTACAGTTCCGTA,2
MSC4_CAAAGAAGTCCAAATC,2
MSC4_CAAGCTAGTCTCAGAT,2
MSC4_CACCGTTCACTCACTC,2
MSC4_CACGTTCAGTTGGACG,2
MSC4_CACTGGGCAACAGCCC,2
MSC4_CACTGTCCATAGGTTC,2
MSC4_CAGATACAGGGTATAT,2
MSC4_CAGATACCACTGTCCT,2
MSC4_CAGCAATAGCGTATAA,2
MSC4_CATCAAGCACGTAACT,2
MSC4_CATCCACGTGCCTACG,2
MSC4_CATCGTCAGCAAGTCG,2
MSC4_CATGCAAAGATTGGGC,2
MSC4_CATGCTCTCTTCCCGA,2
MSC4_CATTCTAGTTCCCAAA,2
MSC4_CATTGCCTCCCTCTCC,2
MSC4_CCACAAACATGGAAGC,2
MSC4_CCACTTGCAATTGCTG,2
MSC4_CCCTAACCACCGAATT,2
MSC4_CCCTCTCGTTCCGCTT,2
MSC4_CCGGTAGAGGGATCGT,2
MSC4_CCTAAGAGTCGCCTAG,4
MSC4_CCTAAGAGTTTCACAG,2
MSC4_CCTAAGATCATGCCAA,2
MSC4_CGATGGCTCCCATACC,2
MSC4_CGCATAAAGTTCATCG,2
MSC4_CGCATAATCGACGTCG,3
MSC4_CGGAATTGTAGACACG,2
MSC4_CTAACTTCACCTCAGG,1
MSC4_CTATCCGTCGAGTCCG,4
MSC4_CTATCTAAGGTTCCGC,2
MSC4_CTCAGAACATCACCAA,2
MSC4_CTCATGCCAGTCTACA,2
MSC4_CTCCTTTAGCGCCTTG,2
MSC4_CTGCCTATCAGTCCGG,2
MSC4_CTGTAGAAGCAGGTCA,2
MSC4_CTGTGGGAGTATAACG,0
MSC4_CTTCTAAAGTTCCAGT,2
MSC4_CTTCTAAGTGTACATC,2
MSC4_GAAGCGATCGTGGCGT,2
MSC4_GACACGCCAGTCGCTG,2
MSC4_GACCCAGTCTGCATGA,2
MSC4_GACCTTCGTATCATGC,2
MSC4_GACGCTGAGGGCAATC,2
MSC4_GAGGCAAGTACTGAGG,2
MSC4_GAGGGATTCTCCCATG,2
MSC4_GAGTCTATCAGAACCT,2
MSC4_GAGTGTTTCTTACGGA,2
MSC4_GAGTTACCAATCTCGA,2
MSC4_GAGTTACCAGCTTTCC,2
MSC4_GATAGAAAGTTCATGC,2
MSC4_GATGACTAGTTCTCTT,2
MSC4_GATGATCCATTGACCA,2
MSC4_GATTCTTCAACCCTAA,2
MSC4_GATTCTTTCGTGGGTC,1
MSC4_GCAACATGTAGAGATT,2
MSC4_GCCCGAATCGCCTTGT,2
MSC4_GCCGTGAGTGCAATGG,2
MSC4_GCCTGTTGTCTCGCGA,2
MSC4_GCGTGCAGTTCCCAAA,2
MSC4_GCTACAAGTGGTCTCG,1
MSC4_GCTACAATCCGAGATT,2
MSC4_GCTACCTGTGCGACAA,1
MSC4_GCTGCAGCACGACGTC,2
MSC4_GCTTCACCAGCAGAAC,2
MSC4_GCTTCACGTCTATGAC,2
MSC4_GGAACCCCAGTACTAC,0
MSC4_GGAGAACGTGTATTCG,2
MSC4_GGCTTGGGTACTGCCG,2
MSC4_GGCTTTCAGATAGCAT,2
MSC4_GGGTCACCACGTACAT,2
MSC4_GGTCACGTCTGGACTA,2
MSC4_GGTGGCTGTGGATGAC,2
MSC4_GGTTGTAGTCGAGCTC,2
MSC4_GTAATCGGTCCAATCA,2
MSC4_GTAGCTAAGTATGAAC,3
MSC4_GTCACGGCAACCAATC,2
MSC4_GTCACGGCAACGCATT,2
MSC4_GTCGTTCCACTGTGAT,2
MSC4_GTCTACCCAGCCTATA,2
MSC4_GTGCAGCCACCACATA,2
MSC4_GTGTGATAGAGATTCA,2
MSC4_GTGTGGCTCCGTAATG,2
MSC4_GTGTTCCTCGCGCTGA,2
MSC4_GTTAGTGTCCACGAAT,2
MSC4_GTTTACTGTACCTAAC,2
MSC4_TAACACGTCACCGACG,2
MSC4_TAAGCGTAGGAATCGC,2
MSC4_TAATCTCCAGTAGTTC,2
MSC4_TACATTCGTTCGGGTC,2
MSC4_TACCTCGCATACTTTC,2
MSC4_TACCTGCTCTTCTGGC,2
MSC4_TAGACCAAGAAAGTCT,2
MSC4_TAGACTGCATCAGTGT,2
MSC4_TAGGAGGGTACGAAAT,2
MSC4_TATCGCCGTACCTAGT,2
MSC4_TATCTTGTCTGCCTCA,2
MSC4_TATGTTCGTTTCGATG,0
MSC4_TATTCCACAGATACCT,2
MSC4_TCAATCTGTAGTATAG,2
MSC4_TCACTATCAAGCTACT,2
MSC4_TCACTCGCAATTTCGG,2
MSC4_TCAGCAATCTACTGAG,2
MSC4_TCAGCCTCAACCACGC,2
MSC4_TCAGGTACATACAGAA,2
MSC4_TCAGTGATCCGTGGCA,2
MSC4_TCATTGTTCATACGGT,2
MSC4_TCATTTGCAAATGGCG,2
MSC4_TCCCACACAACTGTGT,2
MSC4_TCCGGGATCACAGTGT,2
MSC4_TCCTAATTCGCTTGAA,2
MSC4_TCGCTCAGTTCCAAAC,2
MSC4_TCTACCGAGGGTTAAT,2
MSC4_TCTATCATCAGGAAGC,2
MSC4_TCTCACGAGTTAACAG,2
MSC4_TCTCCGATCTACAGGT,2
MSC4_TCTTCCTCACAGTACT,2
MSC4_TGAATGCCAACGGCCT,2
MSC4_TGACAGTTCCGATGTA,2
MSC4_TGACTCCCAACCTATG,2
MSC4_TGACTCCCAGGCACTC,2
MSC4_TGAGGGACACCTATCC,2
MSC4_TGATCTTTCTGAACGT,2
MSC4_TGCACGGTCCTGTACC,2
MSC4_TGCCGAGAGCTCGACC,2
MSC4_TGCGACGGTTACGCCG,1
MSC4_TGCGGGTCACGTCGTG,2
MSC4_TGCTGAACATACTGAC,2
MSC4_TGGGCTGGTACACGCC,2
MSC4_TGTTCATAGCACTAGG,2
MSC4_TGTTCTACATGACTCA,2
MSC4_TGTTTGTCACTCGATA,2
MSC4_TGTTTGTTCATCGTAG,2
MSC4_TTACAGGGTACTGCCG,2
MSC4_TTACCATGTGATACTC,2
MSC4_TTCAGGATCTGGGCAC,2
MSC4_TTCCTTCTCCAGTGCG,2
MSC4_TTCTAACGTGGATCGA,2
MSC4_TTCTTCCAGAGCCCAA,2
MSC4_TTGGGTAGTATCGCAT,2
MSC4_TTGTGGAGTTGGCTAT,2
MSC4_TTTACGTCACCTGCGA,2
MSC4_TTTCGATTCTCTCCGA,2
MSC4_TTTGACTAGCTCTGTA,2
MSC4_TTTGGTTCACTGTTCC,2
MSC4-Dura_AAAGAACCACCGTGGT,1
MSC4-Dura_AAAGTGAAGTCCCAAT,1
MSC4-Dura_AAAGTGAGTATCGTAC,1
MSC4-Dura_AACAAAGTCGGCTGTG,1
MSC4-Dura_AACACACTCAAGCCGC,1
MSC4-Dura_AACCTTTAGTCAGCCC,1
MSC4-Dura_AACGGGAAGAGCTGCA,2
MSC4-Dura_AAGAACATCAAGCGTT,1
MSC4-Dura_AAGCGTTTCAAGCCCG,1
MSC4-Dura_AAGTCGTCACCGGCTA,1
MSC4-Dura_AAGTGAACATCCGAAT,1
MSC4-Dura_AAGTGAAGTCCTCCAT,1
MSC4-Dura_AAGTTCGTCTACTATC,1
MSC4-Dura_AATCGACAGAGATCGC,1
MSC4-Dura_AATCGACGTAGCTAAA,1
MSC4-Dura_AATGGAATCTGTGTGA,1
MSC4-Dura_AATTTCCAGGTCTGGA,1
MSC4-Dura_AATTTCCGTCAGCTTA,1
MSC4-Dura_ACAACCAGTATTGACC,1
MSC4-Dura_ACAAGCTCAGCTGTCG,1
MSC4-Dura_ACAGGGATCTGCACCT,1
MSC4-Dura_ACCACAACAGTGAGCA,1
MSC4-Dura_ACCCTTGAGGTACCTT,1
MSC4-Dura_ACCGTTCGTGTAACGG,1
MSC4-Dura_ACGATCACACTACGGC,1
MSC4-Dura_ACGGGTCAGGATTCCT,1
MSC4-Dura_ACGGGTCGTTTCTTAC,1
MSC4-Dura_ACGGTTAAGGTAAAGG,1
MSC4-Dura_ACTATTCCACTAACGT,1
MSC4-Dura_ACTCCCAAGCACTAAA,1
MSC4-Dura_ACTCCCAAGGCTCCCA,1
MSC4-Dura_ACTCCCAGTTAGGCCC,1
MSC4-Dura_ACTGATGAGCATCAGG,1
MSC4-Dura_ACTTATCGTGCTAGCC,1
MSC4-Dura_ACTTCGCCACTTACAG,0
MSC4-Dura_ACTTTCACACTGTTCC,1
MSC4-Dura_AGAACAAAGCCACAAG,1
MSC4-Dura_AGACCCGGTCGCGGTT,1
MSC4-Dura_AGACTCATCATGGTAC,1
MSC4-Dura_AGCGATTAGACCATGG,1
MSC4-Dura_AGGATAAAGCTGAGCA,1
MSC4-Dura_AGGGCTCAGCGTCAGA,1
MSC4-Dura_AGGGTCCGTTGACTGT,1
MSC4-Dura_AGGTTACAGCGTGCTC,1
MSC4-Dura_AGGTTACCATCCGGTG,1
MSC4-Dura_AGTAACCTCCGCTTAC,1
MSC4-Dura_AGTAGTCGTTGATCGT,1
MSC4-Dura_AGTCAACCACGCTATA,1
MSC4-Dura_AGTCACAAGCAACTTC,1
MSC4-Dura_AGTCTCCAGCTGACCC,1
MSC4-Dura_ATACCTTCAGTCGCTG,1
MSC4-Dura_ATCATTCAGCTATCTG,1
MSC4-Dura_ATCATTCAGGAGTATT,1
MSC4-Dura_ATCATTCCATGAAGGC,1
MSC4-Dura_ATCGATGTCTCTGCTG,1
MSC4-Dura_ATCGTCCGTTCGGCCA,1
MSC4-Dura_ATCTCTAGTCACCTTC,1
MSC4-Dura_ATGAAAGAGACGCATG,1
MSC4-Dura_ATGACCAAGCTACAAA,1
MSC4-Dura_ATGAGGGCATCCGCGA,1
MSC4-Dura_ATGAGTCGTTCACCGG,1
MSC4-Dura_ATGTCCCGTTATTCCT,1
MSC4-Dura_ATTACTCGTACATTGC,1
MSC4-Dura_ATTCCCGAGCCGATTT,1
MSC4-Dura_ATTCGTTTCCTGTAGA,1
MSC4-Dura_ATTCTTGAGCCTCCAG,1
MSC4-Dura_ATTCTTGCATTGCTTT,1
MSC4-Dura_CAACAACAGTTGTCAC,1
MSC4-Dura_CAAGACTTCGCCTCTA,1
MSC4-Dura_CAATACGGTAACTGCT,1
MSC4-Dura_CACAGGCTCTCAGTCC,1
MSC4-Dura_CACATGAGTCGATTAC,1
MSC4-Dura_CACCAAAAGATGACAT,1
MSC4-Dura_CACCAAATCACGATCA,1
MSC4-Dura_CACGAATGTTAAACCC,1
MSC4-Dura_CACGAATGTTATGACC,2
MSC4-Dura_CACTGAATCCATGATG,1
MSC4-Dura_CACTTCGAGGGTTTCT,1
MSC4-Dura_CAGAGCCGTCTAGGCC,1
MSC4-Dura_CAGCCAGTCGTTCTCG,1
MSC4-Dura_CAGCGTGAGAGGGTCT,1
MSC4-Dura_CAGTTAGAGGTGAGCT,1
MSC4-Dura_CAGTTCCTCGTCACCT,1
MSC4-Dura_CATACCCAGTCTTCGA,1
MSC4-Dura_CATAGACTCCGGACTG,1
MSC4-Dura_CATCAAGGTTGCTTGA,1
MSC4-Dura_CATCGGGCACCATAAC,1
MSC4-Dura_CATCGTCCAATAGTCC,1
MSC4-Dura_CATCGTCCATCCGGTG,1
MSC4-Dura_CATTCTAGTAGTCCTA,1
MSC4-Dura_CATTGTTTCTTGGAAC,1
MSC4-Dura_CATTTCACAACTTGCA,1
MSC4-Dura_CCAATGAGTAGGATAT,1
MSC4-Dura_CCACCATAGGGCAATC,1
MSC4-Dura_CCATAAGGTACAGAAT,1
MSC4-Dura_CCCGGAACAGGGTCTC,1
MSC4-Dura_CCGGACACAGCGGTTC,1
MSC4-Dura_CCGTTCACAGAACGCA,1
MSC4-Dura_CCTAAGAAGGTGCATG,1
MSC4-Dura_CCTCATGTCGAAGAAT,1
MSC4-Dura_CCTTTGGGTAGTGCGA,1
MSC4-Dura_CGAGAAGCAGCGTATT,1
MSC4-Dura_CGAGGAAAGCACTCAT,1
MSC4-Dura_CGAGTGCAGATAGCAT,1
MSC4-Dura_CGAGTTAGTCATCAGT,1
MSC4-Dura_CGCCATTGTGGCCACT,1
MSC4-Dura_CGCGTGAGTTGGACCC,1
MSC4-Dura_CGGGACTGTCATATGC,1
MSC4-Dura_CGGGTGTGTTGGACCC,1
MSC4-Dura_CGGTCAGTCCAAATGC,1
MSC4-Dura_CGTAGTAGTTCGATTG,1
MSC4-Dura_CGTAGTATCAATCTCT,1
MSC4-Dura_CGTGCTTAGACGTCGA,1
MSC4-Dura_CGTGTCTAGCCGATAG,1
MSC4-Dura_CGTTGGGAGCATATGA,1
MSC4-Dura_CGTTGGGGTATGGGAC,1
MSC4-Dura_CTACAGACAGGCGAAT,1
MSC4-Dura_CTACAGATCCACAGCG,1
MSC4-Dura_CTACCTGAGGGCGAGA,1
MSC4-Dura_CTCAATTTCCACTAGA,1
MSC4-Dura_CTCAATTTCTTTCTAG,1
MSC4-Dura_CTCATGCCACTGGCCA,2
MSC4-Dura_CTCATGCGTACCGTGC,1
MSC4-Dura_CTCCCTCAGAGAGCGG,1
MSC4-Dura_CTCGAGGAGTGCGACA,1
MSC4-Dura_CTCGAGGCAGGATGAC,1
MSC4-Dura_CTCTGGTGTTCCTAAG,1
MSC4-Dura_CTGAGCGCACGATAGG,1
MSC4-Dura_CTGAGCGTCAACGCTA,1
MSC4-Dura_CTGCAGGGTCATCGCG,1
MSC4-Dura_CTGTACCTCGGTTAGT,1
MSC4-Dura_CTGTATTTCGTTTACT,1
MSC4-Dura_CTTAGGACATTCACAG,1
MSC4-Dura_CTTAGGATCTTGCGCT,1
MSC4-Dura_GAAACCTAGACGACGT,1
MSC4-Dura_GAAGTAACACAAGTGG,1
MSC4-Dura_GACCAATAGATTGACA,1
MSC4-Dura_GACCAATCAGAATTCC,1
MSC4-Dura_GACCAATCAGCTGAGA,1
MSC4-Dura_GACCCAGTCGTACCTC,1
MSC4-Dura_GACGTTATCAGTGGGA,1
MSC4-Dura_GAGACTTGTTAAGGAT,1
MSC4-Dura_GAGCCTGGTGTATCCA,1
MSC4-Dura_GAGCCTGGTGTTCAGT,1
MSC4-Dura_GAGCTGCCAATCAAGA,1
MSC4-Dura_GAGGGTACATACTGTG,1
MSC4-Dura_GAGTCATAGGTGCATG,1
MSC4-Dura_GAGTTGTAGAAATGGG,1
MSC4-Dura_GAGTTGTTCTAGCCTC,1
MSC4-Dura_GATAGCTCACAGCCTG,1
MSC4-Dura_GATGAGGGTGAATAAC,1
MSC4-Dura_GCACATAAGGGTTAGC,1
MSC4-Dura_GCACGTGTCCCTGTTG,2
MSC4-Dura_GCAGCCATCTCCAAGA,1
MSC4-Dura_GCCAGGTAGCACTAGG,1
MSC4-Dura_GCCGTGACATGCAGCC,1
MSC4-Dura_GCTACCTGTTCGGTTA,1
MSC4-Dura_GCTGAATAGCTACTGT,1
MSC4-Dura_GCTGCAGTCCGTGTAA,1
MSC4-Dura_GGAATGGGTACGTTCA,1
MSC4-Dura_GGACGTCCAAGTCCAT,1
MSC4-Dura_GGATGTTTCTTCCACG,1
MSC4-Dura_GGGAGATCAAGGCGTA,1
MSC4-Dura_GGGAGATTCGAGAACG,1
MSC4-Dura_GGGCGTTTCCCTCGAT,1
MSC4-Dura_GGGCGTTTCGCCCAGA,1
MSC4-Dura_GGGTATTCAATCGTCA,1
MSC4-Dura_GGGTATTGTTCAGTAC,1
MSC4-Dura_GGGTCACCAGTTGCGC,1
MSC4-Dura_GGTCTGGTCAGAATAG,1
MSC4-Dura_GGTGGCTGTACGCGTC,1
MSC4-Dura_GGTGTTAGTATCACCA,1
MSC4-Dura_GTAACCAGTGTTTACG,1
MSC4-Dura_GTAAGTCTCTCCGCAT,1
MSC4-Dura_GTACAGTAGAAACTCA,1
MSC4-Dura_GTACAGTAGGCACCAA,1
MSC4-Dura_GTAGCTAGTGAGCCAA,1
MSC4-Dura_GTAGTACCAACGCCCA,1
MSC4-Dura_GTCACTCGTATTGAGA,1
MSC4-Dura_GTCATGAAGGCTTTCA,1
MSC4-Dura_GTCATTTCATGTTACG,1
MSC4-Dura_GTCCCATCACGACAGA,1
MSC4-Dura_GTCGCGAAGGGACCAT,1
MSC4-Dura_GTCGCGATCGTCTAAG,1
MSC4-Dura_GTCTGTCAGTTGGCTT,1
MSC4-Dura_GTCTTTATCGTTTACT,1
MSC4-Dura_GTGCTGGGTGCTGTCG,1
MSC4-Dura_GTGCTTCGTCACTACA,1
MSC4-Dura_GTGGAAGGTATAATGG,1
MSC4-Dura_GTGTCCTAGTCTAACC,1
MSC4-Dura_GTGTTAGCACAATTCG,1
MSC4-Dura_GTTACGAGTAAGATCA,1
MSC4-Dura_GTTAGTGGTATCGTGT,1
MSC4-Dura_GTTGCGGGTAGCGTAG,1
MSC4-Dura_GTTGCGGTCTGTGTGA,1
MSC4-Dura_GTTGTAGGTAATCAAG,1
MSC4-Dura_GTTGTGAGTCTTCGAA,1
MSC4-Dura_TAACACGGTCCAACGC,1
MSC4-Dura_TAAGTCGTCAGCGGAA,1
MSC4-Dura_TACGCTCGTTATGGTC,1
MSC4-Dura_TACTTCAAGCAGCGAT,1
MSC4-Dura_TACTTCAGTTATAGCC,1
MSC4-Dura_TAGGAGGGTGCTGATT,2
MSC4-Dura_TAGGGTTAGTTAACGA,1
MSC4-Dura_TAGGGTTCAAGCTGCC,1
MSC4-Dura_TAGTGCACACTGCGAC,1
MSC4-Dura_TATATCCGTGCCGGTT,1
MSC4-Dura_TATCTGTTCGCAATTG,1
MSC4-Dura_TCAATTCGTCGATGCC,1
MSC4-Dura_TCACGCTCACCTGCGA,1
MSC4-Dura_TCACTATGTAAGCTCT,1
MSC4-Dura_TCACTCGCAGTTGTCA,1
MSC4-Dura_TCAGTCCAGCGTATGG,1
MSC4-Dura_TCATGTTCAAATGGTA,1
MSC4-Dura_TCCACCACACCTGATA,1
MSC4-Dura_TCCACGTTCACGACTA,1
MSC4-Dura_TCCAGAAGTCACTGAT,1
MSC4-Dura_TCGCTCACAGTCAACT,1
MSC4-Dura_TCGGGACGTAGCCCTG,1
MSC4-Dura_TCGGGTGCATATGCGT,1
MSC4-Dura_TCTACATTCCGTCACT,1
MSC4-Dura_TCTACCGCATGCTGCG,1
MSC4-Dura_TCTATCAAGCGGTATG,1
MSC4-Dura_TCTTGCGGTGTGAATA,1
MSC4-Dura_TCTTGCGTCAAGGACG,1
MSC4-Dura_TGAACGTGTCACCTTC,1
MSC4-Dura_TGAATGCGTCGTAATC,1
MSC4-Dura_TGACTCCCAAATGATG,1
MSC4-Dura_TGAGTCAGTAGGCAGT,1
MSC4-Dura_TGATCAGCAGTCAACT,1
MSC4-Dura_TGATTTCTCTAGTTCT,1
MSC4-Dura_TGCAGTATCCAAGCTA,1
MSC4-Dura_TGCGACGCAATACCCA,1
MSC4-Dura_TGCTTCGGTGATCGTT,1
MSC4-Dura_TGGAGGAAGTCGTTAC,1
MSC4-Dura_TGGGAGACAGTGTACT,1
MSC4-Dura_TGGGCGTGTATCGAAA,1
MSC4-Dura_TGGGCGTGTTGCAAGG,1
MSC4-Dura_TGGTGATTCCCACAGG,1
MSC4-Dura_TGGTTAGAGTCAGCGA,1
MSC4-Dura_TTAGTCTCACCCTAAA,1
MSC4-Dura_TTCAATCGTGTTGATC,1
MSC4-Dura_TTCACGCCAAGACCTT,1
MSC4-Dura_TTCCTAAAGGAACTAT,1
MSC4-Dura_TTCCTAACATTACGGT,1
MSC4-Dura_TTCCTCTGTGCTCTTC,1
MSC4-Dura_TTCCTTCGTGAATGAT,1
MSC4-Dura_TTCGGTCAGGGTGAGG,1
MSC4-Dura_TTCTGTACAGGCGAAT,1
MSC4-Dura_TTGAACGCATCGGAAG,1
MSC4-Dura_TTGAACGGTCAACCAT,1
MSC4-Dura_TTGAACGGTCGTGGAA,1
MSC4-Dura_TTGAACGTCTCGTTTA,1
MSC4-Dura_TTGCATTTCCGGACTG,1
MSC4-Dura_TTGCGTCGTACCTAGT,1
MSC4-Dura_TTGGGCGTCGCAATGT,1
MSC4-Dura_TTGGGTAGTCGTCGGT,1
MSC4-Dura_TTGTTCAAGGTGCAGT,1
MSC4-Dura_TTTACGTTCGCTATTT,1
MSC4-Dura_TTTACTGAGCACGATG,1
MSC4-Dura_TTTAGTCGTACCCAGC,1
MSC4-Dura_TTTCACAGTGGTCTTA,1
MSC4-Dura_TTTGACTGTACCCGCA,1
MSC4-Dura_TTTGTTGAGGTCACTT,1
MSC4-Dura_TTTGTTGCAAAGGCTG,1
MSC5_AACCAACTCTACTATC,2
MSC5_AACCTGATCGTCAACA,2
MSC5_AACCTTTAGAATAGTC,2
MSC5_AAGAACAGTGTTGCCG,1
MSC5_ACACTGACAATGTGGG,2
MSC5_ACCGTTCAGCGGCTCT,2
MSC5_ACGGTTAGTACTGACT,4
MSC5_ACTTTGTAGTAGTCAA,2
MSC5_AGAACAACAATTGCTG,2
MSC5_AGACCCGAGGATACGC,2
MSC5_AGATAGATCCACTTTA,2
MSC5_AGCGCTGAGAAGGGAT,0
MSC5_AGCTCAAAGCGGGTAT,2
MSC5_AGGATCTCATGTGCCG,2
MSC5_AGGCTGCGTAGCACAG,2
MSC5_AGTACTGCAATACCCA,2
MSC5_ATATCCTGTGGTCTTA,2
MSC5_ATCACAGGTGTCGCTG,2
MSC5_ATCACGAGTGCATACT,2
MSC5_ATCACGATCGTCAACA,2
MSC5_ATCCACCTCCAATGCA,2
MSC5_ATCGGATAGTCATCCA,2
MSC5_ATCGGCGGTATTCCTT,2
MSC5_ATGTCTTAGTCACTCA,2
MSC5_ATTCACTCAACACTAC,2
MSC5_ATTCAGGCAAGGTTGG,2
MSC5_CAACAACGTTGTATGC,3
MSC5_CAACGATAGTACCGGA,2
MSC5_CACACAACAAGCGATG,4
MSC5_CACTGAACATCCTATT,2
MSC5_CAGAGCCTCATGAGAA,2
MSC5_CCTAAGACATCCGCGA,2
MSC5_CCTCAGTAGACTAAGT,2
MSC5_CTCATGCAGCTACAAA,3
MSC5_CTCCCAATCCTAGCCT,2
MSC5_GAAGTAATCAGCTGAT,2
MSC5_GACCAATTCTTGAGCA,2
MSC5_GAGAAATGTTGCTGAT,2
MSC5_GAGCCTGCATAGCACT,2
MSC5_GAGCTGCCAACAGATA,1
MSC5_GATGCTATCTGTACAG,2
MSC5_GCACTAATCCTGGTCT,1
MSC5_GCATCGGAGATGGGCT,2
MSC5_GCTTTCGCACTGAATC,0
MSC5_GGCAGTCTCGAGGCAA,2
MSC5_GGGACTCCAGCGTGAA,3
MSC5_GGTGTCGGTCGAACGA,2
MSC5_GGTTGTAGTGAAAGTT,1
MSC5_GTACAACGTCTACATG,2
MSC5_GTCCACTAGACGACTG,2
MSC5_GTCCCATCACAGACGA,2
MSC5_GTTGAACCATTAGGCT,2
MSC5_GTTGCGGCATACTGAC,2
MSC5_TAATTCCGTGGCTACC,2
MSC5_TACCGGGTCCAAGCAT,2
MSC5_TAGGGTTAGGAGCTGT,2
MSC5_TATCCTAAGGGCTTCC,2
MSC5_TCAAGTGAGTCATGAA,1
MSC5_TCACGCTCAACCCTCT,2
MSC5_TCACGCTCAGAGCCCT,2
MSC5_TCACTATGTCACAATC,2
MSC5_TCAGCCTAGCATGATA,2
MSC5_TCATGGATCTATGCCC,2
MSC5_TCCATGCTCGCCTTTG,0
MSC5_TCCGAAATCCTAGCTC,2
MSC5_TCCGATCTCACTCTTA,2
MSC5_TCCGGGATCTTAGGAC,2
MSC5_TCCTCGACACTTTAGG,2
MSC5_TCGAAGTTCACAACCA,1
MSC5_TCGATTTCATTGAAAG,2
MSC5_TCGCTTGTCGGCTTGG,2
MSC5_TCGGGACGTGAAGCTG,2
MSC5_TGAGGTTAGGGCAATC,2
MSC5_TGCATCCCACTGCACG,2
MSC5_TGTACAGAGACTTAAG,2
MSC5_TGTTCATGTGCAGTGA,2
MSC5_TTAATCCCACCAGCCA,2
MSC5_TTACCGCAGTATGAGT,2
MSC5_TTCCAATGTATTCCTT,2
MSC5_TTCCACGGTCGTGATT,2
MSC5_TTGAACGTCGTCAAAC,2
MSC5_TTGGGATAGTTCCGGC,2
MSC5_TTTACCAAGATAGGGA,2
MSC5-BTI_AACCTTTCATAATGAG,2
MSC5-BTI_AAGCATCCAATAAGGT,2
MSC5-BTI_AAGCATCCAGCTACCG,4
MSC5-BTI_AAGCCATAGCAAGTGC,2
MSC5-BTI_ACACTGACAATGTGGG,2
MSC5-BTI_ACGGAAGTCTAGTGTG,2
MSC5-BTI_ACGTAACTCACCTGTC,4
MSC5-BTI_ACTTCGCAGAGATTCA,2
MSC5-BTI_AGGCATTAGACGTCGA,2
MSC5-BTI_AGGTAGGTCAGCTGAT,2
MSC5-BTI_AGTACTGCAATACCCA,2
MSC5-BTI_AGTCACAAGGGAGTTC,2
MSC5-BTI_ATCCACCTCCAATGCA,2
MSC5-BTI_ATCCATTTCTGGCTGG,1
MSC5-BTI_ATCGGCGGTATTCCTT,2
MSC5-BTI_ATCTTCAAGCCAAGCA,2
MSC5-BTI_ATGAGTCAGCACCTGC,2
MSC5-BTI_ATGGAGGCAGTCTACA,4
MSC5-BTI_ATTACTCAGGCAGTCA,2
MSC5-BTI_ATTCGTTGTGCTCTTC,2
MSC5-BTI_CAAAGAACAACCACAT,2
MSC5-BTI_CAACAACAGTTGAATG,2
MSC5-BTI_CACTGAACATCCTATT,2
MSC5-BTI_CCACCATGTACAAGTA,1
MSC5-BTI_CCTATCGGTCGTTCAA,1
MSC5-BTI_CCTGTTGCACTGGATT,2
MSC5-BTI_CCTTCAGTCGCAGAGA,2
MSC5-BTI_CGCCATTTCTACCCAC,2
MSC5-BTI_CGTAAGTAGTGCTAGG,2
MSC5-BTI_CGTGCTTGTTCGTAAC,0
MSC5-BTI_CTCCCAACACTTGTCC,2
MSC5-BTI_GACATCATCCCTCATG,2
MSC5-BTI_GACCCTTTCCACAGCG,4
MSC5-BTI_GACTGATTCAAAGACA,4
MSC5-BTI_GAGTGAGGTCGTCATA,2
MSC5-BTI_GCACTAATCAGCTGTA,2
MSC5-BTI_GCCAGGTTCTCGACCT,2
MSC5-BTI_GCCCGAAAGCGTGCCT,2
MSC5-BTI_GCGTGCAGTTCAGGTT,2
MSC5-BTI_GGGACTCCAGCGTGAA,3
MSC5-BTI_GGGTTTATCTAAGAAG,1
MSC5-BTI_GTAGATCGTCTGTTAG,1
MSC5-BTI_GTCATGAAGGACGCAT,2
MSC5-BTI_GTCGCGAAGGAACGCT,2
MSC5-BTI_GTGTGATGTACTTGTG,2
MSC5-BTI_GTTGAACGTACCACGC,1
MSC5-BTI_TACGCTCGTCCGGCAT,2
MSC5-BTI_TCACGGGGTCAACCTA,2
MSC5-BTI_TCACGGGGTTGGGACA,2
MSC5-BTI_TCATATCTCGAGCCTG,1
MSC5-BTI_TCCACGTCAATAGTCC,0
MSC5-BTI_TCCCAGTGTCTAGGTT,4
MSC5-BTI_TCGGTCTAGATGTTGA,2
MSC5-BTI_TGCATCCCACTGCACG,2
MSC5-BTI_TGCGATAAGCTATCTG,2
MSC5-BTI_TGGAGAGCATCTTAGG,2
MSC5-BTI_TGGGATTAGAAACTGT,2
MSC5-BTI_TGGTAGTTCACTTCTA,3
MSC5-BTI_TGTGAGTAGACAAGCC,2
MSC5-BTI_TGTTCCGAGCCGCTTG,1
MSC5-BTI_TTCACGCGTAGTACGG,2
MSC5-BTI_TTCCTTCGTGTCCATA,2
MSC5-BTI_TTGGATGCACACCGCA,2
MSC5-BTI_TTTCAGTCACTTCTCG,2
MSC5-Dura_AAAGGATTCTGGGCAC,1
MSC5-Dura_AACAAAGTCAAAGGAT,1
MSC5-Dura_AAGCGTTCAGGTATGG,1
MSC5-Dura_AAGGAATTCTGCCTCA,1
MSC5-Dura_AATAGAGCATCCTATT,1
MSC5-Dura_AATGGCTGTACCGTCG,1
MSC5-Dura_ACACTGACAATGTGGG,1
MSC5-Dura_ACCACAATCCAACCAA,1
MSC5-Dura_ACGGTCGTCTAACGGT,1
MSC5-Dura_ACGTAACAGCACACAG,1
MSC5-Dura_ACGTTCCTCGTACCTC,1
MSC5-Dura_ACTACGATCCCGAAAT,1
MSC5-Dura_ACTCTCGTCTGCAGCG,1
MSC5-Dura_ACTGCAAGTTAGAAAC,1
MSC5-Dura_AGAACAACAAGCGCTC,1
MSC5-Dura_AGCATCAGTTACGGAG,1
MSC5-Dura_AGGCATTCAATTGCCA,1
MSC5-Dura_AGGCTGCGTTGCCTAA,1
MSC5-Dura_AGGGTGACAAGGTTGG,1
MSC5-Dura_AGGTAGGTCGGTGCAC,1
MSC5-Dura_AGGTTGTGTCCGAAAG,1
MSC5-Dura_AGTACTGCAATACCCA,1
MSC5-Dura_AGTAGCTTCACCATGA,1
MSC5-Dura_AGTAGTCAGCTACTAC,1
MSC5-Dura_AGTGATCAGCTCCATA,1
MSC5-Dura_AGTTAGCCACTACGGC,1
MSC5-Dura_ATCACAGCATGAATCC,1
MSC5-Dura_ATCATTCCAGTCAGTT,1
MSC5-Dura_ATCCACCCAGGACTTT,1
MSC5-Dura_ATCCACCTCCAATGCA,1
MSC5-Dura_ATCCATTGTTGCTGAT,1
MSC5-Dura_ATCGATGTCTCTCCGA,1
MSC5-Dura_ATCGGATCAAGTGGCA,1
MSC5-Dura_ATCGGCGGTATTCCTT,1
MSC5-Dura_ATCTCTACACGATTCA,1
MSC5-Dura_ATCTTCAAGCCAAGCA,1
MSC5-Dura_ATCTTCATCGGTTCAA,1
MSC5-Dura_ATGAGGGAGTTGCGAG,1
MSC5-Dura_ATGGATCCAAGTATCC,1
MSC5-Dura_ATGGATCGTGAGATTA,1
MSC5-Dura_ATGGGAGAGATACGAT,1
MSC5-Dura_ATGGGTTTCGCTAGCG,1
MSC5-Dura_ATTCATCCAGACAATA,1
MSC5-Dura_ATTCATCGTGCCGTTG,1
MSC5-Dura_ATTGTTCGTTCTTCAT,1
MSC5-Dura_ATTTCTGGTAGATCCT,1
MSC5-Dura_CAAAGAACAACCACAT,1
MSC5-Dura_CAACCAAGTCAAACGG,1
MSC5-Dura_CAACGATAGCAGCAGT,1
MSC5-Dura_CAATCGACAGCGAACA,1
MSC5-Dura_CAATTTCGTCAGATTC,1
MSC5-Dura_CACAGATTCTGAACGT,1
MSC5-Dura_CACTGAACATCCTATT,1
MSC5-Dura_CACTGTCTCGTCTACC,1
MSC5-Dura_CAGCAGCTCAACTCTT,1
MSC5-Dura_CAGGCCACACAGAAGC,1
MSC5-Dura_CAGGTATCAGGGAGAG,1
MSC5-Dura_CATACAGGTCATAGTC,1
MSC5-Dura_CATCCACAGCCATTTG,1
MSC5-Dura_CATCGCTCAAAGGCAC,1
MSC5-Dura_CATGGTAAGCTACTAC,1
MSC5-Dura_CATTCCGAGAGCTGCA,1
MSC5-Dura_CATTCTACATCCGTGG,1
MSC5-Dura_CATTCTACATGCTGCG,1
MSC5-Dura_CCACGAGAGTCACTGT,1
MSC5-Dura_CCCGAAGCATTAGGAA,1
MSC5-Dura_CCGATCTTCGTAACAC,1
MSC5-Dura_CCGATGGAGGGCTGAT,1
MSC5-Dura_CCTACGTTCTCCCATG,1
MSC5-Dura_CGATGGCAGCTGTCCG,1
MSC5-Dura_CGGAGAATCTACCCAC,1
MSC5-Dura_CGGGACTCAGGTCCCA,1
MSC5-Dura_CGTTCTGCAAGGATGC,1
MSC5-Dura_CTACAGAAGCCGTAAG,1
MSC5-Dura_CTCACTGGTAGCTTAC,1
MSC5-Dura_CTCAGTCAGATTGGGC,1
MSC5-Dura_CTCATGCGTTATGTCG,1
MSC5-Dura_CTCCGATAGCGCCATC,1
MSC5-Dura_CTCCTTTAGGCCACTC,1
MSC5-Dura_CTGCATCCACGTAACT,1
MSC5-Dura_CTGTAGAGTCTGCCTT,1
MSC5-Dura_CTGTCGTTCTAGCCTC,1
MSC5-Dura_CTTGAGAAGCTTGTTG,1
MSC5-Dura_GAACACTCAGATGCGA,1
MSC5-Dura_GAACACTTCCCATACC,1
MSC5-Dura_GACCTTCGTTCGGGTC,1
MSC5-Dura_GAGACTTGTATGACAA,1
MSC5-Dura_GAGCCTGGTTAGCGGA,1
MSC5-Dura_GAGCTGCCATCATGAC,1
MSC5-Dura_GATCAGTGTGACAGCA,1
MSC5-Dura_GATGATCGTCTTCAAG,1
MSC5-Dura_GATTTCTGTCCTCAGG,1
MSC5-Dura_GCACGGTGTGCTGATT,1
MSC5-Dura_GCTACCTTCTTGTGCC,1
MSC5-Dura_GCTGGGTAGCCTCTTC,1
MSC5-Dura_GGAGATGTCAAAGCCT,1
MSC5-Dura_GGCGTCAGTTGAGAGC,1
MSC5-Dura_GGCTGTGAGGCATCAG,1
MSC5-Dura_GGCTGTGGTGTATACC,1
MSC5-Dura_GGGCGTTGTGGGCTCT,1
MSC5-Dura_GGGTCTGCATATCGGT,1
MSC5-Dura_GGGTGAAAGAAACCAT,1
MSC5-Dura_GGGTGAACACTAAACC,1
MSC5-Dura_GGTGGCTAGTAGCCAG,2
MSC5-Dura_GGTGGCTCAACGGGTA,1
MSC5-Dura_GGTTAACTCGTTGCCT,1
MSC5-Dura_GTCGTTCCAGGAGACT,1
MSC5-Dura_GTCGTTCTCCATGAGT,1
MSC5-Dura_GTGATGTGTATCGTTG,1
MSC5-Dura_GTGGTTATCCCTTGGT,1
MSC5-Dura_GTGTAACGTAATGATG,1
MSC5-Dura_GTGTTAGCATTGGGAG,1
MSC5-Dura_GTTACCCGTTGCCTAA,1
MSC5-Dura_GTTGCGGTCTAAGAAG,1
MSC5-Dura_TAACGACCATCTGGGC,1
MSC5-Dura_TAACTTCCAGCTACTA,1
MSC5-Dura_TAAGCCACACACCAGC,1
MSC5-Dura_TAATTCCAGCATTGTC,1
MSC5-Dura_TACCGAAAGTCAAGCG,1
MSC5-Dura_TACGCTCGTCCGGCAT,3
MSC5-Dura_TACGGTAAGGATTTGA,1
MSC5-Dura_TCAAGTGAGCTGGTGA,1
MSC5-Dura_TCACGGGGTCAACCTA,1
MSC5-Dura_TCACTATAGTAGGATT,2
MSC5-Dura_TCATGTTAGGACATCG,1
MSC5-Dura_TCATGTTGTGTACGCC,1
MSC5-Dura_TCCAGAATCAGTGTCA,2
MSC5-Dura_TCCGAAACAGCCCAGT,1
MSC5-Dura_TCCTCCCAGACTAAGT,1
MSC5-Dura_TCCTCTTAGGTACAGC,1
MSC5-Dura_TCGGGACCAGTTCCAA,1
MSC5-Dura_TCGGTCTAGCAACAAT,1
MSC5-Dura_TCGTGCTAGAGGATCC,1
MSC5-Dura_TCTAACTCAATTGCGT,1
MSC5-Dura_TCTCACGCAAGTGCAG,1
MSC5-Dura_TCTTGCGAGGTCATTC,1
MSC5-Dura_TCTTGCGCACTAGGCC,1
MSC5-Dura_TCTTTGACAGATACTC,1
MSC5-Dura_TGAATGCTCATTGCGA,1
MSC5-Dura_TGACTCCCACAATGCT,1
MSC5-Dura_TGAGGGACAAGAATGT,1
MSC5-Dura_TGAGTCAGTCGCAGTC,1
MSC5-Dura_TGATTTCTCATTGCCC,1
MSC5-Dura_TGCATCCCACTGCACG,1
MSC5-Dura_TGCGGGTCAGATACTC,1
MSC5-Dura_TGCTGAATCCCAGTGG,1
MSC5-Dura_TGCTTCGGTCTTCATT,1
MSC5-Dura_TGGATGTAGTTTCGGT,1
MSC5-Dura_TGGGAGAAGCAACTTC,1
MSC5-Dura_TGTAACGCACAAGTGG,1
MSC5-Dura_TGTCCACTCCATCCGT,1
MSC5-Dura_TGTTACTCAGCGTGAA,1
MSC5-Dura_TGTTCCGAGGACTTCT,1
MSC5-Dura_TTCACGCGTCAAGGCA,1
MSC5-Dura_TTCCACGTCGGCTGTG,1
MSC5-Dura_TTCCGGTGTGTTGATC,1
MSC5-Dura_TTGACCCGTGACAACG,1
MSC5-Dura_TTTCAGTCACTTCTCG,1
MSC5-Dura_TTTCCTCGTTAGAGTA,1
MSC5-Dura_TTTGGTTTCGATTGAC,1
MSC6_AAACCCACAATCAGCT,3
MSC6_AAACCCATCATGCCAA,4
MSC6_AAACGAACAATGGCCC,4
MSC6_AAACGAACAGCTACCG,4
MSC6_AAACGAATCTCGTGAA,4
MSC6_AAACGCTAGCGTGAAC,4
MSC6_AAAGAACAGACCATAA,4
MSC6_AAAGAACGTAGCTTAC,2
MSC6_AAAGGATAGACATGCG,4
MSC6_AAAGGATAGCCGAATG,4
MSC6_AAAGGATAGGACAACC,4
MSC6_AAAGGATAGGGCCCTT,3
MSC6_AAAGGATAGTCTTCGA,4
MSC6_AAAGGATCAGAGACTG,3
MSC6_AAAGGGCCAGAAATCA,4
MSC6_AAAGGGCGTGCCGAAA,4
MSC6_AAAGGGCGTTACGGAG,3
MSC6_AAAGGGCGTTGCGGAA,4
MSC6_AAAGGTAAGCTATCCA,2
MSC6_AAAGGTATCCACACCT,4
MSC6_AAAGGTATCTTGGTGA,4
MSC6_AAAGTCCAGCGCCGTT,4
MSC6_AAAGTCCCATGTGCTA,3
MSC6_AAAGTCCTCGTAGTCA,4
MSC6_AAAGTGAAGTCCCTAA,4
MSC6_AAAGTGACACAGTCCG,4
MSC6_AAATGGAGTTGCGTAT,5
MSC6_AACAAAGAGGTTCTTG,4
MSC6_AACAAAGCAATGGCAG,5
MSC6_AACAACCAGGCATCGA,4
MSC6_AACAACCAGGTGTGAC,4
MSC6_AACAACCCAAGTGACG,4
MSC6_AACAACCCAGCGATTT,4
MSC6_AACAACCGTGTATCCA,4
MSC6_AACAACCGTTGTGGAG,4
MSC6_AACAACCTCAACGCTA,4
MSC6_AACAACCTCGTAACTG,3
MSC6_AACACACAGATTGATG,4
MSC6_AACACACAGGAACTAT,5
MSC6_AACACACAGGGAGGAC,4
MSC6_AACACACCAACACTAC,4
MSC6_AACACACCACTCCCTA,4
MSC6_AACACACGTGCATACT,4
MSC6_AACACACTCGTCAAAC,4
MSC6_AACACACTCTTAGTTC,4
MSC6_AACAGGGGTTCTTGCC,4
MSC6_AACCAACAGAGGTTTA,4
MSC6_AACCAACGTCCTCCTA,4
MSC6_AACCACAAGAGTCGAC,4
MSC6_AACCACAAGCAAGCCA,4
MSC6_AACCACACAATATCCG,4
MSC6_AACCATGAGCACCAGA,4
MSC6_AACCATGCATAGTCGT,4
MSC6_AACCATGGTATTCCTT,4
MSC6_AACCATGTCTCTAAGG,3
MSC6_AACCTGATCGGCTGTG,4
MSC6_AACCTTTAGGTAGCAC,4
MSC6_AACGAAAAGATAGGGA,4
MSC6_AACGAAAGTGCAAGAC,4
MSC6_AACGGGAAGAAACTGT,4
MSC6_AACGGGACACGTAGAG,4
MSC6_AACGGGAGTGACTATC,3
MSC6_AACGTCAAGAATTCAG,5
MSC6_AACGTCACAGTGCCTG,4
MSC6_AACGTCAGTCAGACTT,2
MSC6_AACGTCAGTCTACAGT,4
MSC6_AACGTCATCGGTTAGT,5
MSC6_AACTTCTAGCCTAACT,3
MSC6_AACTTCTCAGGTGACA,4
MSC6_AACTTCTGTGAGCGAT,4
MSC6_AACTTCTTCGATACAC,2
MSC6_AAGAACAAGAAGTGTT,2
MSC6_AAGACAAAGTATGCAA,4
MSC6_AAGACAACAGTCAGAG,4
MSC6_AAGACAACATGTGGTT,4
MSC6_AAGACAATCACTTATC,4
MSC6_AAGACTCAGAACCCGA,4
MSC6_AAGACTCAGTCGGGAT,4
MSC6_AAGACTCGTGCTATTG,2
MSC6_AAGATAGCATGATGCT,2
MSC6_AAGATAGCATGTAACC,4
MSC6_AAGCATCGTTGCATCA,4
MSC6_AAGCCATTCATGCCAA,4
MSC6_AAGCGAGCACTATCGA,4
MSC6_AAGCGAGGTGTATCCA,4
MSC6_AAGCGAGTCATCTACT,3
MSC6_AAGCGTTAGACTCATC,4
MSC6_AAGCGTTAGGCCTGCT,4
MSC6_AAGCGTTGTCCCAAAT,4
MSC6_AAGCGTTTCCGTGTGG,4
MSC6_AAGCGTTTCGACACCG,4
MSC6_AAGGAATAGAGTCGAC,4
MSC6_AAGGAATTCAAACCTG,4
MSC6_AAGGTAAAGGGCGAGA,4
MSC6_AAGGTAAGTTCGAACT,2
MSC6_AAGGTAAGTTTACTGG,4
MSC6_AAGTCGTAGTAAACGT,4
MSC6_AAGTCGTCAACCGCTG,4
MSC6_AAGTCGTTCGGCCAAC,4
MSC6_AAGTGAAAGTACGAGC,4
MSC6_AAGTGAAGTACTCAAC,4
MSC6_AAGTTCGAGACGGTCA,4
MSC6_AAGTTCGAGCCATTGT,4
MSC6_AAGTTCGAGGGATCAC,3
MSC6_AAGTTCGGTAACACCT,4
MSC6_AAGTTCGTCCGGTTCT,2
MSC6_AAGTTCGTCGCTAGCG,4
MSC6_AATAGAGCAAGGAGTC,2
MSC6_AATAGAGCAAGTGGTG,5
MSC6_AATAGAGGTCGCTGCA,4
MSC6_AATAGAGTCCCTCTAG,4
MSC6_AATCACGCACTACACA,4
MSC6_AATCACGGTGAGGATC,4
MSC6_AATCACGTCAACTACG,4
MSC6_AATCACGTCACTAGCA,4
MSC6_AATCGACCACAGAAGC,4
MSC6_AATCGACCATTGCTTT,4
MSC6_AATCGACGTGTGAATA,4
MSC6_AATCGACTCCTCGATC,5
MSC6_AATCGTGAGGTAACTA,4
MSC6_AATCGTGAGGTCCAGA,4
MSC6_AATCGTGGTGCCTGCA,4
MSC6_AATGAAGTCAAGTTGC,4
MSC6_AATGAAGTCTTGGCTC,4
MSC6_AATGACCGTGGTTTGT,4
MSC6_AATGCCAAGGTTCAGG,4
MSC6_AATGCCACAACACAGG,4
MSC6_AATGGAAAGGCGAAGG,4
MSC6_AATGGAACAGACCATT,4
MSC6_AATGGAAGTACAGAAT,4
MSC6_AATGGAAGTAGTTAGA,4
MSC6_AATGGAAGTGTCTAAC,4
MSC6_AATGGAAGTTGCCAAT,4
MSC6_AATGGCTAGAGTGGCT,4
MSC6_AATGGCTAGCTTAAGA,4
MSC6_AATGGCTAGGGTACGT,4
MSC6_AATGGCTCAGCGTACC,5
MSC6_AATGGCTCAGGGCTTC,4
MSC6_AATGGCTGTACAACGG,5
MSC6_AATGGCTGTAGGGTAC,4
MSC6_AATTCCTGTAAGATAC,4
MSC6_AATTCCTGTCTTTCTA,5
MSC6_AATTCCTTCAACTCTT,4
MSC6_AATTCCTTCGCAAGAG,5
MSC6_AATTTCCAGAAACTGT,2
MSC6_AATTTCCTCAGGAACG,4
MSC6_ACAAAGACAGTCAACT,4
MSC6_ACAAAGATCGTAGGAG,4
MSC6_ACAAAGATCTCTGCCA,3
MSC6_ACAACCAAGCAGCAGT,4
MSC6_ACAACCAGTAGTGGCA,4
MSC6_ACAACCATCCCTCTTT,4
MSC6_ACAAGCTTCAATCGGT,4
MSC6_ACACAGTAGATGCTTC,4
MSC6_ACACAGTAGCACACAG,5
MSC6_ACACAGTAGCGGTAGT,3
MSC6_ACACAGTCAAATCGGG,4
MSC6_ACACAGTCAATTCTTC,4
MSC6_ACACAGTCAGCTGAAG,4
MSC6_ACACGCGAGGATTCAA,4
MSC6_ACACTGAAGCAGAAAG,4
MSC6_ACACTGAAGTTTCAGC,4
MSC6_ACACTGACAAGATCCT,3
MSC6_ACACTGATCTGTCCCA,4
MSC6_ACAGAAATCTTGGAAC,4
MSC6_ACAGCCGAGAAACCCG,2
MSC6_ACAGGGAAGTCATGCT,4
MSC6_ACAGGGACATGGCCAC,4
MSC6_ACAGGGAGTATCAGCT,4
MSC6_ACAGGGAGTCGGCACT,3
MSC6_ACAGGGATCACTGAAC,5
MSC6_ACATCCCAGTGTTCAC,4
MSC6_ACATCCCTCCTCACCA,2
MSC6_ACATCCCTCTCAACGA,3
MSC6_ACATCGACAAGTATAG,4
MSC6_ACATCGAGTTCAACGT,4
MSC6_ACATCGATCTATTCGT,3
MSC6_ACATGCACAGTGACCC,4
MSC6_ACATTTCAGGGTTAAT,4
MSC6_ACATTTCCAATTGGTC,4
MSC6_ACATTTCCATACTTTC,3
MSC6_ACATTTCGTATACGGG,4
MSC6_ACCAAACTCAAACTGC,4
MSC6_ACCAACAAGCGGTATG,4
MSC6_ACCAACATCACTCACC,4
MSC6_ACCAACATCCCAGGCA,4
MSC6_ACCACAACAAAGAGTT,2
MSC6_ACCACAATCATAGAGA,5
MSC6_ACCATTTAGCAGGCAT,4
MSC6_ACCATTTCAGACATCT,4
MSC6_ACCCAAAAGCGGTATG,3
MSC6_ACCCAAAGTCGGCTAC,2
MSC6_ACCCAAATCCATTCAT,4
MSC6_ACCCTCAAGAGTGGCT,4
MSC6_ACCCTCACATTGTCGA,4
MSC6_ACCCTTGAGGCCGCTT,4
MSC6_ACCCTTGCATGACGTT,3
MSC6_ACCGTTCAGCACCCAC,4
MSC6_ACCGTTCAGTGCAGCA,4
MSC6_ACCTACCCACCTTCCA,3
MSC6_ACCTACCTCATCAGTG,5
MSC6_ACCTGTCGTATGGAAT,4
MSC6_ACCTGTCTCGACGAGA,4
MSC6_ACCTGTCTCGGTAAGG,2
MSC6_ACGATGTAGGATACGC,4
MSC6_ACGATGTGTGATAGAT,4
MSC6_ACGCACGAGAAGTATC,4
MSC6_ACGCACGTCCAACTGA,4
MSC6_ACGGAAGCACTCCTGT,4
MSC6_ACGGGTCAGGTCGTGA,5
MSC6_ACGGGTCCAAGGCGTA,4
MSC6_ACGGGTCCACCTGCAG,3
MSC6_ACGGGTCGTAACATCC,4
MSC6_ACGGGTCGTGAGTAAT,4
MSC6_ACGGTCGTCACCCATC,5
MSC6_ACGGTTAGTGTGATGG,4
MSC6_ACGGTTAGTTTCAGAC,4
MSC6_ACGTAACCATGAGTAA,4
MSC6_ACGTAACGTTCTAACG,2
MSC6_ACGTACACAACATACC,4
MSC6_ACGTACACAGTTAGGG,4
MSC6_ACGTACAGTACCTGTA,2
MSC6_ACGTACAGTAGAGACC,4
MSC6_ACGTACAGTGACACGA,4
MSC6_ACGTCCTAGACTCTAC,4
MSC6_ACGTCCTCAGACGGAT,5
MSC6_ACGTCCTGTGCCTATA,4
MSC6_ACGTCCTGTGTGTACT,4
MSC6_ACGTTCCGTTGTGGCC,4
MSC6_ACTACGAGTTTCGTTT,2
MSC6_ACTACGATCGACATCA,4
MSC6_ACTATCTTCCGTCACT,4
MSC6_ACTATTCAGCGAAACC,4
MSC6_ACTATTCAGCTAGCCC,4
MSC6_ACTATTCCAGATTAAG,3
MSC6_ACTCCCAAGTGGCAGT,4
MSC6_ACTCCCACAGCTTTGA,3
MSC6_ACTCCCAGTATCGTAC,4
MSC6_ACTCCCATCGCTGCGA,4
MSC6_ACTCTCGAGGGTACGT,4
MSC6_ACTCTCGAGGTGCTGA,4
MSC6_ACTCTCGAGTCCCAAT,3
MSC6_ACTCTCGGTCTGATAC,4
MSC6_ACTCTCGTCAAGAGGC,4
MSC6_ACTGATGAGGGCAACT,4
MSC6_ACTGATGGTATCGCAT,4
MSC6_ACTGCAAAGACTAGAT,2
MSC6_ACTGTCCAGGCCCGTT,5
MSC6_ACTGTCCCAAAGCACG,2
MSC6_ACTGTCCCAGCCCACA,2
MSC6_ACTGTCCCAGCGGTTC,4
MSC6_ACTGTCCGTGGTACAG,4
MSC6_ACTGTGATCCCATGGG,4
MSC6_ACTGTGATCCTTCTTC,4
MSC6_ACTGTGATCGGCTTCT,5
MSC6_ACTGTGATCGTCGACG,4
MSC6_ACTGTGATCTACGCGG,2
MSC6_ACTTAGGAGTTCCGTA,3
MSC6_ACTTAGGAGTTGAATG,4
MSC6_ACTTAGGGTGCATCTA,4
MSC6_ACTTAGGTCGCCCAGA,3
MSC6_ACTTATCAGGCGCTTC,4
MSC6_ACTTATCCACGTTCGG,4
MSC6_ACTTATCTCTGGTGCG,4
MSC6_ACTTATCTCTTGGTCC,4
MSC6_ACTTCGCAGCGTGTCC,4
MSC6_ACTTCGCCAAAGCAAT,4
MSC6_ACTTCGCGTACAGTCT,4
MSC6_ACTTCGCGTGCTGCAC,4
MSC6_ACTTCGCGTTCTAAGC,2
MSC6_ACTTCGCTCAGGTGTT,3
MSC6_ACTTCGCTCTGGTCAA,5
MSC6_ACTTTCAAGCGTATAA,5
MSC6_ACTTTCAAGTTTAGGA,4
MSC6_ACTTTGTAGAGATTCA,4
MSC6_ACTTTGTCACTAGTAC,4
MSC6_ACTTTGTCAGAGCCCT,4
MSC6_ACTTTGTTCCGATCTC,4
MSC6_ACTTTGTTCGAGCACC,4
MSC6_AGAACAATCTGTCGTC,2
MSC6_AGAACCTAGGAATCGC,4
MSC6_AGAACCTGTATACAGA,4
MSC6_AGAACCTTCACATCAG,4
MSC6_AGAAGCGAGAAATTCG,5
MSC6_AGAAGCGAGTGTACCT,4
MSC6_AGAAGCGTCATTCCTA,4
MSC6_AGAAGTACAGCGCTTG,5
MSC6_AGAAGTACATGGTACT,4
MSC6_AGAAGTAGTTGTAAAG,4
MSC6_AGAAGTAGTTTCGCTC,4
MSC6_AGAAGTATCAGTAGGG,4
MSC6_AGACAAAAGCAACCAG,4
MSC6_AGACAAACAAGTGGAC,5
MSC6_AGACAAAGTTGAGTCT,4
MSC6_AGACAGGAGACGACTG,4
MSC6_AGACCATAGATGGCGT,4
MSC6_AGACCATAGTCAAGCG,4
MSC6_AGACCATGTACGCTTA,4
MSC6_AGACCATGTGATACCT,4
MSC6_AGACCATTCCGTTGAA,4
MSC6_AGACCCGGTAATGCTC,4
MSC6_AGACCCGGTCCCTCAT,4
MSC6_AGACCCGTCGATTCCC,4
MSC6_AGACTCACATCATTTC,4
MSC6_AGACTCAGTCTTGGTA,4
MSC6_AGACTCAGTGTCCGTG,4
MSC6_AGACTCAGTTGGTGTT,4
MSC6_AGACTCATCATTCGGA,4
MSC6_AGAGAATAGACGGATC,4
MSC6_AGAGAATAGCATGAAT,4
MSC6_AGAGAATGTTTGTTGG,4
MSC6_AGAGAGCCACTAACGT,4
MSC6_AGAGAGCGTAGGGTAC,4
MSC6_AGAGAGCGTATGACAA,2
MSC6_AGAGAGCGTCCGGATC,4
MSC6_AGAGAGCTCTCTATAC,4
MSC6_AGAGCAGAGCGGATCA,3
MSC6_AGAGCAGCACTGGATT,3
MSC6_AGAGCAGTCTCGTCAC,3
MSC6_AGATAGAAGAATTCAG,4
MSC6_AGATAGAAGGACACTG,4
MSC6_AGATAGACAGGTATGG,4
MSC6_AGATAGAGTTCGATTG,3
MSC6_AGATAGATCTGTGCGG,4
MSC6_AGATCCAAGCTAGAGC,4
MSC6_AGATCCATCGAGTACT,4
MSC6_AGATCGTAGGCATCAG,4
MSC6_AGATCGTGTTGCGGAA,1
MSC6_AGATGAACATCCGGTG,2
MSC6_AGATGAATCTGTTCAT,2
MSC6_AGATGCTGTCTACATG,4
MSC6_AGATGCTTCATACGGT,4
MSC6_AGCATCAAGAGGTCGT,4
MSC6_AGCCAATAGATGCGAC,5
MSC6_AGCCACGCAACCGCTG,4
MSC6_AGCCACGCAGGGATAC,4
MSC6_AGCCACGTCAGACAAA,3
MSC6_AGCCAGCTCACTCTTA,3
MSC6_AGCCAGCTCGCTCATC,4
MSC6_AGCGATTGTGCAACAG,4
MSC6_AGCGCCACATACGCAT,4
MSC6_AGCGCCAGTAGAGGAA,4
MSC6_AGCGCTGAGCGTATAA,4
MSC6_AGCGCTGCATCGTCCT,4
MSC6_AGCGCTGGTGGCGTAA,4
MSC6_AGCGTCGCATCTCGTC,3
MSC6_AGCGTCGGTTCTTCAT,4
MSC6_AGCTACACATCTAGAC,4
MSC6_AGCTACAGTCGATTCA,4
MSC6_AGCTACAGTTGGGTAG,4
MSC6_AGCTACATCTCGGCTT,4
MSC6_AGCTCAAAGGTTCTTG,4
MSC6_AGCTCAAAGTGGAAAG,2
MSC6_AGCTCAATCATATGGC,2
MSC6_AGCTCAATCGAACCAT,5
MSC6_AGCTCAATCGGTCGGT,4
MSC6_AGCTTCCTCGCACTCT,4
MSC6_AGGAAATAGAGTCTGG,2
MSC6_AGGAAATAGGGAGGAC,4
MSC6_AGGAAATCACTTCAGA,4
MSC6_AGGAATAAGACAGTCG,4
MSC6_AGGAATAGTGGTCTGC,2
MSC6_AGGAATATCCGATGCG,4
MSC6_AGGAATATCGACATAC,4
MSC6_AGGACGAAGCGCGTTC,4
MSC6_AGGACGACAGCACAAG,4
MSC6_AGGACGAGTGTGAGCA,4
MSC6_AGGACTTTCTATGCCC,4
MSC6_AGGAGGTGTCATCGGC,2
MSC6_AGGATAAAGATACCAA,4
MSC6_AGGATCTTCATTGCCC,4
MSC6_AGGATCTTCTGGCTGG,3
MSC6_AGGATCTTCTTCCACG,4
MSC6_AGGCATTGTACGGGAT,4
MSC6_AGGCATTTCGCTTGAA,5
MSC6_AGGCCACAGTAAAGCT,4
MSC6_AGGCTGCCAGCCTACG,2
MSC6_AGGGAGTCAACCCTCT,4
MSC6_AGGGCCTAGTCACTGT,4
MSC6_AGGGCCTCACTTCCTG,4
MSC6_AGGGCCTGTCACAGAG,4
MSC6_AGGGCTCCACGCCAGT,4
MSC6_AGGGCTCTCAGTGATC,2
MSC6_AGGGTCCAGCACCGTC,4
MSC6_AGGGTCCCAGGTTTAC,4
MSC6_AGGGTCCTCGCCAGAC,2
MSC6_AGGGTCCTCGGTATGT,4
MSC6_AGGGTGACACTTCATT,5
MSC6_AGGGTGAGTCGACTGC,5
MSC6_AGGGTTTAGGCTAAAT,2
MSC6_AGGGTTTCAGTTGGTT,4
MSC6_AGGGTTTGTAAGCTCT,2
MSC6_AGGGTTTGTGTAGTGG,3
MSC6_AGGTAGGGTGGCGTAA,4
MSC6_AGGTAGGGTTGCTAGT,4
MSC6_AGGTAGGGTTGGGAAC,4
MSC6_AGGTCATCAGCTATTG,4
MSC6_AGGTCATTCAGTGTGT,4
MSC6_AGGTCATTCGACACCG,4
MSC6_AGGTCTAAGTTCTACG,4
MSC6_AGGTCTAGTGAGTCAG,2
MSC6_AGGTCTATCCTGGCTT,5
MSC6_AGGTGTTCACACAGAG,5
MSC6_AGGTGTTCACGACAAG,4
MSC6_AGGTTACCACGGTGAA,4
MSC6_AGGTTACGTTGCATGT,4
MSC6_AGGTTGTCACGGCACT,4
MSC6_AGTAACCAGAGATGCC,2
MSC6_AGTAACCCAACGACAG,4
MSC6_AGTACCACATTCAGGT,4
MSC6_AGTACTGAGAAATGGG,4
MSC6_AGTACTGAGCTTCTAG,3
MSC6_AGTACTGAGGGACCAT,4
MSC6_AGTACTGCAAAGACGC,4
MSC6_AGTACTGCAATACCCA,2
MSC6_AGTACTGCAGAACTTC,3
MSC6_AGTACTGGTCCGGTGT,4
MSC6_AGTACTGGTTGTGGCC,5
MSC6_AGTAGCTAGGTCTTTG,3
MSC6_AGTAGCTGTATTCTCT,4
MSC6_AGTAGCTTCCATGCAA,4
MSC6_AGTAGCTTCTAACGGT,4
MSC6_AGTCAACAGCCTCACG,4
MSC6_AGTCAACCATTGCTTT,2
MSC6_AGTCAACTCAACACGT,4
MSC6_AGTCAACTCACTGGTA,4
MSC6_AGTCACACAGCAGATG,4
MSC6_AGTCACACATGCAGCC,4
MSC6_AGTCACATCTCAGTCC,4
MSC6_AGTCATGAGGTGATCG,3
MSC6_AGTCATGCAACTCGAT,4
MSC6_AGTCATGCACTTACAG,2
MSC6_AGTCATGGTTGACTGT,4
MSC6_AGTCATGTCAAGAAAC,4
MSC6_AGTCTCCCAACGGCTC,4
MSC6_AGTCTCCGTAATGCGG,4
MSC6_AGTCTCCGTCCACATA,2
MSC6_AGTGACTCAATCTCTT,2
MSC6_AGTGACTGTATGAGAT,4
MSC6_AGTGATCAGTATGTAG,4
MSC6_AGTGATCTCCCAAGTA,4
MSC6_AGTGATCTCTGCTCTG,2
MSC6_AGTGCCGAGCGGATCA,4
MSC6_AGTGCCGAGTAATTGG,4
MSC6_AGTGCCGTCCCGAACG,4
MSC6_AGTGTTGTCTTTGCTA,4
MSC6_AGTTAGCCATACACCA,4
MSC6_AGTTCGAGTTCGTAAC,5
MSC6_ATACCTTAGCTGAAAT,4
MSC6_ATACCTTCAGCATACT,4
MSC6_ATACCTTGTCCAAATC,4
MSC6_ATACTTCCATAATCGC,4
MSC6_ATACTTCGTGGCTGAA,3
MSC6_ATACTTCGTTCGGGTC,4
MSC6_ATACTTCTCAAATGCC,4
MSC6_ATACTTCTCGAACCAT,4
MSC6_ATAGACCAGCTGGCTC,4
MSC6_ATAGACCCACCCTTGT,4
MSC6_ATAGAGACAATTGCGT,5
MSC6_ATAGAGAGTCTTACAG,3
MSC6_ATAGAGATCTCTCGAC,4
MSC6_ATAGGCTAGTCTTCGA,4
MSC6_ATAGGCTCAACGCATT,4
MSC6_ATAGGCTGTACGGCAA,4
MSC6_ATAGGCTGTTAAGGGC,5
MSC6_ATAGGCTTCACACGAT,4
MSC6_ATATCCTAGCAAGGAA,4
MSC6_ATATCCTGTCCTCAGG,4
MSC6_ATATCCTGTGCATGTT,4
MSC6_ATATCCTTCAGCTCTC,4
MSC6_ATATCCTTCTGACCCT,4
MSC6_ATCACAGAGTGGCCTC,5
MSC6_ATCACAGGTATACGGG,4
MSC6_ATCACAGTCACCTTAT,4
MSC6_ATCACAGTCTTAGGAC,4
MSC6_ATCACGACACAGTCCG,4
MSC6_ATCACGACACCATTCC,4
MSC6_ATCACGAGTTGCCATA,4
MSC6_ATCACGATCTCGGCTT,4
MSC6_ATCACTTCAAATGGCG,4
MSC6_ATCACTTCACGACAGA,5
MSC6_ATCACTTGTGACTGTT,4
MSC6_ATCAGGTTCAAGATAG,4
MSC6_ATCATTCCACGTCGTG,4
MSC6_ATCATTCTCCTAGAGT,4
MSC6_ATCCACCAGAACCCGA,4
MSC6_ATCCACCGTGCTGCAC,4
MSC6_ATCCACCTCATTTCCA,4
MSC6_ATCCACCTCCAATGCA,2
MSC6_ATCCACCTCCATAAGC,4
MSC6_ATCCATTAGGTAATCA,4
MSC6_ATCCATTGTGTCATCA,4
MSC6_ATCCCTGGTCCTACAA,3
MSC6_ATCCCTGGTGACTCGC,4
MSC6_ATCCGTCAGCTTGTTG,2
MSC6_ATCCGTCCACCGTGGT,4
MSC6_ATCCGTCGTCAGGAGT,4
MSC6_ATCCTATGTTTCGACA,2
MSC6_ATCGATGAGAATCGCG,4
MSC6_ATCGATGAGATGCCGA,3
MSC6_ATCGATGCACTGGATT,4
MSC6_ATCGATGCAGTCAGCC,3
MSC6_ATCGATGCATAAGCGG,3
MSC6_ATCGATGTCTCTCCGA,2
MSC6_ATCGCCTAGCAAATGT,4
MSC6_ATCGGATGTAGGATAT,4
MSC6_ATCGGATTCATGAGAA,2
MSC6_ATCGGATTCCAAAGGG,3
MSC6_ATCGGCGAGCCACAAG,4
MSC6_ATCGGCGCACGACGAA,4
MSC6_ATCGGCGGTACCAGAG,4
MSC6_ATCGGCGGTATTCCTT,2
MSC6_ATCGGCGTCAGTGATC,4
MSC6_ATCGGCGTCTTGGGCG,5
MSC6_ATCGTAGAGATGGCAC,4
MSC6_ATCGTAGGTCTGCATA,4
MSC6_ATCGTAGGTTGGGATG,4
MSC6_ATCGTAGTCCATTTGT,4
MSC6_ATCGTCCCAAATGAGT,4
MSC6_ATCGTCCCAGCAGAAC,4
MSC6_ATCGTCCGTACGCGTC,2
MSC6_ATCGTCCTCATTTCGT,3
MSC6_ATCGTCCTCGTTCTAT,4
MSC6_ATCGTGACACGTAGTT,4
MSC6_ATCGTGATCGATGGAG,4
MSC6_ATCTCTAAGGTAGACC,4
MSC6_ATGAAAGAGTCGGCCT,5
MSC6_ATGAAAGGTCTATGAC,3
MSC6_ATGAAAGGTTCTCAGA,2
MSC6_ATGAAAGTCGCCGATG,4
MSC6_ATGAAAGTCGTCTACC,4
MSC6_ATGACCACAGATTCGT,4
MSC6_ATGACCAGTAGTTAGA,4
MSC6_ATGACCAGTCTGTTAG,2
MSC6_ATGACCATCGAGGCAA,4
MSC6_ATGAGGGAGTTAACGA,4
MSC6_ATGAGGGGTCAGGTAG,4
MSC6_ATGAGGGGTCGGCACT,4
MSC6_ATGAGGGGTGCTCCGA,4
MSC6_ATGAGGGTCCTTACCG,4
MSC6_ATGAGTCAGCCACCGT,5
MSC6_ATGAGTCAGGACACTG,4
MSC6_ATGAGTCCACCAGGTC,3
MSC6_ATGAGTCTCATTACCT,4
MSC6_ATGATCGCATACTGTG,4
MSC6_ATGATCGGTACACTCA,2
MSC6_ATGATCGGTACGAAAT,4
MSC6_ATGATCGGTTTCGTGA,4
MSC6_ATGCATGAGAGTTGAT,2
MSC6_ATGCATGCACTCCGAG,4
MSC6_ATGCATGCATCTCATT,4
MSC6_ATGCATGGTTTCTTAC,4
MSC6_ATGCCTCTCCACAAGT,4
MSC6_ATGCGATCAATACCCA,4
MSC6_ATGCGATGTCTTTATC,4
MSC6_ATGCGATTCGCCACTT,4
MSC6_ATGCGATTCGGCTTGG,4
MSC6_ATGGAGGAGATTGATG,4
MSC6_ATGGAGGAGCTTACGT,4
MSC6_ATGGAGGTCCGAAGGA,4
MSC6_ATGGATCCAGGCGTTC,4
MSC6_ATGGATCGTAGCTTTG,4
MSC6_ATGGATCTCTCTCTAA,4
MSC6_ATGGGAGGTAGATGTA,4
MSC6_ATGGGAGTCCCGAAAT,2
MSC6_ATGGGAGTCGTTAGTG,4
MSC6_ATGGGTTAGTATAGAC,4
MSC6_ATGGTTGAGGCCTAAG,4
MSC6_ATGGTTGTCTAGGAAA,4
MSC6_ATGGTTGTCTGGAGAG,4
MSC6_ATGTCCCAGGGAGGGT,4
MSC6_ATGTCCCCATATGGCT,4
MSC6_ATGTCCCGTGACACAG,3
MSC6_ATGTCTTGTGCATACT,4
MSC6_ATGTCTTGTTTCGTAG,5
MSC6_ATTACCTCAAGGTCTT,4
MSC6_ATTACTCCACCGTACG,4
MSC6_ATTACTCCACCTCTAC,4
MSC6_ATTCACTGTGGCTTGC,4
MSC6_ATTCAGGAGGGTCTTT,4
MSC6_ATTCAGGCAAGCTGCC,4
MSC6_ATTCAGGCAGCAGAAC,3
MSC6_ATTCAGGTCACGGAGA,4
MSC6_ATTCATCGTCGAGATG,4
MSC6_ATTCATCTCCCGTGAG,5
MSC6_ATTCCATAGGATCATA,3
MSC6_ATTCCATCATCTCGTC,4
MSC6_ATTCCATTCAGGGATG,4
MSC6_ATTCCCGAGCTGGTGA,4
MSC6_ATTCCCGCATCACCAA,4
MSC6_ATTCCCGGTGCCTTCT,5
MSC6_ATTCCCGGTTCGTGCG,3
MSC6_ATTCCCGTCGGAGATG,5
MSC6_ATTCCTAAGTAACGTA,2
MSC6_ATTCCTATCGAAGAAT,2
MSC6_ATTCGTTAGCAGGCAT,4
MSC6_ATTCGTTAGCGTCAGA,5
MSC6_ATTCTACTCTATCCAT,4
MSC6_ATTCTTGGTTCCTACC,4
MSC6_ATTCTTGTCTGATTCT,4
MSC6_ATTGGGTAGTATCTGC,4
MSC6_ATTGTTCAGCCACCGT,4
MSC6_ATTGTTCGTTACGGAG,2
MSC6_ATTGTTCTCAACCTCC,4
MSC6_ATTTCACAGTGATGGC,4
MSC6_ATTTCACCAGCAATTC,4
MSC6_ATTTCACGTACGCTTA,4
MSC6_ATTTCTGAGTAAGGGA,2
MSC6_ATTTCTGGTGATAGAT,4
MSC6_ATTTCTGGTGGTATGG,4
MSC6_CAAAGAATCGGTTAGT,4
MSC6_CAACAACAGAAAGTCT,4
MSC6_CAACAACAGTAGTCTC,4
MSC6_CAACAACGTGGCTTGC,4
MSC6_CAACAGTCATTGAAAG,4
MSC6_CAACAGTGTTATAGAG,4
MSC6_CAACAGTTCCTTGAAG,4
MSC6_CAACCAAAGTTTGGCT,4
MSC6_CAACCAACAGGTGACA,4
MSC6_CAACCAAGTACTCCCT,4
MSC6_CAACCTCAGCTAGTTC,4
MSC6_CAACCTCGTCTGTGGC,3
MSC6_CAACGATAGGACAGTC,4
MSC6_CAACGATGTCAAGGCA,4
MSC6_CAACGGCAGGAGGCAG,4
MSC6_CAACGGCCAGATCACT,4
MSC6_CAACGGCCATGTCAGT,4
MSC6_CAAGACTCAACAGCCC,4
MSC6_CAAGACTGTACCTTCC,4
MSC6_CAAGACTGTACGGCAA,4
MSC6_CAAGACTGTCATACCA,4
MSC6_CAAGACTGTCCAACGC,5
MSC6_CAAGACTTCGTCACCT,5
MSC6_CAAGAGGAGAAGCTGC,5
MSC6_CAAGAGGTCAAGCTGT,4
MSC6_CAAGCTACAATCGTCA,4
MSC6_CAAGCTACAATTGCCA,4
MSC6_CAAGCTAGTTCTCTCG,4
MSC6_CAAGGGAAGTATGAAC,4
MSC6_CAAGGGAAGTCACGAG,4
MSC6_CAAGGGACATGGACAG,4
MSC6_CAAGGGATCCGATTAG,4
MSC6_CAATACGAGCAGTAAT,5
MSC6_CAATACGAGGTTCTTG,4
MSC6_CAATACGGTGGAAATT,4
MSC6_CAATACGTCAAGCCCG,4
MSC6_CAATACGTCATAGCAC,4
MSC6_CAATACGTCTGGACCG,4
MSC6_CAATCGAAGTTTCTTC,4
MSC6_CAATCGACAACCGGAA,4
MSC6_CAATCGAGTGTCTCCT,4
MSC6_CAATTTCAGGTGCTGA,4
MSC6_CAATTTCTCACTGGTA,4
MSC6_CACAACAAGCGTGCTC,2
MSC6_CACAACACACACTGGC,4
MSC6_CACAACACATAGGCGA,2
MSC6_CACACAATCAACCGAT,4
MSC6_CACAGATAGACATCCT,4
MSC6_CACAGATCAAACGGCA,4
MSC6_CACAGATCATGGTGGA,4
MSC6_CACATGACACACCTAA,4
MSC6_CACATGAGTCTGGTTA,4
MSC6_CACCAAAAGCGACATG,4
MSC6_CACCAAACACATGAAA,4
MSC6_CACCGTTAGGTAGTAT,2
MSC6_CACCGTTCATCGTCCT,4
MSC6_CACCGTTCATTGGCAT,4
MSC6_CACGAATAGCCGGAAT,2
MSC6_CACGAATGTCGAATGG,4
MSC6_CACGGGTTCGCAATTG,4
MSC6_CACGGGTTCTGGGCGT,3
MSC6_CACTAAGAGCAGTAAT,5
MSC6_CACTAAGCAAGTTTGC,2
MSC6_CACTGAACATCCTATT,2
MSC6_CACTGGGCATCTCATT,4
MSC6_CACTGGGGTAATCAAG,4
MSC6_CACTGGGTCACTACGA,4
MSC6_CACTGGGTCAGAGTTC,2
MSC6_CACTTCGAGGCGCTCT,4
MSC6_CACTTCGAGGTCCCTG,4
MSC6_CACTTCGCACTGGATT,3
MSC6_CACTTCGGTTTGTTGG,4
MSC6_CACTTCGTCTACTTCA,4
MSC6_CAGAGCCCATGGAACG,5
MSC6_CAGATACAGCGGACAT,2
MSC6_CAGATACGTCGTCAGC,4
MSC6_CAGATCAAGGAGTACC,5
MSC6_CAGATCACAGAGATTA,4
MSC6_CAGATCATCCATTTGT,5
MSC6_CAGATCATCTCGAACA,4
MSC6_CAGATTGAGGGCAGAG,5
MSC6_CAGATTGAGGTGCTGA,4
MSC6_CAGATTGGTATCAGGG,4
MSC6_CAGATTGGTCATCACA,3
MSC6_CAGATTGTCAAGCTTG,4
MSC6_CAGCAATAGTATGGAT,4
MSC6_CAGCAATCAGAATGTA,4
MSC6_CAGCACGGTATCCTCC,4
MSC6_CAGCACGGTTTGGCTA,4
MSC6_CAGCACGTCAGTGGGA,4
MSC6_CAGCACGTCTCCTGTG,5
MSC6_CAGCAGCAGAGCAGAA,5
MSC6_CAGCAGCGTCTACATG,4
MSC6_CAGCCAGAGACGCTCC,4
MSC6_CAGCCAGGTGCTTCAA,4
MSC6_CAGCGTGAGCACCAGA,4
MSC6_CAGCGTGAGTCATCGT,3
MSC6_CAGCGTGTCAGACCCG,4
MSC6_CAGCGTGTCTTGGTCC,4
MSC6_CAGGCCACATTCTCCG,4
MSC6_CAGGCCAGTCCGGATC,4
MSC6_CAGGGCTAGAAGCGCT,5
MSC6_CAGGGCTGTACTCAAC,4
MSC6_CAGGTATAGAATTGCA,4
MSC6_CAGGTATTCGGTGTAT,4
MSC6_CAGTGCGAGTAACAGT,4
MSC6_CAGTGCGCAGGAAGTC,5
MSC6_CAGTGCGCAGGCGTTC,4
MSC6_CAGTGCGTCAAGCCAT,4
MSC6_CAGTGCGTCAGCAGAG,4
MSC6_CAGTGCGTCTTTCCAA,4
MSC6_CAGTTAGCAACAAGAT,2
MSC6_CAGTTAGGTCTGTGCG,4
MSC6_CAGTTAGGTGACTCTA,4
MSC6_CATAAGCGTTCGTTCC,2
MSC6_CATACAGAGTCATAGA,3
MSC6_CATACAGAGTTAACGA,5
MSC6_CATACAGGTACCGTCG,4
MSC6_CATACAGTCCTTATAC,3
MSC6_CATACCCAGCGAAACC,4
MSC6_CATACCCTCACGTCCT,4
MSC6_CATAGACTCACACCGG,4
MSC6_CATAGACTCTTCCACG,4
MSC6_CATCAAGAGAAGGTAG,4
MSC6_CATCAAGTCGAAGTGG,4
MSC6_CATCAAGTCGCCTTGT,4
MSC6_CATCCACCACCCTGAG,5
MSC6_CATCCACTCTGCGTCT,4
MSC6_CATCCCAAGGTATTGA,3
MSC6_CATCCGTAGTTAACGA,4
MSC6_CATCCGTCACGGTGAA,4
MSC6_CATCCGTCAGGTAGTG,4
MSC6_CATCCGTCAGGTGAGT,4
MSC6_CATCCGTGTCAGATTC,4
MSC6_CATCCGTGTCCTCATC,4
MSC6_CATCGGGAGGTAAAGG,4
MSC6_CATCGGGTCTTTGCTA,4
MSC6_CATGAGTGTAAGCTCT,4
MSC6_CATGCAAAGGTCATCT,5
MSC6_CATGCAACAATCGAAA,4
MSC6_CATGCAACAATTGCCA,4
MSC6_CATGCAACATGACAAA,4
MSC6_CATGCCTAGAGCCGAT,4
MSC6_CATGCCTCAGTCGCAC,4
MSC6_CATGCCTCATACTTTC,4
MSC6_CATGCCTGTATTGCCA,4
MSC6_CATGCCTGTGAATAAC,4
MSC6_CATGCCTGTTTGGAAA,4
MSC6_CATGCGGAGCTACGTT,3
MSC6_CATGCGGGTCTCCTGT,4
MSC6_CATGCTCAGTAAGGGA,4
MSC6_CATGCTCCATGCCGAC,2
MSC6_CATGGATAGTTACGGG,4
MSC6_CATGGATGTTATCTGG,4
MSC6_CATGGATTCCGCAGTG,2
MSC6_CATGGTATCAACACCA,4
MSC6_CATTCATCACATGAAA,2
MSC6_CATTCCGAGGATATGT,4
MSC6_CATTCCGGTACAGAAT,4
MSC6_CATTCCGGTAGTACGG,4
MSC6_CATTCCGTCACGAGGA,4
MSC6_CATTCCGTCTAGATCG,4
MSC6_CATTCTACATCCGTGG,2
MSC6_CATTGAGCAGACCCGT,4
MSC6_CATTGCCAGATGATTG,4
MSC6_CATTGCCCAAGGAGTC,4
MSC6_CATTGCCGTCGGCCTA,4
MSC6_CATTGTTTCGAACGCC,2
MSC6_CATTTCAAGCGATGAC,4
MSC6_CATTTCAAGTGATAGT,4
MSC6_CATTTCACAAACTAAG,4
MSC6_CCAAGCGCAATATCCG,4
MSC6_CCAAGCGTCCACACCT,4
MSC6_CCAATGAAGGTCACTT,2
MSC6_CCAATTTAGCACCGTC,2
MSC6_CCAATTTGTAGCCAGA,4
MSC6_CCAATTTGTGGATCGA,4
MSC6_CCAATTTTCATGGTAC,4
MSC6_CCAATTTTCTATCCAT,4
MSC6_CCAATTTTCTTCGTAT,4
MSC6_CCACAAATCCCTCGTA,4
MSC6_CCACACTAGTTTCTTC,5
MSC6_CCACACTCATGCAGGA,4
MSC6_CCACACTGTACTCGAT,4
MSC6_CCACCATCATAAGCGG,4
MSC6_CCACGAGCATGTTCAG,4
MSC6_CCACGAGTCCCGTGTT,4
MSC6_CCACGAGTCTGCATAG,4
MSC6_CCACGAGTCTGGACCG,3
MSC6_CCACGTTAGACATCCT,4
MSC6_CCACGTTAGTAGTCCT,4
MSC6_CCACGTTTCATTTCCA,3
MSC6_CCACTTGAGGGTAATT,5
MSC6_CCACTTGGTTGTACGT,4
MSC6_CCATCACAGAGGCTGT,2
MSC6_CCATCACCAACGGCTC,3
MSC6_CCATCACCAGAGAATT,4
MSC6_CCATCACCAGCGATTT,5
MSC6_CCATCACGTTCTCCCA,4
MSC6_CCCAACTGTCAAAGAT,4
MSC6_CCCAACTTCAGTCACA,4
MSC6_CCCAACTTCCGTCACT,4
MSC6_CCCATTGGTAACCAGG,2
MSC6_CCCATTGGTTGTATGC,4
MSC6_CCCGAAGAGTGCACTT,4
MSC6_CCCGAAGTCTATGTGG,4
MSC6_CCCGGAACACCATTCC,4
MSC6_CCCGGAAGTGGAGGTT,3
MSC6_CCCGGAATCTCTAAGG,4
MSC6_CCCTAACAGTTCTCTT,4
MSC6_CCCTAACGTGTATACC,4
MSC6_CCCTAACTCTGCCTGT,4
MSC6_CCCTCAAAGGCCTTGC,4
MSC6_CCCTCAAGTTGAGGAC,4
MSC6_CCCTCTCAGGCTCCCA,4
MSC6_CCCTCTCGTACCGGAA,4
MSC6_CCCTCTCGTCTCCCTA,4
MSC6_CCCTCTCGTGTCTTCC,3
MSC6_CCCTGATGTTGTCTAG,4
MSC6_CCCTTAGCATGCCGAC,5
MSC6_CCCTTAGGTGCTTATG,4
MSC6_CCGAACGCAGAGTCAG,5
MSC6_CCGAACGCATAATGAG,3
MSC6_CCGAACGCATCGGTTA,4
MSC6_CCGAACGGTATCATGC,5
MSC6_CCGATCTGTGGTCTAT,4
MSC6_CCGATGGCACGACGTC,2
MSC6_CCGATGGCATACAGCT,4
MSC6_CCGCAAGAGTGGCAGT,5
MSC6_CCGCAAGGTGCATACT,4
MSC6_CCGCAAGTCATTGCTT,4
MSC6_CCGGACAAGGTAGTCG,4
MSC6_CCGGGTACAAGTATAG,2
MSC6_CCGGGTAGTCGTTGCG,4
MSC6_CCGGGTATCGTGCACG,4
MSC6_CCGGTAGAGAGAGCCT,5
MSC6_CCGGTAGAGCAATTAG,5
MSC6_CCGGTAGAGCCTTTGA,4
MSC6_CCGGTAGCATCGTGCG,4
MSC6_CCGGTAGGTTGCACGC,4
MSC6_CCGGTGAAGATCCAAA,4
MSC6_CCGGTGAAGCGAATGC,4
MSC6_CCGGTGAGTGTTGATC,4
MSC6_CCGGTGAGTTATGACC,2
MSC6_CCGTAGGAGCAACTCT,4
MSC6_CCGTAGGCATAGACTC,2
MSC6_CCGTGAGCACACCGCA,4
MSC6_CCGTGAGCACCTTCGT,5
MSC6_CCGTGAGCATCCTTCG,2
MSC6_CCGTGAGTCACGATAC,4
MSC6_CCGTTCATCTCACCCA,4
MSC6_CCTAACCTCATCTGTT,4
MSC6_CCTAACCTCATGCCAA,4
MSC6_CCTAAGACAGCGAACA,4
MSC6_CCTAAGAGTATCGTAC,4
MSC6_CCTACGTAGACATGCG,3
MSC6_CCTACGTAGGATGGCT,5
MSC6_CCTACGTTCTCGACCT,2
MSC6_CCTATCGAGGTTCACT,4
MSC6_CCTATCGCAGTCAGAG,4
MSC6_CCTATCGTCACACCGG,4
MSC6_CCTCAACAGGGCAATC,4
MSC6_CCTCAACAGTTAACAG,4
MSC6_CCTCAACCAGAATGTA,4
MSC6_CCTCAACGTCGTCATA,4
MSC6_CCTCACAAGTGGATAT,4
MSC6_CCTCACACATTGGATC,4
MSC6_CCTCACAGTCCAGAAG,4
MSC6_CCTCAGTGTTTGGAAA,4
MSC6_CCTCAGTTCATTGCCC,4
MSC6_CCTCAGTTCCCGAAAT,4
MSC6_CCTCATGCAACGGTAG,4
MSC6_CCTCATGGTTTGTTGG,4
MSC6_CCTCATGTCATTATCC,4
MSC6_CCTCCAACACGATTCA,4
MSC6_CCTCCAACAGAGAATT,4
MSC6_CCTCCAAGTTCGGACC,4
MSC6_CCTCCAATCGAGAATA,4
MSC6_CCTCCAATCGCGTCGA,2
MSC6_CCTCCTCAGTGAGTTA,2
MSC6_CCTCTAGAGATGCCGA,4
MSC6_CCTCTAGCAGCGACCT,4
MSC6_CCTCTAGCAGTTAGGG,4
MSC6_CCTCTAGGTCCCGTGA,4
MSC6_CCTCTAGTCCACCTGT,4
MSC6_CCTCTCCAGATCCGAG,4
MSC6_CCTCTCCCACAAATGA,3
MSC6_CCTCTCCGTGGTATGG,4
MSC6_CCTGCATAGAGTGGCT,4
MSC6_CCTGCATAGGAGAGTA,2
MSC6_CCTGCATCAGCGTGCT,4
MSC6_CCTGTTGAGTACAGAT,4
MSC6_CCTGTTGAGTTGAAGT,4
MSC6_CCTGTTGGTTAGGAGC,4
MSC6_CCTGTTGTCACCATCC,4
MSC6_CCTTCAGAGCTGGTGA,2
MSC6_CCTTCAGCACGAAAGC,4
MSC6_CCTTCAGGTACGATTC,4
MSC6_CCTTCAGTCTCCCATG,4
MSC6_CCTTGTGAGTGCGTCC,4
MSC6_CCTTGTGGTAGCTCGC,4
MSC6_CCTTGTGGTGGAGGTT,4
MSC6_CCTTGTGTCCTACGAA,4
MSC6_CCTTTGGGTCCGGTCA,4
MSC6_CCTTTGGTCCAACACA,4
MSC6_CGAAGGACAACGGGTA,4
MSC6_CGAAGGACAATTGTGC,4
MSC6_CGAAGGACATAGGAGC,4
MSC6_CGAAGGACATCGATCA,4
MSC6_CGAAGGAGTACAAGCG,4
MSC6_CGAAGGAGTGATTCAC,4
MSC6_CGAAGGAGTGGTTTAC,4
MSC6_CGAAGGAGTGTTAGCT,4
MSC6_CGAAGGATCAAGTCTG,4
MSC6_CGAAGGATCGGAGCAA,4
MSC6_CGAAGGATCGTCGATA,2
MSC6_CGAAGTTAGGCGTTAG,4
MSC6_CGAAGTTTCCTCACGT,4
MSC6_CGAATTGAGCCTTCTC,4
MSC6_CGAATTGAGTCTAGCT,4
MSC6_CGAATTGGTCGGCTAC,4
MSC6_CGAATTGGTGGTCTGC,4
MSC6_CGACAGCCAGTGGCTC,4
MSC6_CGAGAAGGTACTCCGG,4
MSC6_CGAGAAGTCTCTGCCA,3
MSC6_CGAGGCTCACGAAGAC,4
MSC6_CGAGTGCAGAAACTAC,4
MSC6_CGAGTGCAGTGATTCC,4
MSC6_CGAGTGCCATTCTTCA,4
MSC6_CGAGTGCTCAGCTCTC,4
MSC6_CGAGTTAAGATGGGCT,4
MSC6_CGAGTTAAGTTACTCG,4
MSC6_CGAGTTATCACATCAG,4
MSC6_CGATCGGGTAGAATAC,4
MSC6_CGATCGGGTTCGCGTG,4
MSC6_CGATGCGCAACAAGAT,4
MSC6_CGATGCGTCGGTCACG,4
MSC6_CGATGGCCATTCTTCA,4
MSC6_CGCAGGTAGGTTGACG,2
MSC6_CGCAGGTTCGGACAAG,4
MSC6_CGCATAAAGAGTCGAC,4
MSC6_CGCATAACACAGCTTA,4
MSC6_CGCATAAGTTACACAC,4
MSC6_CGCATAAGTTACCCAA,4
MSC6_CGCATGGAGCGCCTAC,4
MSC6_CGCATGGAGGCAATGC,4
MSC6_CGCATGGCAGCTCCTT,4
MSC6_CGCATGGTCGGTTCAA,4
MSC6_CGCCAGAAGCTCTATG,4
MSC6_CGCCAGAGTATGACAA,4
MSC6_CGCCATTGTCATCGGC,4
MSC6_CGCCATTTCACTTGGA,4
MSC6_CGCCATTTCAGCTCTC,4
MSC6_CGGAACCGTAACTAAG,4
MSC6_CGGAACCTCGATTTCT,3
MSC6_CGGAATTGTGTTGATC,3
MSC6_CGGACACCAATGTCAC,4
MSC6_CGGACACTCATTTCCA,4
MSC6_CGGACACTCTACCACC,5
MSC6_CGGCAGTCACAGAGCA,5
MSC6_CGGCAGTCAGAACTCT,4
MSC6_CGGCAGTGTTGAGTCT,5
MSC6_CGGGACTCACATGAAA,4
MSC6_CGGGACTTCTGCGATA,4
MSC6_CGGGCATAGGAACGTC,4
MSC6_CGGGCATGTCCTTTGC,4
MSC6_CGGGCATGTTCACCGG,4
MSC6_CGGGTCAAGGAATTAC,4
MSC6_CGGGTCACACCATATG,4
MSC6_CGGGTCATCAGCACCG,4
MSC6_CGGGTGTAGAATACAC,4
MSC6_CGGGTGTTCGACCACG,4
MSC6_CGGTCAGAGTCACGAG,4
MSC6_CGGTCAGCACTACCGG,4
MSC6_CGGTCAGCATCTATCT,4
MSC6_CGGTCAGGTACTGTTG,4
MSC6_CGGTCAGGTCAGGTGA,4
MSC6_CGGTCAGTCTTTCTAG,2
MSC6_CGTAAGTCAACTCGTA,4
MSC6_CGTAAGTCAGACTCTA,4
MSC6_CGTAAGTCAGGTACGA,4
MSC6_CGTAATGGTCCCAAAT,4
MSC6_CGTAATGGTGTATTCG,4
MSC6_CGTAGTAAGAGTCCGA,5
MSC6_CGTAGTAAGGTTGACG,4
MSC6_CGTAGTATCACTGGTA,4
MSC6_CGTCCATTCTGGTGGC,3
MSC6_CGTGAATAGAGTTGTA,5
MSC6_CGTGAATAGTGGAATT,2
MSC6_CGTGAATCACTAGAGG,4
MSC6_CGTGAATCAGCGACCT,4
MSC6_CGTGATAAGAGTCGAC,4
MSC6_CGTGATAAGTCTGCAT,4
MSC6_CGTGATAGTAAGTTAG,4
MSC6_CGTGATAGTCACAATC,5
MSC6_CGTGCTTAGATTGACA,4
MSC6_CGTGCTTAGTATTAGG,3
MSC6_CGTGCTTCATCCTATT,4
MSC6_CGTGCTTCATGCACTA,4
MSC6_CGTGCTTGTCGATTCA,4
MSC6_CGTGCTTTCCGAAATC,2
MSC6_CGTGTCTAGTGGAATT,4
MSC6_CGTGTCTTCGCTAAAC,3
MSC6_CGTTAGAAGAAGAGCA,4
MSC6_CGTTAGAGTGCTTATG,4
MSC6_CGTTCTGAGGTTCTTG,4
MSC6_CGTTCTGGTTGGACCC,4
MSC6_CGTTCTGTCTAGAGCT,4
MSC6_CGTTCTGTCTCAACGA,2
MSC6_CGTTGGGCACGTGTGC,2
MSC6_CGTTGGGGTTGAGAGC,4
MSC6_CTAACCCCAGCTACTA,2
MSC6_CTAACCCTCTACCTTA,2
MSC6_CTAACTTTCTCGACGG,2
MSC6_CTAAGTGAGTGCACTT,2
MSC6_CTAAGTGTCGCTGACG,4
MSC6_CTACAGAAGACCTTTG,2
MSC6_CTACAGAAGACGCAGT,5
MSC6_CTACAGAGTCGTAATC,4
MSC6_CTACATTGTTGTCTAG,4
MSC6_CTACATTTCAGCTCTC,3
MSC6_CTACATTTCCGATCGG,2
MSC6_CTACATTTCTTGAACG,4
MSC6_CTACCCAGTACTGCGC,4
MSC6_CTACCTGCAGGTCAGA,3
MSC6_CTACCTGGTCCCTCAT,4
MSC6_CTACCTGGTCCGGTGT,4
MSC6_CTACGGGTCGCTGTTC,3
MSC6_CTACTATAGCAAGTCG,4
MSC6_CTACTATAGTCGCTAT,4
MSC6_CTACTATGTACCGTGC,4
MSC6_CTACTATTCTGAGTCA,2
MSC6_CTAGGTACAACGGCCT,2
MSC6_CTAGGTACACAAGGTG,4
MSC6_CTAGGTACATTCCTAT,4
MSC6_CTAGGTAGTGGACCTC,2
MSC6_CTAGGTATCCGATTAG,5
MSC6_CTAGGTATCGTCGGGT,4
MSC6_CTATAGGCACTGAGTT,4
MSC6_CTATAGGCATCATTTC,2
MSC6_CTATAGGGTATCACCA,5
MSC6_CTATCCGAGTTCAACC,4
MSC6_CTATCCGCATGGTACT,4
MSC6_CTATCCGGTGAGCTCC,2
MSC6_CTATCCGTCGTAACCA,4
MSC6_CTATCCGTCTCTGCTG,2
MSC6_CTATCTAAGCCGGATA,4
MSC6_CTATCTAAGTTCACTG,4
MSC6_CTATCTACATGTACGT,4
MSC6_CTATCTAGTTCACGAT,4
MSC6_CTATCTAGTTCTCCTG,4
MSC6_CTATCTATCGTGCGAC,4
MSC6_CTCAACCAGTCACTAC,4
MSC6_CTCAACCAGTGCAACG,4
MSC6_CTCAACCGTTCTAAGC,4
MSC6_CTCAAGAGTTTACCAG,2
MSC6_CTCAATTGTGAGGATC,4
MSC6_CTCACTGAGAGAGTTT,5
MSC6_CTCACTGAGTCTGGTT,3
MSC6_CTCAGAAAGAAAGTCT,4
MSC6_CTCAGAAAGCCAGACA,4
MSC6_CTCAGAATCTCCGAAA,4
MSC6_CTCAGGGAGGAAGTCC,4
MSC6_CTCAGGGTCCATAGGT,5
MSC6_CTCAGTCAGCTAGTTC,4
MSC6_CTCAGTCCAGCAAGAC,2
MSC6_CTCAGTCCATAGATGA,5
MSC6_CTCAGTCCATTGTGCA,5
MSC6_CTCAGTCGTGCTTCAA,5
MSC6_CTCAGTCTCCCTCGAT,3
MSC6_CTCATCGGTAATGATG,4
MSC6_CTCATCGGTTGATGTC,4
MSC6_CTCATGCAGGCCCACT,4
MSC6_CTCATGCCAAGGCCTC,3
MSC6_CTCATGCTCATGCAGT,4
MSC6_CTCATTACAAACGGCA,4
MSC6_CTCCAACCACGATTCA,4
MSC6_CTCCAACCAGCACGAA,4
MSC6_CTCCAACCAGCGGATA,4
MSC6_CTCCACATCCATATGG,4
MSC6_CTCCACATCTCGGCTT,5
MSC6_CTCCATGAGGGTGGGA,5
MSC6_CTCCATGAGGTAACTA,4
MSC6_CTCCATGAGTTCACTG,2
MSC6_CTCCATGCACGCGTGT,2
MSC6_CTCCCAACAAGAGATT,4
MSC6_CTCCCAACAGGACTTT,4
MSC6_CTCCCAAGTGCTCGTG,4
MSC6_CTCCCAAGTGGACCAA,4
MSC6_CTCCTCCCACTAACCA,4
MSC6_CTCCTCCCAGACCTAT,4
MSC6_CTCCTCCCAGACTCTA,4
MSC6_CTCCTTTCACGACAAG,4
MSC6_CTCCTTTTCTGGTTGA,1
MSC6_CTCCTTTTCTTCCTAA,4
MSC6_CTCGAGGAGTAGCATA,4
MSC6_CTCGAGGCAGGCACAA,4
MSC6_CTCGAGGTCGCATTGA,4
MSC6_CTCTCAGAGTGAACAT,2
MSC6_CTCTCAGGTAGCTGAG,4
MSC6_CTCTCAGTCTACACTT,4
MSC6_CTCTCGAAGATGTTGA,3
MSC6_CTCTCGACATATCTCT,4
MSC6_CTCTCGAGTATGGAGC,4
MSC6_CTCTCGAGTCGTATGT,4
MSC6_CTCTGGTCAGTTAGAA,4
MSC6_CTCTGGTGTTACAGCT,4
MSC6_CTGAATGCACAGAGAC,4
MSC6_CTGAGCGCAAATTGGA,4
MSC6_CTGAGCGCAGAGTCAG,4
MSC6_CTGAGCGCAGTAACAA,4
MSC6_CTGAGCGCATCAGTGT,4
MSC6_CTGAGGCAGTTGTAGA,4
MSC6_CTGAGGCTCTTGCAAG,4
MSC6_CTGATCCAGCCACAAG,4
MSC6_CTGATCCAGTGCCTCG,5
MSC6_CTGATCCGTCGGTGTC,4
MSC6_CTGATCCGTTCAGCGC,2
MSC6_CTGATCCTCTCGAGTA,4
MSC6_CTGCAGGTCCGCTAGG,4
MSC6_CTGCATCAGCGTGCCT,4
MSC6_CTGCATCGTCTTTCAT,4
MSC6_CTGCATCTCACCCTTG,4
MSC6_CTGCATCTCGAGTGAG,4
MSC6_CTGCCATGTAATGCGG,4
MSC6_CTGCCATGTCACAGAG,4
MSC6_CTGCCTAAGAAAGCGA,4
MSC6_CTGCCTACACGACAAG,4
MSC6_CTGCCTAGTACGACTT,4
MSC6_CTGCCTAGTTTACGTG,4
MSC6_CTGCCTATCCGACGGT,4
MSC6_CTGCGAGAGAGGTTTA,4
MSC6_CTGCGAGAGTGCACAG,4
MSC6_CTGCGAGGTATTCTCT,4
MSC6_CTGCGAGGTCATTGCA,4
MSC6_CTGCGAGTCGCATAGT,4
MSC6_CTGCTCACATGTGTCA,4
MSC6_CTGCTCAGTACGACTT,4
MSC6_CTGGACGAGGTCCGAA,4
MSC6_CTGGCAGTCAAGCCGC,4
MSC6_CTGGCAGTCACCTTGC,4
MSC6_CTGGCAGTCATTTGGG,4
MSC6_CTGGCAGTCGAACCTA,5
MSC6_CTGGTCTTCGCGTGCA,4
MSC6_CTGGTCTTCTGGAGAG,3
MSC6_CTGGTCTTCTGTGCGG,4
MSC6_CTGTACCTCGTAGGAG,4
MSC6_CTGTAGAAGGTTCCAT,4
MSC6_CTGTAGATCATTACTC,4
MSC6_CTGTATTAGACGGTTG,4
MSC6_CTGTATTAGCGCGTTC,4
MSC6_CTGTATTCAAGACGGT,3
MSC6_CTGTGAATCCGCTTAC,4
MSC6_CTGTGGGGTACATACC,3
MSC6_CTTACCGAGATTGACA,4
MSC6_CTTACCGAGGCCTTCG,4
MSC6_CTTACCGTCCTCAGAA,4
MSC6_CTTACCGTCTACCCAC,5
MSC6_CTTAGGAGTCATAGTC,4
MSC6_CTTAGGATCATGAGAA,5
MSC6_CTTAGGATCTAGTCAG,5
MSC6_CTTCAATTCACTCTTA,4
MSC6_CTTCAATTCTACGCGG,2
MSC6_CTTCAATTCTGCATGA,4
MSC6_CTTCCGAAGGAACTCG,4
MSC6_CTTCCGACAAAGCGTG,4
MSC6_CTTCCGACACAGAGCA,4
MSC6_CTTCCGATCACGGTCG,4
MSC6_CTTCCTTCATAGCACT,4
MSC6_CTTCCTTGTCGCACGT,4
MSC6_CTTCCTTGTTCAAAGA,4
MSC6_CTTCCTTTCCTACACC,4
MSC6_CTTCGGTCACCTTCCA,4
MSC6_CTTCGGTGTTTCGACA,4
MSC6_CTTCGGTTCCGCATAA,2
MSC6_CTTCGGTTCGCGTGAC,4
MSC6_CTTCTAAAGTGAGGTC,4
MSC6_CTTCTAACATCCGTGG,4
MSC6_CTTCTAAGTCCTGGGT,5
MSC6_CTTCTCTCAGGTCAAG,4
MSC6_CTTCTCTGTTGCCATA,2
MSC6_CTTGAGAAGAGTCACG,4
MSC6_CTTGAGAAGTTCTACG,2
MSC6_CTTGAGAGTGCCCTTT,4
MSC6_CTTGAGAGTTGGCCTG,3
MSC6_CTTGAGATCACTGATG,4
MSC6_CTTGAGATCTCCGCAT,2
MSC6_CTTGATTAGCTAGAGC,4
MSC6_CTTGATTTCTACCACC,4
MSC6_CTTTCAATCTGGAGAG,5
MSC6_CTTTCGGAGCCTGAAG,4
MSC6_CTTTCGGAGGTCCTGC,4
MSC6_CTTTCGGGTAACGCGA,5
MSC6_CTTTCGGTCACGGTCG,4
MSC6_CTTTCGGTCGGCATTA,4
MSC6_GAAACCTCACTGTTCC,4
MSC6_GAAACCTGTTGTCCCT,4
MSC6_GAAATGACAGTCGTTA,4
MSC6_GAACACTAGAGCTGAC,4
MSC6_GAACACTAGCGTTGTT,4
MSC6_GAACACTCAGCGACCT,4
MSC6_GAACGTTCAAGTATCC,4
MSC6_GAACGTTCAGAACATA,4
MSC6_GAACGTTGTCCAAATC,4
MSC6_GAACGTTGTTGAGTCT,4
MSC6_GAACTGTAGCGCCGTT,4
MSC6_GAACTGTAGTTGTCGT,4
MSC6_GAACTGTCATCGTGCG,4
MSC6_GAAGAATAGCCTGCCA,4
MSC6_GAAGAATGTTGTACGT,4
MSC6_GAAGAATTCACTCACC,4
MSC6_GAAGAATTCGAGAGCA,4
MSC6_GAAGCCCAGCTACGTT,4
MSC6_GAAGCCCCAATGGCCC,4
MSC6_GAAGCCCGTAGACACG,2
MSC6_GAAGCCCGTAGCTGTT,5
MSC6_GAAGCCCTCGAGAGAC,4
MSC6_GAAGCGAAGCACTGGA,4
MSC6_GAAGCGAGTACCTGTA,4
MSC6_GAAGCGAGTAGACGTG,4
MSC6_GAAGCGAGTCAGGAGT,2
MSC6_GAAGCGAGTTCTCGTC,5
MSC6_GAAGGACAGAAGCCTG,5
MSC6_GAAGGACCAAATCCCA,4
MSC6_GAAGGACCACGATAGG,5
MSC6_GAAGGACGTGGATACG,4
MSC6_GAAGGACTCGTTGCCT,4
MSC6_GAAGGGTCATTGACTG,4
MSC6_GAAGGGTGTGAAGCTG,4
MSC6_GAAGGGTGTGGCCTCA,4
MSC6_GAAGGGTGTGTCACAT,2
MSC6_GAAGGGTTCGGAAGGT,4
MSC6_GAAGGGTTCTTTGGAG,4
MSC6_GAATAGAAGGTAAAGG,4
MSC6_GAATCACAGCGATCGA,4
MSC6_GAATCGTAGAGCATAT,4
MSC6_GAATCGTAGCCTCGTG,4
MSC6_GAATCGTAGTACTCGT,3
MSC6_GACACGCCAGCTCTGG,2
MSC6_GACACGCGTACCCACG,4
MSC6_GACACGCGTCGGAAAC,2
MSC6_GACACGCGTTTCTTAC,4
MSC6_GACACGCTCGCGTAGC,4
MSC6_GACAGCCCAATCTCGA,4
MSC6_GACAGCCCACCAGCGT,4
MSC6_GACAGCCCACTACACA,5
MSC6_GACAGCCTCCCAAGCG,4
MSC6_GACAGCCTCCTATTTG,4
MSC6_GACAGCCTCGTCAGAT,4
MSC6_GACAGCCTCTGTCAGA,4
MSC6_GACATCAAGATTGACA,4
MSC6_GACATCACAATTGCCA,4
MSC6_GACATCATCGCAATTG,4
MSC6_GACATCATCTTACGTT,2
MSC6_GACCAATAGAAGTCAT,5
MSC6_GACCAATAGAAGTGTT,5
MSC6_GACCAATAGGAGTACC,5
MSC6_GACCAATGTGCGACAA,4
MSC6_GACCCAGAGCACTAGG,4
MSC6_GACCCAGCAGACAATA,4
MSC6_GACCCAGTCCATAAGC,4
MSC6_GACCCTTGTTGACGGA,3
MSC6_GACCCTTGTTTACGAC,4
MSC6_GACCCTTTCGTTACCC,2
MSC6_GACCGTGCAGAGTTCT,4
MSC6_GACCGTGCATGACAAA,4
MSC6_GACCTTCCAGCAGACA,4
MSC6_GACCTTCGTAAGAACT,4
MSC6_GACCTTCGTTGCTCCT,4
MSC6_GACGCTGAGTGCCAGA,2
MSC6_GACGTTAAGGATTCCT,2
MSC6_GACGTTACAAATAGCA,4
MSC6_GACGTTACAGCGTGAA,4
MSC6_GACGTTAGTCCCGCAA,4
MSC6_GACGTTAGTGGAACCA,5
MSC6_GACGTTATCTACGCGG,2
MSC6_GACTATGAGAGAGCAA,4
MSC6_GACTATGTCCCGGTAG,4
MSC6_GACTATGTCTCGGGAC,2
MSC6_GACTCAACATGGATCT,4
MSC6_GACTCAAGTCGCAACC,4
MSC6_GACTCTCGTTGGCCGT,4
MSC6_GACTCTCTCAGTCATG,4
MSC6_GACTCTCTCTATCGGA,2
MSC6_GACTGATCAGTTGGTT,3
MSC6_GACTTCCAGCTGTTCA,3
MSC6_GACTTCCTCACCATAG,2
MSC6_GAGAAATAGAGGCTGT,4
MSC6_GAGAAATAGGAACGAA,3
MSC6_GAGAAATTCAAGAGTA,4
MSC6_GAGAAATTCATACGGT,4
MSC6_GAGAAATTCCCGTTCA,4
MSC6_GAGACCCAGAACAGGA,3
MSC6_GAGACCCTCGACCACG,4
MSC6_GAGACTTCAGGATGAC,2
MSC6_GAGACTTCATGTGCTA,4
MSC6_GAGAGGTAGATGCTTC,4
MSC6_GAGAGGTAGCTAATGA,4
MSC6_GAGAGGTCACCTCTAC,3
MSC6_GAGAGGTCATGCACTA,4
MSC6_GAGATGGCATCAGCTA,4
MSC6_GAGATGGTCAAGAGTA,4
MSC6_GAGCCTGCATATGAAG,4
MSC6_GAGCCTGTCGGCACTG,4
MSC6_GAGCCTGTCGTTCGCT,4
MSC6_GAGCTGCAGCCGTCGT,5
MSC6_GAGCTGCAGCGTTAGG,3
MSC6_GAGCTGCCAAGATCCT,2
MSC6_GAGCTGCTCACGTCCT,4
MSC6_GAGCTGCTCAGTCACA,3
MSC6_GAGCTGCTCTTTGGAG,4
MSC6_GAGGCAAAGTGAGGTC,3
MSC6_GAGGCAAGTCTGCGCA,4
MSC6_GAGGCCTCAAGCGAGT,4
MSC6_GAGGCCTGTGTCATCA,4
MSC6_GAGGGATAGGTTGTTC,4
MSC6_GAGGGATGTGTGTGGA,4
MSC6_GAGGGTACAGGTACGA,4
MSC6_GAGGGTATCTCATTTG,4
MSC6_GAGTCATAGCAGCCCT,4
MSC6_GAGTCATAGCCTCTCT,5
MSC6_GAGTCATCACAGCCAC,4
MSC6_GAGTCATCACGACGAA,4
MSC6_GAGTCATTCTGCGAGC,5
MSC6_GAGTCTACAACACAAA,4
MSC6_GAGTCTACAACCCGCA,4
MSC6_GAGTCTAGTCAGTTTG,3
MSC6_GAGTCTAGTGGATCAG,4
MSC6_GAGTCTATCCCGAGAC,4
MSC6_GAGTCTATCTACGGTA,4
MSC6_GAGTCTATCTTTGGAG,4
MSC6_GAGTGTTCACTGCACG,4
MSC6_GAGTGTTCAGACTGCC,4
MSC6_GAGTTACGTAGTTACC,4
MSC6_GAGTTGTAGGACTGGT,4
MSC6_GAGTTGTGTACGACTT,4
MSC6_GAGTTGTGTGGAGAAA,4
MSC6_GAGTTGTGTGGGTCAA,4
MSC6_GAGTTGTTCCAAATGC,4
MSC6_GAGTTTGAGTAATACG,3
MSC6_GAGTTTGTCCATTGCC,4
MSC6_GATAGAACAAACACCT,2
MSC6_GATAGCTGTGACAGGT,4
MSC6_GATAGCTGTTGACTAC,4
MSC6_GATAGCTTCTCATTTG,3
MSC6_GATCACAGTCCACTTC,4
MSC6_GATCACAGTTACCTGA,4
MSC6_GATCATGAGGAGCAAA,5
MSC6_GATCATGCACGGTAGA,4
MSC6_GATCATGGTACAATAG,4
MSC6_GATCATGGTTCTAAGC,4
MSC6_GATCATGTCGTAGAGG,4
MSC6_GATCCCTAGTCGGGAT,4
MSC6_GATCCCTCACGGATCC,3
MSC6_GATCCCTCACTGTGAT,4
MSC6_GATCCCTTCGAGCCTG,4
MSC6_GATCGTAAGTGTTCCA,4
MSC6_GATGACTCACTAGGTT,4
MSC6_GATGACTGTAGCTGCC,4
MSC6_GATGACTGTTCCGTTC,4
MSC6_GATGACTTCAGTCTTT,4
MSC6_GATGAGGCACCATATG,2
MSC6_GATGAGGCATCCTTCG,4
MSC6_GATGAGGGTGTCCACG,4
MSC6_GATGAGGGTTCGGCTG,5
MSC6_GATGATCCAAATGGCG,5
MSC6_GATGATCCAAGAATGT,3
MSC6_GATGATCGTCACTCTC,4
MSC6_GATGATCTCCTCTTTC,4
MSC6_GATGCTAAGGGATCGT,4
MSC6_GATGCTACACAACCGC,5
MSC6_GATGCTAGTATCCTCC,4
MSC6_GATGCTATCTACTTCA,4
MSC6_GATGTTGAGTCTGGAG,4
MSC6_GATGTTGCAATCGTCA,4
MSC6_GATGTTGCATTGTAGC,2
MSC6_GATGTTGGTACTGCGC,4
MSC6_GATGTTGGTCCCTCAT,4
MSC6_GATTCTTGTCACTAGT,4
MSC6_GATTGGTCAGCAAGAC,4
MSC6_GATTTCTCACTACACA,4
MSC6_GATTTCTGTACTCGCG,4
MSC6_GCAACATGTCAGGCAA,4
MSC6_GCAACATTCTAAGCCA,4
MSC6_GCAACCGCACTGGATT,4
MSC6_GCAACCGCATGCCATA,4
MSC6_GCAACCGTCGCCAGAC,3
MSC6_GCACATAAGACAACTA,4
MSC6_GCACATAAGGTAAGAG,4
MSC6_GCACATACAAATCGTC,4
MSC6_GCACATACACTCCCTA,4
MSC6_GCACATAGTCAAATCC,4
MSC6_GCACATAGTGCCTAAT,4
MSC6_GCACATAGTGCTATTG,4
MSC6_GCACATATCTCCCAAC,4
MSC6_GCACGGTAGACATAAC,5
MSC6_GCACGGTTCTTAGCTT,4
MSC6_GCACGTGGTCCACATA,4
MSC6_GCACGTGTCACTTGGA,4
MSC6_GCACGTGTCAGAGTTC,4
MSC6_GCACGTGTCGATCCAA,4
MSC6_GCACTAACAAGGTCTT,4
MSC6_GCAGGCTAGTAACGAT,4
MSC6_GCAGGCTTCCACGGGT,4
MSC6_GCAGTTATCAACCTTT,4
MSC6_GCATCGGAGTCATGGG,4
MSC6_GCATCGGCACTATCCC,4
MSC6_GCATCGGCAGCAGTTT,4
MSC6_GCATCGGTCCAAAGGG,2
MSC6_GCATCTCAGTGTACCT,2
MSC6_GCATCTCTCTACGGGC,4
MSC6_GCATGATGTGGCATCC,4
MSC6_GCATGATGTTCCTTGC,4
MSC6_GCATGATTCAAGTAAG,4
MSC6_GCATTAGTCATGAGAA,4
MSC6_GCCAACGGTGATATAG,2
MSC6_GCCAACGGTGGTCTAT,4
MSC6_GCCAGCAAGATGATTG,3
MSC6_GCCAGCAAGTAGAGTT,3
MSC6_GCCAGCACAGCTTCCT,4
MSC6_GCCAGCAGTGAGCTCC,4
MSC6_GCCAGCATCCGGACTG,4
MSC6_GCCAGGTTCCACGAAT,4
MSC6_GCCAGGTTCTGGGCGT,4
MSC6_GCCAGTGAGATAGCTA,3
MSC6_GCCAGTGCAACGGTAG,5
MSC6_GCCAGTGCAGCTGAAG,4
MSC6_GCCAGTGTCTCCGATC,4
MSC6_GCCATGGAGGGAGTGG,4
MSC6_GCCATGGTCAAGGAGC,3
MSC6_GCCATGGTCTACCAGA,4
MSC6_GCCATTCCAAAGACTA,5
MSC6_GCCATTCCACGCTATA,1
MSC6_GCCATTCTCACTTCTA,4
MSC6_GCCATTCTCTCCGAGG,4
MSC6_GCCCAGAAGTACAGCG,4
MSC6_GCCCAGACAAACTCTG,2
MSC6_GCCCGAAAGTCCGCCA,4
MSC6_GCCCGAAAGTTGTAAG,4
MSC6_GCCCGAACAGTAGTTC,4
MSC6_GCCGTGAAGTATAACG,4
MSC6_GCCGTGACAGTCGAGA,4
MSC6_GCCGTGAGTCAGGAGT,4
MSC6_GCCGTGATCCGGGACT,4
MSC6_GCCTGTTAGGTAGACC,2
MSC6_GCGAGAAAGTTACGTC,4
MSC6_GCGAGAACAACCTATG,4
MSC6_GCGAGAACATCCAATG,4
MSC6_GCGAGAAGTACTCCCT,4
MSC6_GCGAGAAGTCAAAGTA,4
MSC6_GCGAGAAGTGGCAGAT,3
MSC6_GCGATCGCATGACGAG,4
MSC6_GCGATCGCATGTTTGG,4
MSC6_GCGATCGGTGAGATCG,4
MSC6_GCGATCGGTGCGAACA,4
MSC6_GCGATCGTCTAGATCG,4
MSC6_GCGGAAAGTCATCTAG,4
MSC6_GCGGATCCATTGGATC,3
MSC6_GCGGATCTCTTTGCTA,4
MSC6_GCGTGCACAGAGCCCT,4
MSC6_GCGTGCACAGGACTAG,4
MSC6_GCGTGCATCCATCTCG,2
MSC6_GCGTTTCAGCCAGAGT,4
MSC6_GCGTTTCCACTCCTGT,4
MSC6_GCGTTTCTCGCCAGTG,4
MSC6_GCTACAAAGCATCAGG,4
MSC6_GCTACAATCCTTCGAC,3
MSC6_GCTACCTAGCGCCCAT,4
MSC6_GCTACCTGTTGCCGAC,5
MSC6_GCTCAAAAGGCGACAT,4
MSC6_GCTGAATAGGTGCATG,4
MSC6_GCTGAATCACCGCTAG,4
MSC6_GCTGAATTCCTGTTGC,4
MSC6_GCTGAATTCGCACGGT,4
MSC6_GCTGCAGCAAATAAGC,4
MSC6_GCTGCAGTCAAAGACA,4
MSC6_GCTGGGTCAAGCGAGT,4
MSC6_GCTGGGTCAGCTGTGC,4
MSC6_GCTGGGTTCTCAACGA,4
MSC6_GCTTGGGGTAATGTGA,4
MSC6_GCTTTCGGTCCCTGTT,4
MSC6_GGAACCCAGATTCGCT,4
MSC6_GGAACCCGTAACATCC,4
MSC6_GGAACCCGTAGTCGGA,4
MSC6_GGAAGTGAGTACTCGT,3
MSC6_GGAATCTAGCGTTGTT,4
MSC6_GGAATCTCAACATCGT,4
MSC6_GGAATCTCACAAACGG,4
MSC6_GGAATCTCAGAGCTAG,4
MSC6_GGAATGGAGGCATCTT,3
MSC6_GGAATGGTCACTAGCA,4
MSC6_GGAGAACAGCCTTTCC,2
MSC6_GGAGAACGTACTGTTG,5
MSC6_GGAGAACGTATGGGAC,4
MSC6_GGAGATGAGGACTAAT,4
MSC6_GGAGATGAGTAACCGG,2
MSC6_GGAGATGAGTCGCCCA,4
MSC6_GGAGATGGTCACTTAG,4
MSC6_GGAGATGGTCTTCGAA,3
MSC6_GGAGCAAAGCATCTTG,4
MSC6_GGAGCAAAGCTAATCC,4
MSC6_GGAGCAAGTACTCGTA,4
MSC6_GGAGCAATCCATCAGA,4
MSC6_GGAGCAATCCTGCCAT,5
MSC6_GGAGGATAGACTTCGT,4
MSC6_GGAGGATGTCCCGGTA,4
MSC6_GGAGGATTCGTAGGGA,4
MSC6_GGAGGTAAGGGTAATT,4
MSC6_GGATCTACAAAGCTAA,3
MSC6_GGATCTAGTCACTCAA,3
MSC6_GGATCTAGTCGTATGT,4
MSC6_GGATGTTGTTTGGGAG,4
MSC6_GGATGTTTCTTACACT,4
MSC6_GGCACGTCACGGTGCT,4
MSC6_GGCACGTGTGCTCGTG,4
MSC6_GGCAGTCAGCAATTCC,4
MSC6_GGCAGTCCATATGAAG,4
MSC6_GGCAGTCGTCCAGTTA,2
MSC6_GGCAGTCGTTCGAGCC,4
MSC6_GGCAGTCTCATGAGGG,4
MSC6_GGCGTCACAGTCGAGA,4
MSC6_GGCGTCACATCTTCGC,4
MSC6_GGCTGTGCAGGCAATG,4
MSC6_GGCTGTGGTCCTCCAT,4
MSC6_GGCTGTGGTGAGTTGG,4
MSC6_GGCTTGGAGCGCATCC,4
MSC6_GGCTTGGTCACTGTCC,4
MSC6_GGCTTTCCAAGACCGA,4
MSC6_GGCTTTCCACGTCATA,4
MSC6_GGGAAGTCACTGGATT,4
MSC6_GGGACAAGTCCATAGT,3
MSC6_GGGACCTCACGACAGA,4
MSC6_GGGACCTCAGACATCT,4
MSC6_GGGACCTCAGCATACT,4
MSC6_GGGACCTGTTAGGAGC,4
MSC6_GGGACCTGTTCCCAAA,4
MSC6_GGGACCTTCCACACAA,5
MSC6_GGGACTCCAGCGTGAA,2
MSC6_GGGACTCGTGAATGTA,4
MSC6_GGGACTCTCACCCTGT,4
MSC6_GGGAGATCACAAGCAG,4
MSC6_GGGAGATCACCCTCTA,4
MSC6_GGGAGATCACTAGTAC,4
MSC6_GGGAGATGTATCAGGG,4
MSC6_GGGAGATGTGGTACAG,4
MSC6_GGGAGTACAACGATCT,4
MSC6_GGGAGTACATGAAGCG,5
MSC6_GGGAGTATCAGACCCG,4
MSC6_GGGATCCCACAAAGTA,4
MSC6_GGGATCCCAGTGTGCC,4
MSC6_GGGATCCGTATACGGG,4
MSC6_GGGATCCTCACCCTCA,2
MSC6_GGGCCATAGCACTCTA,4
MSC6_GGGCCATAGCCTGTCG,4
MSC6_GGGCGTTAGCCGAACA,5
MSC6_GGGCGTTAGCGTGTTT,4
MSC6_GGGCGTTCACCTGCGA,4
MSC6_GGGCGTTGTGAATATG,4
MSC6_GGGCGTTGTGATGTAA,4
MSC6_GGGCGTTGTGTACAGG,4
MSC6_GGGCTACAGGAGAGGC,4
MSC6_GGGCTACCAACCACGC,4
MSC6_GGGCTACTCTCATGGA,4
MSC6_GGGCTCACAACTTGGT,4
MSC6_GGGCTCACAGCGACAA,5
MSC6_GGGCTCACAGGCCCTA,4
MSC6_GGGCTCAGTAACATCC,4
MSC6_GGGCTCAGTCCAGCGT,4
MSC6_GGGTAGAAGAGTCAGC,4
MSC6_GGGTAGAAGGAGTACC,4
MSC6_GGGTAGACAAGGACAC,4
MSC6_GGGTAGACATATCTGG,4
MSC6_GGGTAGAGTGGTTCTA,3
MSC6_GGGTAGATCTGTTGGA,4
MSC6_GGGTATTGTCCGTACG,4
MSC6_GGGTATTTCGGTGAAG,4
MSC6_GGGTCACAGAGTCTTC,4
MSC6_GGGTCACAGCTAAACA,4
MSC6_GGGTCACAGGTACATA,4
MSC6_GGGTCACAGTTGAAGT,4
MSC6_GGGTCACCAGGTTTAC,4
MSC6_GGGTCACGTGCCTATA,4
MSC6_GGGTCACTCTTTGCAT,4
MSC6_GGGTCTGAGCTGGCTC,4
MSC6_GGGTCTGCACGACAAG,4
MSC6_GGGTCTGGTAACTGCT,4
MSC6_GGGTGTCAGCTCAGAG,4
MSC6_GGGTGTCTCTCTGCCA,4
MSC6_GGGTGTCTCTGAGTCA,4
MSC6_GGGTTATCAATTGGTC,4
MSC6_GGGTTATCATGCGTGC,4
MSC6_GGGTTATGTGCCGGTT,4
MSC6_GGGTTATTCACGTAGT,4
MSC6_GGGTTTAAGTCCTACA,4
MSC6_GGGTTTACAAGACGAC,5
MSC6_GGTAACTGTATGTGTC,4
MSC6_GGTAACTTCCACAGGC,4
MSC6_GGTAACTTCGAGAATA,4
MSC6_GGTAATCAGCACCAGA,4
MSC6_GGTAATCGTAGCTTGT,4
MSC6_GGTAGAGTCAATCCAG,4
MSC6_GGTCACGTCCGTCACT,4
MSC6_GGTCACGTCTGTGTGA,4
MSC6_GGTCTGGAGACGTCCC,4
MSC6_GGTCTGGCAAGGAGTC,4
MSC6_GGTCTGGCATCCTTCG,4
MSC6_GGTCTGGTCGATTTCT,4
MSC6_GGTGAAGGTGATACTC,3
MSC6_GGTGAAGTCAGAATAG,4
MSC6_GGTGATTAGGATACGC,4
MSC6_GGTGATTGTAGTTACC,5
MSC6_GGTGGCTGTTCGAGCC,4
MSC6_GGTGTCGGTTAAGAAC,4
MSC6_GGTGTCGTCCATCTGC,3
MSC6_GGTTAACAGACTAAGT,2
MSC6_GGTTAACAGCATACTC,4
MSC6_GGTTAACAGTTCCTGA,1
MSC6_GGTTAACCAGAACCGA,4
MSC6_GGTTCTCGTATGTGTC,4
MSC6_GGTTGTAAGTGGACTG,4
MSC6_GGTTGTACACAAGTGG,4
MSC6_GGTTGTATCAAGTCTG,4
MSC6_GTAACACAGCCTCCAG,2
MSC6_GTAACACCACCTCTGT,4
MSC6_GTAACACCATGCCGGT,5
MSC6_GTAACACTCCAAGAGG,2
MSC6_GTAACACTCGATTGAC,2
MSC6_GTAACACTCGTTCATT,5
MSC6_GTAACCAGTCAACGCC,4
MSC6_GTAACCAGTTCGAAGG,4
MSC6_GTAACCATCGAGAGAC,4
MSC6_GTAAGTCAGCACGATG,4
MSC6_GTAAGTCAGCCTAGGA,4
MSC6_GTAAGTCAGTGCAGCA,4
MSC6_GTAAGTCCATGGAATA,4
MSC6_GTAATCGAGTTAGTAG,4
MSC6_GTAATGCAGCGTGTTT,4
MSC6_GTACAACCAAACACGG,4
MSC6_GTACAACCAGGACTTT,4
MSC6_GTACAACGTGACCGAA,4
MSC6_GTACAACGTTCAAGGG,4
MSC6_GTACAACTCATCACAG,4
MSC6_GTACAACTCTCGCTTG,3
MSC6_GTACAACTCTGGTGCG,4
MSC6_GTACAACTCTTGGATG,4
MSC6_GTACAGTAGCACTTTG,4
MSC6_GTACAGTAGGTGCTGA,4
MSC6_GTACAGTCACATTCTT,2
MSC6_GTACAGTTCCAAACCA,4
MSC6_GTAGAAAAGGCATTTC,4
MSC6_GTAGAAAAGTCAGGGT,5
MSC6_GTAGAAAAGTTGTCAC,4
MSC6_GTAGAAAGTTCGGCTG,4
MSC6_GTAGATCAGGCCTGAA,4
MSC6_GTAGATCGTAGAATAC,4
MSC6_GTAGGTTCAAAGGGCT,4
MSC6_GTAGGTTCAAGTATCC,4
MSC6_GTAGGTTCACAGCATT,3
MSC6_GTAGGTTCACTGCACG,4
MSC6_GTAGGTTGTCAGACGA,4
MSC6_GTAGTACAGTACAACA,3
MSC6_GTAGTACCAATTTCGG,4
MSC6_GTAGTACTCCCACAGG,3
MSC6_GTAGTACTCCCGGTAG,4
MSC6_GTATTGGCAGAACTTC,4
MSC6_GTATTGGCATGACTTG,4
MSC6_GTATTGGTCTCTGACC,4
MSC6_GTATTTCAGCAGTAAT,4
MSC6_GTATTTCAGCCTCAGC,4
MSC6_GTATTTCTCGTGGGAA,4
MSC6_GTCAAACAGACCAAAT,4
MSC6_GTCAAGTGTGAGTGAC,4
MSC6_GTCACGGAGGGAGAAT,3
MSC6_GTCACGGGTCTACGTA,4
MSC6_GTCACGGGTGTTCAGT,4
MSC6_GTCACTCCACGCAAAG,4
MSC6_GTCACTCCAGGAGGAG,4
MSC6_GTCACTCGTAAGCAAT,5
MSC6_GTCAGCGGTAGCGCTC,4
MSC6_GTCAGCGGTCCACATA,4
MSC6_GTCAGCGTCTTACGTT,4
MSC6_GTCATGAGTAGAGCTG,4
MSC6_GTCATTTGTTATCTTC,4
MSC6_GTCATTTTCTTGGCTC,4
MSC6_GTCCACTCAGAATCGG,4
MSC6_GTCCACTGTGCACGCT,4
MSC6_GTCCCATAGGAGCAAA,4
MSC6_GTCCCATAGTACGAGC,4
MSC6_GTCCCATCAAGGATGC,4
MSC6_GTCCCATCACGGCCAT,4
MSC6_GTCCCATCAGTTGAAA,3
MSC6_GTCCCATGTAGGCAAC,4
MSC6_GTCCCATTCCGTATAG,4
MSC6_GTCCTCAAGCGTGTCC,4
MSC6_GTCCTCAAGTGCTCGC,4
MSC6_GTCCTCACAGTCCGTG,4
MSC6_GTCCTCATCGATACGT,4
MSC6_GTCGAATGTCACTCAA,4
MSC6_GTCGAATTCGGCTATA,3
MSC6_GTCGCGACACGAAGAC,4
MSC6_GTCGCGACACGGTGTC,4
MSC6_GTCGCGACAGAGTCTT,2
MSC6_GTCGTAAAGAGAGCCT,4
MSC6_GTCGTAAAGCTTCTAG,4
MSC6_GTCGTAAAGTTGTCGT,3
MSC6_GTCGTAAGTCAGACTT,4
MSC6_GTCGTTCAGCCTCCAG,2
MSC6_GTCTACCGTGCAATGG,4
MSC6_GTCTAGACATGACACT,4
MSC6_GTCTAGATCGATGCAT,4
MSC6_GTCTAGATCGGCTGAC,4
MSC6_GTCTAGATCTGGAGAG,4
MSC6_GTCTCACAGGTCCTGC,3
MSC6_GTCTCACCACGACCTG,2
MSC6_GTCTGTCCAATCTAGC,5
MSC6_GTCTGTCCAGGCACTC,2
MSC6_GTCTTTAAGAGTATAC,4
MSC6_GTGACGCCACCCTTGT,3
MSC6_GTGACGCGTTCTCAGA,4
MSC6_GTGACGCTCGAAACAA,4
MSC6_GTGAGCCGTCCATAGT,4
MSC6_GTGAGCCTCTTGGCTC,4
MSC6_GTGAGGAAGTCTACCA,4
MSC6_GTGAGGACACAGTATC,4
MSC6_GTGAGGACAGTGTGCC,4
MSC6_GTGAGGAGTAGCTGAG,4
MSC6_GTGAGGAGTCTTCGAA,4
MSC6_GTGAGGATCATACGGT,2
MSC6_GTGAGTTCATCGCCTT,2
MSC6_GTGAGTTGTCCTTTGC,4
MSC6_GTGAGTTGTTGTACGT,4
MSC6_GTGATGTCAGAATTCC,4
MSC6_GTGCACGCAAGTCATC,3
MSC6_GTGCACGCAGTCGAGA,5
MSC6_GTGCACGGTACTCGAT,4
MSC6_GTGCACGGTGCCGGTT,3
MSC6_GTGCACGTCAGAGTGG,4
MSC6_GTGCAGCGTCTTCGAA,4
MSC6_GTGCAGCGTTTGACAC,5
MSC6_GTGCAGCTCAAGAGGC,4
MSC6_GTGCAGCTCAATCAGC,2
MSC6_GTGCAGCTCCTGTAAG,3
MSC6_GTGCAGCTCGAAACAA,4
MSC6_GTGCAGCTCGACGCTG,5
MSC6_GTGCAGCTCGGTGAAG,5
MSC6_GTGCGTGCAGCGCTTG,4
MSC6_GTGCTGGAGCACTCAT,2
MSC6_GTGCTTCAGGTACAGC,5
MSC6_GTGCTTCAGTATAACG,4
MSC6_GTGCTTCCACTACTTT,4
MSC6_GTGGAAGAGAACTGAT,4
MSC6_GTGGAAGAGTACCGGA,4
MSC6_GTGGAAGTCTGCGAGC,4
MSC6_GTGGAGAGTTTGACAC,2
MSC6_GTGGAGATCATGTCTT,4
MSC6_GTGGAGATCGGTTCAA,2
MSC6_GTGGCGTCATAGCACT,4
MSC6_GTGGCGTTCTAGCCTC,4
MSC6_GTGGGAAAGTCAGCCC,4
MSC6_GTGGGAACAAGGCCTC,4
MSC6_GTGGGAAGTCACAGTT,5
MSC6_GTGGGAAGTTACGTAC,4
MSC6_GTGGGAATCCCAGCGA,4
MSC6_GTGGGAATCTAGGAAA,4
MSC6_GTGGTTAGTGCATTTG,4
MSC6_GTGTAACAGGTTAGTA,4
MSC6_GTGTAACGTGACGTCC,4
MSC6_GTGTCCTAGTAGTCTC,4
MSC6_GTGTCCTGTTTACTGG,4
MSC6_GTGTGATCAGAACTTC,4
MSC6_GTGTGATCATAGGAGC,4
MSC6_GTGTGATGTAGGTACG,5
MSC6_GTGTGATGTCGCCACA,4
MSC6_GTGTGATTCCACAGCG,2
MSC6_GTGTGATTCGCATTGA,4
MSC6_GTGTTCCGTAGTGCGA,4
MSC6_GTTACAGAGCGTTCCG,2
MSC6_GTTACAGCAGCTACTA,4
MSC6_GTTACAGCAGGACATG,4
MSC6_GTTACAGTCCACAGCG,4
MSC6_GTTACAGTCGCTGTTC,4
MSC6_GTTACCCTCTGCCTGT,4
MSC6_GTTACGAAGCAGGCTA,4
MSC6_GTTACGAAGCGACTAG,4
MSC6_GTTACGAAGTAAGAGG,4
MSC6_GTTAGACAGGTAAGAG,4
MSC6_GTTAGACGTGCAATAA,4
MSC6_GTTAGTGCAACGACAG,4
MSC6_GTTATGGCACGGATCC,4
MSC6_GTTCGCTAGCCATTCA,4
MSC6_GTTCGCTCAGAACTAA,4
MSC6_GTTCGCTTCGGACAAG,4
MSC6_GTTCTATCACATAACC,4
MSC6_GTTCTATGTGAGTGAC,4
MSC6_GTTGAACAGTCTGCGC,4
MSC6_GTTGAACGTCCAGCAC,2
MSC6_GTTGCGGGTGCTGTCG,4
MSC6_GTTGCGGTCATTTCCA,2
MSC6_GTTGCGGTCGTCAAAC,3
MSC6_GTTGCTCAGGCGAAGG,4
MSC6_GTTGCTCAGGGCAATC,4
MSC6_GTTGCTCGTATGACAA,4
MSC6_GTTGCTCGTCTACACA,4
MSC6_GTTGCTCGTGATATAG,4
MSC6_GTTGTAGAGACGCCCT,4
MSC6_GTTGTAGCAAGGAGTC,4
MSC6_GTTGTAGGTTACCCAA,2
MSC6_GTTGTCCCACAAATAG,4
MSC6_GTTGTCCTCCATCACC,4
MSC6_GTTGTGACACCCATAA,4
MSC6_GTTGTGACATCACGGC,3
MSC6_GTTGTGAGTTTACGTG,4
MSC6_GTTTACTTCACTCGAA,5
MSC6_GTTTACTTCGACGCTG,2
MSC6_GTTTGGAAGTGTACAA,4
MSC6_GTTTGGATCCTTTAGT,4
MSC6_GTTTGGATCGATTTCT,4
MSC6_TAACACGAGTGGAATT,4
MSC6_TAACACGTCAACTGGT,4
MSC6_TAACCAGAGGGTCAAC,4
MSC6_TAACGACGTAGCGATG,3
MSC6_TAACTTCCACTTGAAC,4
MSC6_TAACTTCCAGAACTTC,4
MSC6_TAACTTCGTAGCTAAA,5
MSC6_TAACTTCGTCTCCCTA,4
MSC6_TAAGCACAGAGAGCGG,4
MSC6_TAAGCACCAGTTGCGC,1
MSC6_TAAGCACTCAACTGAC,2
MSC6_TAAGCACTCCACAGCG,4
MSC6_TAAGCACTCGGACTGC,4
MSC6_TAAGCCATCAACGAGG,3
MSC6_TAAGCCATCACCATGA,4
MSC6_TAAGCGTCAGCCGTTG,4
MSC6_TAAGCGTGTTCCATTT,4
MSC6_TAAGCGTTCAATCCAG,2
MSC6_TAAGTCGCACAACATC,4
MSC6_TAAGTCGCACATCATG,4
MSC6_TAAGTCGCAGAGGGTT,4
MSC6_TAATCTCAGACGGATC,4
MSC6_TAATCTCAGCTAAATG,4
MSC6_TAATCTCGTAGAGTTA,4
MSC6_TAATCTCTCCGCAGTG,4
MSC6_TAATTCCAGCAGGCAT,4
MSC6_TAATTCCAGTACTCGT,4
MSC6_TAATTCCCATGTGTCA,4
MSC6_TAATTCCGTACCAATC,3
MSC6_TAATTCCGTTGGATCT,4
MSC6_TAATTCCTCTCTAAGG,2
MSC6_TACAACGCACAGCATT,4
MSC6_TACAACGCATTCAGGT,4
MSC6_TACAACGGTACAGAGC,5
MSC6_TACAACGTCTCCGATC,3
MSC6_TACACCCAGCACTAAA,4
MSC6_TACACCCCAGTCACGC,4
MSC6_TACACCCTCAACTACG,4
MSC6_TACAGGTTCAGCATTG,4
MSC6_TACATTCAGTGGTTGG,4
MSC6_TACCCGTAGACTCAAA,4
MSC6_TACCCGTCAATAGTCC,4
MSC6_TACCCGTCAGTCGAGA,4
MSC6_TACCCGTTCCTCTTTC,3
MSC6_TACCGAAAGAGCACTG,3
MSC6_TACCGAACACGTAGAG,4
MSC6_TACCGAACAGGTGAGT,4
MSC6_TACCGAAGTCGTCATA,4
MSC6_TACCGAAGTCGTGATT,2
MSC6_TACCGAAGTTGCGGCT,2
MSC6_TACCGAATCTCAACCC,4
MSC6_TACCTCGCAGCTATAC,2
MSC6_TACCTCGCAGTCCCGA,4
MSC6_TACCTCGGTCGTTATG,4
MSC6_TACCTGCCACGACCTG,4
MSC6_TACCTGCTCACTGCTC,4
MSC6_TACGCTCGTACAGTTC,5
MSC6_TACGCTCGTCCGGCAT,2
MSC6_TACGGGCCATTGGATC,4
MSC6_TACGGGCTCATCCTAT,4
MSC6_TACGGTAAGGCTTTCA,4
MSC6_TACGGTACAGGACATG,4
MSC6_TACGTCCAGGTCGTAG,5
MSC6_TACGTCCAGTGATGGC,4
MSC6_TACGTCCCATCACCAA,4
MSC6_TACGTCCGTAGCTGTT,4
MSC6_TACGTCCTCGGTCGAC,2
MSC6_TACTGCCGTGGACCTC,5
MSC6_TACTTACCAGAATCGG,4
MSC6_TACTTACGTATGCTTG,4
MSC6_TACTTCAAGTGAGGTC,4
MSC6_TACTTCACAGTTAAAG,4
MSC6_TACTTCAGTGACGTCC,2
MSC6_TACTTGTAGAAGCTGC,4
MSC6_TACTTGTGTGAGACCA,3
MSC6_TAGACCAGTAGGAAAG,4
MSC6_TAGACTGTCAATCTCT,2
MSC6_TAGACTGTCATACGAC,4
MSC6_TAGACTGTCTTGTGCC,3
MSC6_TAGAGTCCATGGCCAC,5
MSC6_TAGCACAAGCTCCATA,3
MSC6_TAGCACAAGTGATGGC,4
MSC6_TAGCACACACCACTGG,2
MSC6_TAGCACAGTGCATGTT,4
MSC6_TAGGAGGCAAATAAGC,4
MSC6_TAGGAGGTCCGTGTAA,5
MSC6_TAGGAGGTCGTAGCTA,5
MSC6_TAGGAGGTCTAGAGCT,2
MSC6_TAGGGTTCACCGTGAC,4
MSC6_TAGGTACGTAGTCGTT,4
MSC6_TAGGTTGCAAGGTCAG,4
MSC6_TAGGTTGCACTGGATT,4
MSC6_TAGGTTGTCCATTGGA,4
MSC6_TAGGTTGTCGGTATGT,4
MSC6_TAGTGCAAGGTCGTGA,3
MSC6_TAGTGCACAAACCATC,4
MSC6_TAGTGCAGTTTGAAAG,4
MSC6_TAGTGCATCGAAGAAT,4
MSC6_TATACCTAGCATCCTA,4
MSC6_TATACCTAGCTCTTCC,4
MSC6_TATACCTCACTACCGG,4
MSC6_TATACCTGTTGTAGCT,4
MSC6_TATACCTGTTTGTTGG,4
MSC6_TATACCTTCTTCCTAA,4
MSC6_TATATCCAGCGTGCCT,4
MSC6_TATATCCCACCCGTAG,4
MSC6_TATATCCCAGGAGGAG,4
MSC6_TATCAGGCACAGAGAC,2
MSC6_TATCAGGGTAGTATAG,5
MSC6_TATCAGGGTCCTTTGC,4
MSC6_TATCAGGGTCGACTGC,4
MSC6_TATCCTAGTGAGATTA,4
MSC6_TATCGCCAGAGTCAGC,4
MSC6_TATCGCCAGATAGCTA,4
MSC6_TATCTGTAGAGCCTGA,4
MSC6_TATCTGTCAAGAGTAT,3
MSC6_TATCTGTCACTTGAGT,4
MSC6_TATCTGTCATATACCG,4
MSC6_TATCTGTGTAACGCGA,4
MSC6_TATCTGTGTTGTTGCA,3
MSC6_TATCTGTTCGGTCACG,4
MSC6_TATCTTGCAAGTACCT,2
MSC6_TATCTTGGTCGCGTTG,4
MSC6_TATCTTGGTTGTATGC,4
MSC6_TATCTTGGTTTGAAAG,4
MSC6_TATGTTCAGCGGGTAT,4
MSC6_TATGTTCCAAGATGGC,4
MSC6_TATGTTCGTCTACAGT,5
MSC6_TATGTTCTCATGAGTC,4
MSC6_TATGTTCTCGCGTCGA,4
MSC6_TATTCCAAGTGTGTTC,2
MSC6_TATTCCATCTCTTGCG,4
MSC6_TATTGCTAGGCGCTCT,3
MSC6_TATTGCTCAAGACGAC,3
MSC6_TATTGCTCACGTTCGG,5
MSC6_TATTGCTGTATGATCC,4
MSC6_TATTGCTGTGTTCATG,3
MSC6_TATTGCTGTTTGTTCT,5
MSC6_TATTGCTTCTTTGATC,4
MSC6_TATTTCGAGCCAGACA,4
MSC6_TATTTCGCACAGAGCA,4
MSC6_TATTTCGGTCGAACGA,4
MSC6_TCAAGACCAAGTGTCT,4
MSC6_TCAAGACGTGTATCCA,5
MSC6_TCAAGACGTTGTCATG,4
MSC6_TCAAGTGAGGAGATAG,2
MSC6_TCAAGTGAGTTGTCGT,4
MSC6_TCAAGTGCACACAGAG,4
MSC6_TCAAGTGTCATGAGTC,4
MSC6_TCAAGTGTCGACTCCT,4
MSC6_TCAATCTCAATGGCCC,3
MSC6_TCAATCTTCGGAGTGA,4
MSC6_TCAATTCCAAGAAATC,2
MSC6_TCAATTCCACTTACAG,3
MSC6_TCACAAGAGGGCAACT,4
MSC6_TCACAAGCAAGCGAGT,2
MSC6_TCACAAGCAGTGAGCA,5
MSC6_TCACAAGGTACCTTCC,4
MSC6_TCACAAGGTATACAGA,4
MSC6_TCACACCAGGACTATA,4
MSC6_TCACACCCACGTAGAG,4
MSC6_TCACACCTCCACACAA,4
MSC6_TCACATTAGTCGCTAT,3
MSC6_TCACATTCAAATTGGA,4
MSC6_TCACATTGTGGTTTGT,4
MSC6_TCACGCTAGATGGTAT,4
MSC6_TCACGGGAGAGGATCC,4
MSC6_TCACGGGAGATCACTC,5
MSC6_TCACGGGCAGTAGAGC,3
MSC6_TCACTATAGCTGGCCT,3
MSC6_TCACTATCACTTGAGT,4
MSC6_TCACTATGTAGCTTTG,4
MSC6_TCACTCGAGACTGGGT,4
MSC6_TCACTCGAGCAGCCTC,4
MSC6_TCACTCGGTCTGGTTA,3
MSC6_TCACTCGTCTCTCGCA,4
MSC6_TCAGCAACAAGAGATT,4
MSC6_TCAGCAAGTACTGAGG,4
MSC6_TCAGCAAGTGACTGTT,4
MSC6_TCAGCAATCACCGGTG,4
MSC6_TCAGCCTGTGCCTTTC,4
MSC6_TCAGCCTTCATTCCTA,4
MSC6_TCAGCCTTCCACGTGG,4
MSC6_TCAGGGCAGAGCAGTC,4
MSC6_TCAGGGCAGGTAGATT,5
MSC6_TCAGGGCAGGTTCTTG,4
MSC6_TCAGGGCGTATAGGGC,5
MSC6_TCAGGGCTCAAGTAAG,3
MSC6_TCAGGTAAGGCCCACT,4
MSC6_TCAGGTACAGAGGAAA,4
MSC6_TCAGGTACATAAGCGG,5
MSC6_TCAGTCCAGACGGTCA,4
MSC6_TCAGTCCCAAGGTCAG,4
MSC6_TCAGTCCCAGCCTATA,3
MSC6_TCAGTCCTCACCCTGT,4
MSC6_TCAGTCCTCCGTGGGT,4
MSC6_TCAGTCCTCGTACACA,2
MSC6_TCAGTGAAGCAGCACA,4
MSC6_TCAGTGAAGTCAACAA,4
MSC6_TCAGTGAGTCATACCA,4
MSC6_TCAGTTTGTAGTCGGA,5
MSC6_TCAGTTTTCCTGATAG,4
MSC6_TCATACTCAACGACTT,2
MSC6_TCATACTGTAGTCCTA,4
MSC6_TCATATCAGATTAGAC,3
MSC6_TCATATCAGGACCCAA,2
MSC6_TCATATCCAAGTTCGT,4
MSC6_TCATATCGTCTGTGAT,4
MSC6_TCATCATAGCATTTGC,3
MSC6_TCATCCGGTCAGTCGC,5
MSC6_TCATCCGTCGAAGCAG,5
MSC6_TCATCCGTCTTTCAGT,4
MSC6_TCATGAGCATTGGATC,4
MSC6_TCATGCCGTTCGAACT,5
MSC6_TCATGCCTCTCTTGCG,4
MSC6_TCATGGACAAGATGGC,4
MSC6_TCATGTTAGACCGTTT,4
MSC6_TCATGTTAGACTAAGT,4
MSC6_TCATGTTCACAAACGG,3
MSC6_TCATGTTGTACCCGCA,4
MSC6_TCATGTTGTATACCTG,4
MSC6_TCATTACGTTCACGAT,4
MSC6_TCATTCACAAAGGGTC,4
MSC6_TCATTCAGTGTAACGG,4
MSC6_TCATTCAGTTCGGTAT,4
MSC6_TCATTCATCAATCCGA,4
MSC6_TCATTGTTCCGAGGCT,4
MSC6_TCATTTGAGACTCGAG,4
MSC6_TCATTTGCAAGTCCCG,3
MSC6_TCATTTGGTGCAGTGA,4
MSC6_TCCACCAGTAGTCGTT,2
MSC6_TCCACCAGTCGTTGCG,3
MSC6_TCCACGTAGCGTCAGA,2
MSC6_TCCACGTAGGATGTTA,4
MSC6_TCCACGTTCAAGCCGC,4
MSC6_TCCAGAACAGCATCTA,4
MSC6_TCCATCGAGGTTCTAC,4
MSC6_TCCATCGCACTTGGGC,4
MSC6_TCCATCGTCCAACACA,4
MSC6_TCCATCGTCGCAATTG,4
MSC6_TCCATGCAGGCACCAA,4
MSC6_TCCATGCCACAAGTTC,5
MSC6_TCCCACAAGCACTCTA,3
MSC6_TCCCACAGTGTCGCTG,4
MSC6_TCCCACAGTTCTATCT,4
MSC6_TCCCACATCGGCCAAC,4
MSC6_TCCCAGTCAGGTTTAC,4
MSC6_TCCCAGTGTCGAACGA,4
MSC6_TCCCAGTTCAGACCGC,2
MSC6_TCCCAGTTCAGATTGC,5
MSC6_TCCCATGAGCCTCAAT,3
MSC6_TCCCATGCATCGCTCT,4
MSC6_TCCCATGGTGCAGATG,4
MSC6_TCCGAAAGTTCACGAT,4
MSC6_TCCGATCTCGCCCAGA,5
MSC6_TCCGTGTTCCTTATCA,2
MSC6_TCCTCCCAGTATGGAT,4
MSC6_TCCTCCCGTCACGCTG,3
MSC6_TCCTCCCGTGAACTAA,4
MSC6_TCCTCCCGTTAAACCC,3
MSC6_TCCTCGAAGCTACTAC,4
MSC6_TCCTCGACAGAACTAA,4
MSC6_TCCTCGACAGATCACT,4
MSC6_TCCTCGACATCCTTGC,4
MSC6_TCCTCGAGTCATCGGC,4
MSC6_TCCTCTTAGGATTTGA,4
MSC6_TCCTCTTCATCGGCCA,2
MSC6_TCCTGCAAGGTTAGTA,4
MSC6_TCCTGCACAATACCCA,4
MSC6_TCCTGCAGTCTATGAC,3
MSC6_TCCTGCATCCGCAACG,4
MSC6_TCCTGCATCGTTGTTT,4
MSC6_TCCTTCTAGTTGTAAG,4
MSC6_TCCTTCTCAGTGGGTA,4
MSC6_TCCTTCTGTCCGGACT,2
MSC6_TCCTTCTGTGCGAACA,2
MSC6_TCCTTCTGTGCTGATT,4
MSC6_TCCTTTCAGCTCTGTA,4
MSC6_TCGAACACAACTGCTA,4
MSC6_TCGAAGTGTCGCTGCA,4
MSC6_TCGACCTCAGTTGTTG,4
MSC6_TCGACGGCACTATCGA,4
MSC6_TCGACGGCACTCCCTA,4
MSC6_TCGACGGGTCGACTTA,2
MSC6_TCGACGGGTCGTATGT,4
MSC6_TCGATTTCATTCATCT,4
MSC6_TCGCACTAGAATAGTC,4
MSC6_TCGCACTAGTTCACTG,4
MSC6_TCGCACTCAATCTCGA,4
MSC6_TCGCAGGCACGTAACT,4
MSC6_TCGCAGGCAGGAGACT,4
MSC6_TCGCAGGCAGGTGTTT,4
MSC6_TCGCTCAAGTAGCTCT,4
MSC6_TCGCTCAAGTGGCGAT,2
MSC6_TCGCTCAGTCTTTCAT,2
MSC6_TCGCTTGGTATGGAGC,4
MSC6_TCGCTTGGTGGACTAG,4
MSC6_TCGCTTGTCACGGGCT,4
MSC6_TCGGATAAGGCAATGC,4
MSC6_TCGGATACAGTCAGCC,4
MSC6_TCGGATAGTGGTCTCG,5
MSC6_TCGGGACAGAACTCCT,4
MSC6_TCGGGACCAGCTGAGA,4
MSC6_TCGGGCAAGTAGGAAG,4
MSC6_TCGGGCAAGTCGTTAC,4
MSC6_TCGGTCTAGCACTTTG,4
MSC6_TCGGTCTTCACATTGG,4
MSC6_TCGGTCTTCGCAATTG,4
MSC6_TCGTAGACATCAGCTA,2
MSC6_TCGTAGAGTACCATAC,4
MSC6_TCGTAGAGTAGGTGCA,4
MSC6_TCGTCCAGTGCACAAG,3
MSC6_TCGTGCTCACACCAGC,4
MSC6_TCGTGGGAGTCGAATA,4
MSC6_TCGTGGGCAGTTTCGA,4
MSC6_TCGTGGGCATAGGAGC,5
MSC6_TCGTGGGGTCAACCTA,4
MSC6_TCGTGGGGTTGTATGC,4
MSC6_TCGTGGGTCGGCTGGT,4
MSC6_TCTAACTCAGAAATCA,5
MSC6_TCTAACTGTTAGAGAT,4
MSC6_TCTACATAGCGAGTCA,4
MSC6_TCTACATCACAAGTTC,2
MSC6_TCTACATCACTACAGT,4
MSC6_TCTACCGCACGACCTG,5
MSC6_TCTACCGGTCTAGTGT,4
MSC6_TCTACCGGTCTTTCAT,4
MSC6_TCTACCGTCCGATCGG,4
MSC6_TCTACCGTCGTAGTCA,2
MSC6_TCTATACAGCCTAACT,4
MSC6_TCTATACAGCGTCAAG,4
MSC6_TCTATACAGTAGACAT,4
MSC6_TCTATACGTTGATCGT,2
MSC6_TCTATACTCCATAGAC,2
MSC6_TCTATACTCGCGCTGA,4
MSC6_TCTATCAGTCAGTCCG,5
MSC6_TCTATCATCGTGCTCT,4
MSC6_TCTCACGAGAGCAAGA,4
MSC6_TCTCACGAGGTAGTCG,4
MSC6_TCTCACGAGTCCCGGT,4
MSC6_TCTCACGGTGCACAAG,4
MSC6_TCTCAGCGTTCCTACC,4
MSC6_TCTCAGCTCTCACCCA,5
MSC6_TCTCAGCTCTTCGCTG,4
MSC6_TCTCCGAAGATTTGCC,4
MSC6_TCTCCGAGTGGGATTG,3
MSC6_TCTCTGGGTCGTGGAA,3
MSC6_TCTGCCAAGTGTTCAC,5
MSC6_TCTGCCACACATTCTT,4
MSC6_TCTGCCATCTACTTCA,3
MSC6_TCTGGCTCAAACCGGA,4
MSC6_TCTGGCTGTGCGGATA,4
MSC6_TCTGGCTTCGCAGAGA,4
MSC6_TCTTAGTAGCCTCACG,4
MSC6_TCTTAGTCAACCGTAT,4
MSC6_TCTTAGTCAACTTCTT,4
MSC6_TCTTAGTCATCCGAAT,4
MSC6_TCTTAGTGTACGAGTG,5
MSC6_TCTTCCTCAACCACAT,4
MSC6_TCTTCCTCAATGTGGG,2
MSC6_TCTTCCTCACGACAGA,2
MSC6_TCTTGCGGTAGAATAC,3
MSC6_TCTTGCGGTGCCGAAA,4
MSC6_TCTTGCGTCTACCTTA,4
MSC6_TCTTTGAGTGTGTACT,4
MSC6_TGAACGTAGGATGCGT,4
MSC6_TGAACGTGTCAAGCCC,5
MSC6_TGAACGTTCCGTGTGG,4
MSC6_TGAATCGAGCCATATC,4
MSC6_TGAATCGCACGGGCTT,4
MSC6_TGAATCGGTCAGATTC,5
MSC6_TGAATCGTCCAATCCC,4
MSC6_TGAATGCAGCTGGCCT,2
MSC6_TGAATGCAGGAGCTGT,4
MSC6_TGAATGCCAAGGCAAC,4
MSC6_TGAATGCGTCCACATA,4
MSC6_TGACAGTAGCACTAGG,4
MSC6_TGACAGTAGTGGAATT,4
MSC6_TGACAGTCAGTCGCAC,4
MSC6_TGACAGTCATGACAGG,4
MSC6_TGACCCTGTCCAATCA,4
MSC6_TGACCCTTCACTTATC,4
MSC6_TGACGCGAGCTAAATG,4
MSC6_TGACGCGAGGTATAGT,4
MSC6_TGACGCGCACATTACG,2
MSC6_TGAGACTAGGTGCATG,4
MSC6_TGAGCATAGCATCAGG,4
MSC6_TGAGCATAGTGCACTT,4
MSC6_TGAGCGCAGTATGGAT,4
MSC6_TGAGCGCGTGTCCTAA,5
MSC6_TGAGCGCGTTAAGAAC,4
MSC6_TGAGGAGAGATGTTCC,4
MSC6_TGAGGAGAGCCAAGGT,4
MSC6_TGAGGAGCAGCAGTGA,4
MSC6_TGAGGAGGTACCTAGT,4
MSC6_TGAGGAGGTAGGCAAC,5
MSC6_TGAGGGAGTAGAATAC,4
MSC6_TGAGGTTAGACTCCGC,4
MSC6_TGAGGTTGTGGAAATT,4
MSC6_TGAGGTTTCCCTTGTG,3
MSC6_TGAGTCAAGAGCAACC,2
MSC6_TGAGTCATCACCTACC,4
MSC6_TGATCAGAGGCACTCC,2
MSC6_TGATCAGAGTTCTACG,4
MSC6_TGATCAGCATCGCCTT,4
MSC6_TGATCAGGTAAGTTGA,5
MSC6_TGATCAGTCCAGCAAT,5
MSC6_TGATCAGTCTCATGGA,4
MSC6_TGATCTTAGGAACGTC,2
MSC6_TGATCTTCAACTTCTT,4
MSC6_TGATGCACAATTGCCA,5
MSC6_TGATGCACACTAAACC,4
MSC6_TGATGCATCGAGAAGC,4
MSC6_TGATGCATCTGTCGTC,4
MSC6_TGATTCTAGCACACCC,4
MSC6_TGATTCTGTCACTTCC,4
MSC6_TGATTCTGTGGTTTAC,4
MSC6_TGATTTCCAAGAGTGC,4
MSC6_TGATTTCTCCTGCCAT,2
MSC6_TGATTTCTCGAATGCT,4
MSC6_TGATTTCTCGCTACAA,4
MSC6_TGCACGGGTTACGATC,4
MSC6_TGCACGGTCCGCGAGT,4
MSC6_TGCAGATAGTAGTCAA,2
MSC6_TGCAGATCACGCAGTC,4
MSC6_TGCAGATTCAACGAGG,4
MSC6_TGCAGATTCACGGAGA,4
MSC6_TGCAGATTCTGGGTCG,4
MSC6_TGCAGGCAGACTGTTC,4
MSC6_TGCAGGCAGGCTCCCA,3
MSC6_TGCAGGCCAAGGAGTC,4
MSC6_TGCAGGCCACCTTCGT,4
MSC6_TGCAGGCGTTACGTAC,4
MSC6_TGCAGTACAGACAAGC,2
MSC6_TGCAGTAGTTCTCCTG,2
MSC6_TGCATCCAGATTGAGT,2
MSC6_TGCATCCAGCACGGAT,4
MSC6_TGCATCCTCATTGAGC,5
MSC6_TGCATCCTCCTAACAG,4
MSC6_TGCATCCTCGCTACAA,3
MSC6_TGCATGAAGCCGATAG,2
MSC6_TGCATGACACGTTGGC,2
MSC6_TGCATGAGTACAAGTA,4
MSC6_TGCATGAGTCCGGCAT,4
MSC6_TGCCGAGGTGATGGCA,2
MSC6_TGCCGAGGTTCTCACC,4
MSC6_TGCCGAGTCCCATAAG,3
MSC6_TGCGACGCACTTTAGG,4
MSC6_TGCGACGGTATACCCA,5
MSC6_TGCGACGGTCGATTTG,4
MSC6_TGCGACGTCGTTATCT,4
MSC6_TGCGATACATGGGTTT,2
MSC6_TGCGATATCCTCTAAT,4
MSC6_TGCTCCATCCAATGCA,4
MSC6_TGCTCCATCCATTGCC,4
MSC6_TGCTCCATCTGTCCGT,4
MSC6_TGCTCGTAGACTTCGT,4
MSC6_TGCTCGTAGTGCCTCG,4
MSC6_TGCTCGTTCCGCAGTG,4
MSC6_TGCTGAAAGAAAGTCT,4
MSC6_TGCTGAAAGACTTCCA,4
MSC6_TGCTGAAAGGGACAGG,4
MSC6_TGCTGAAAGTGAGGTC,4
MSC6_TGCTTCGCACATACTG,4
MSC6_TGCTTCGGTGCGGCTT,3
MSC6_TGCTTCGTCCGTGGGT,4
MSC6_TGCTTGCGTAGAATGT,2
MSC6_TGCTTGCGTCTCAGGC,4
MSC6_TGCTTGCTCTGCACCT,2
MSC6_TGGAACTAGGTCGTAG,4
MSC6_TGGAACTGTCCGGATC,4
MSC6_TGGAACTGTGTGACCC,2
MSC6_TGGAGAGCAAATGAAC,4
MSC6_TGGAGAGCAGGCACAA,4
MSC6_TGGAGGAAGACATAGT,4
MSC6_TGGAGGACATCCAACA,4
MSC6_TGGAGGAGTTTGTTCT,4
MSC6_TGGATCAAGCCTAGGA,4
MSC6_TGGATCACAAACGAGC,4
MSC6_TGGATCAGTCGTATTG,2
MSC6_TGGATCATCGTGTTCC,4
MSC6_TGGATGTAGCTCCATA,4
MSC6_TGGATGTCAGCTGAGA,2
MSC6_TGGATGTGTTGCGGAA,4
MSC6_TGGCGTGAGCGCCATC,4
MSC6_TGGCGTGCACGGTGAA,4
MSC6_TGGCGTGCATCCTTCG,4
MSC6_TGGGAAGCACTCTAGA,4
MSC6_TGGGAAGGTGTGTCCG,3
MSC6_TGGGAGAAGGGCTTCC,2
MSC6_TGGGAGACAACCGATT,5
MSC6_TGGGAGACAACGATCT,4
MSC6_TGGGAGATCAGGAACG,4
MSC6_TGGGATTCACTTGAAC,4
MSC6_TGGGATTCAGAAACCG,4
MSC6_TGGGCGTTCACCCTTG,2
MSC6_TGGGCTGAGCGTTACT,4
MSC6_TGGGCTGCACCTGTCT,4
MSC6_TGGGCTGTCGAGAGAC,4
MSC6_TGGGTTAAGCAAATCA,4
MSC6_TGGGTTAGTATCGTGT,4
MSC6_TGGGTTAGTGCGCTCA,5
MSC6_TGGGTTAGTTAAGGAT,3
MSC6_TGGTACAAGAAGTCCG,4
MSC6_TGGTACACAGTTGAAA,4
MSC6_TGGTACAGTCAGTCTA,2
MSC6_TGGTAGTAGAACTTCC,4
MSC6_TGGTAGTCATTCACCC,4
MSC6_TGGTGATAGTCAATCC,4
MSC6_TGGTGATAGTCCCGAC,4
MSC6_TGGTGATAGTGAGTGC,4
MSC6_TGGTGATGTGTTAGCT,4
MSC6_TGGTTAGGTCCGAAAG,4
MSC6_TGGTTAGTCGACGTCG,3
MSC6_TGTAACGCAAGAGAGA,4
MSC6_TGTAACGCACCAGGTC,4
MSC6_TGTAAGCAGTGGATTA,4
MSC6_TGTAAGCCAGGGTTGA,3
MSC6_TGTAAGCTCAGCTCTC,5
MSC6_TGTACAGCAGATTTCG,3
MSC6_TGTACAGCATGTTACG,2
MSC6_TGTACAGGTATCATGC,4
MSC6_TGTACAGGTCTTGAAC,4
MSC6_TGTAGACGTTGCAAGG,4
MSC6_TGTCAGAGTAGTTCCA,4
MSC6_TGTCCACCAATTGAGA,4
MSC6_TGTCCACCACCTAAAC,4
MSC6_TGTCCACGTGATGGCA,4
MSC6_TGTCCACGTGTACAGG,4
MSC6_TGTCCACGTTGGGACA,4
MSC6_TGTCCACTCGGTCGAC,4
MSC6_TGTCCCACATGAAAGT,5
MSC6_TGTCCTGAGAACTTCC,3
MSC6_TGTCCTGAGACATACA,4
MSC6_TGTCCTGAGGGTACAC,4
MSC6_TGTGAGTAGCGTCTCG,4
MSC6_TGTGAGTAGCTCCATA,4
MSC6_TGTGAGTTCCATAGGT,4
MSC6_TGTGAGTTCCTCTGCA,4
MSC6_TGTGATGTCTCTGCTG,4
MSC6_TGTGCGGAGCTCGACC,5
MSC6_TGTGCGGAGTTCGCAT,4
MSC6_TGTGGCGCAGTCTCTC,4
MSC6_TGTGGCGGTCGCGTTG,4
MSC6_TGTGGCGTCATTTGGG,4
MSC6_TGTGTGAAGGGCAGAG,4
MSC6_TGTGTGAAGGTCGTCC,4
MSC6_TGTGTGACAAGACCGA,2
MSC6_TGTGTGATCAACTGAC,4
MSC6_TGTTACTCACTCCTTG,4
MSC6_TGTTACTCATTGACAC,4
MSC6_TGTTACTGTGAGTAGC,3
MSC6_TGTTACTTCAGTGTGT,2
MSC6_TGTTACTTCCTCTCTT,4
MSC6_TGTTACTTCTTCTAAC,3
MSC6_TGTTCATAGGACTAAT,4
MSC6_TGTTCATCAGTATACC,4
MSC6_TGTTCATCATGGACAG,2
MSC6_TGTTCATGTACCACGC,4
MSC6_TGTTCATTCATGCATG,5
MSC6_TGTTCATTCGGACAAG,4
MSC6_TGTTCCGAGAGCCGTA,2
MSC6_TGTTCCGCACCGGAAA,4
MSC6_TGTTCCGCACCTGCGA,4
MSC6_TGTTCTAGTGTTCAGT,4
MSC6_TGTTCTATCAAATGAG,5
MSC6_TGTTGAGCATCCGAGC,4
MSC6_TGTTGGACAATAGGAT,4
MSC6_TGTTGGACATAGTCAC,4
MSC6_TGTTTGTCACAACCGC,2
MSC6_TGTTTGTGTTAGCTAC,4
MSC6_TGTTTGTTCGCTAATG,4
MSC6_TTAATCCAGCCTGTCG,2
MSC6_TTAATCCGTTGTCAGT,4
MSC6_TTACAGGTCGCCTAGG,4
MSC6_TTACCATCAAACACGG,4
MSC6_TTACCATGTCTGTCCT,4
MSC6_TTACCATTCTATTGTC,4
MSC6_TTACCGCAGGCTCACC,4
MSC6_TTACGTTAGTAGACAT,4
MSC6_TTACGTTTCGGAATTC,4
MSC6_TTACTGTAGTAGTGCG,4
MSC6_TTACTGTGTTCTGAGT,4
MSC6_TTACTGTGTTGAGTCT,4
MSC6_TTACTGTTCGAATCCA,4
MSC6_TTACTGTTCTGCGGCA,4
MSC6_TTAGGCAAGACGAGCT,3
MSC6_TTAGGCAGTAAGCAAT,4
MSC6_TTAGGCAGTCCCTGAG,2
MSC6_TTAGGGTAGAAATTCG,4
MSC6_TTAGGGTCACACGCCA,4
MSC6_TTAGGGTCACAGTATC,5
MSC6_TTAGGGTTCCAGTACA,4
MSC6_TTAGGGTTCGTGCAGC,5
MSC6_TTAGTCTGTGGTTCTA,5
MSC6_TTATTGCAGACCGCCT,4
MSC6_TTATTGCAGCCGATAG,2
MSC6_TTATTGCCACAATGCT,4
MSC6_TTATTGCTCGACTCCT,4
MSC6_TTCAATCCAACGTAAA,4
MSC6_TTCACCGGTTGCCATA,4
MSC6_TTCACCGTCAACCTTT,5
MSC6_TTCACCGTCCCGTGTT,4
MSC6_TTCACGCAGCTGTTAC,5
MSC6_TTCACGCAGGGCAAGG,4
MSC6_TTCACGCCAGCAATTC,4
MSC6_TTCACGCGTTATGGTC,4
MSC6_TTCAGGACAACTCCCT,4
MSC6_TTCAGGAGTTCTGACA,5
MSC6_TTCATGTCACGTGTGC,3
MSC6_TTCATGTGTATGGAAT,4
MSC6_TTCATTGAGTCACAGG,3
MSC6_TTCATTGGTCGTACTA,4
MSC6_TTCCAATTCGGTTGTA,4
MSC6_TTCCACGGTACTTGTG,5
MSC6_TTCCGGTGTACAGAAT,4
MSC6_TTCCGGTTCTGATTCT,4
MSC6_TTCCGTGCACTGCGAC,4
MSC6_TTCCGTGCAGTAGAAT,4
MSC6_TTCCGTGGTCACATTG,2
MSC6_TTCCTAAAGATGCCGA,5
MSC6_TTCCTAACAGTAGAGC,4
MSC6_TTCCTAATCTAGCCTC,4
MSC6_TTCCTAATCTGTCGCT,3
MSC6_TTCCTCTAGTGGATAT,4
MSC6_TTCCTCTCATTCCTCG,5
MSC6_TTCCTTCAGAATTTGG,4
MSC6_TTCCTTCAGGCCTAGA,4
MSC6_TTCCTTCCAGAACTAA,2
MSC6_TTCGATTAGGACAGCT,4
MSC6_TTCGATTCAATGGGTG,4
MSC6_TTCGATTCATTGACTG,4
MSC6_TTCGATTGTAATTAGG,4
MSC6_TTCGATTGTAGTCCTA,5
MSC6_TTCGATTTCAGGTGTT,4
MSC6_TTCGATTTCCTTATAC,4
MSC6_TTCTAACCACCAGTTA,4
MSC6_TTCTAGTAGTAAGAGG,4
MSC6_TTCTAGTCACCGGAAA,3
MSC6_TTCTAGTGTAACAAGT,4
MSC6_TTCTAGTGTATCGAGG,2
MSC6_TTCTAGTTCCTGGTCT,4
MSC6_TTCTCTCAGATGTTGA,4
MSC6_TTCTCTCAGATTCGCT,2
MSC6_TTCTGTAAGTCTGCGC,4
MSC6_TTCTTCCGTCAGGAGT,4
MSC6_TTCTTGAAGAACTCCT,2
MSC6_TTCTTGAAGAAGCGAA,2
MSC6_TTCTTGACACATCCCT,4
MSC6_TTCTTGACATGAGGGT,4
MSC6_TTCTTGAGTTCAGGTT,4
MSC6_TTCTTGATCACTACTT,3
MSC6_TTCTTGATCGGCATAT,4
MSC6_TTGACCCAGGCTCACC,4
MSC6_TTGATGGAGTTGCTCA,3
MSC6_TTGATGGCATAGAATG,2
MSC6_TTGATGGCATATAGCC,4
MSC6_TTGATGGTCCAACACA,1
MSC6_TTGATGGTCTAGGAAA,4
MSC6_TTGCATTAGCACGTCC,4
MSC6_TTGCATTAGGCTGAAC,2
MSC6_TTGCATTAGTATGCAA,4
MSC6_TTGCGTCGTTCCACGG,4
MSC6_TTGCTGCGTGCATGTT,4
MSC6_TTGCTGCGTGCCGGTT,4
MSC6_TTGGATGTCGTAACTG,4
MSC6_TTGGATGTCTTGCGCT,4
MSC6_TTGGGATAGCCATTGT,4
MSC6_TTGGGCGCAATACGCT,5
MSC6_TTGGGCGGTATACAGA,4
MSC6_TTGGGCGTCCGGCAAC,4
MSC6_TTGGGTATCAAGCGTT,5
MSC6_TTGGTTTCAAAGTATG,5
MSC6_TTGGTTTCACTGGACC,4
MSC6_TTGGTTTTCTCAGGCG,4
MSC6_TTGTGTTAGATCACCT,4
MSC6_TTGTGTTCATAGAGGC,4
MSC6_TTGTGTTGTAGCGAGT,4
MSC6_TTGTTGTGTGCACGCT,4
MSC6_TTGTTGTTCCGTGGTG,5
MSC6_TTGTTTGAGAGAGCAA,4
MSC6_TTGTTTGAGTTGCATC,3
MSC6_TTGTTTGCAAGCAATA,4
MSC6_TTGTTTGTCTAGTCAG,4
MSC6_TTTACCAAGCGCCTAC,4
MSC6_TTTACCACATGAGGGT,4
MSC6_TTTACCATCATCCTAT,4
MSC6_TTTACCATCCGTGTAA,4
MSC6_TTTACGTAGTGAGTGC,4
MSC6_TTTACGTCACCTCAGG,4
MSC6_TTTACGTCACTACGGC,4
MSC6_TTTACTGTCCAAGCAT,4
MSC6_TTTACTGTCTCGTGAA,4
MSC6_TTTAGTCAGCAGGCTA,4
MSC6_TTTAGTCGTTTGTGGT,2
MSC6_TTTAGTCTCATAGACC,4
MSC6_TTTAGTCTCCGGACGT,4
MSC6_TTTATGCAGAACCCGA,4
MSC6_TTTATGCAGAGAGTGA,4
MSC6_TTTCACAGTTGCGTAT,4
MSC6_TTTCACAGTTTGTTCT,3
MSC6_TTTCAGTAGAAGAACG,2
MSC6_TTTCAGTCACGCCAGT,3
MSC6_TTTCAGTGTGATCATC,4
MSC6_TTTCATGAGCTTTGTG,4
MSC6_TTTCATGAGGCGCTCT,4
MSC6_TTTCATGCACAGAGCA,4
MSC6_TTTCATGCAGAAGTTA,4
MSC6_TTTCCTCCACAGTCAT,2
MSC6_TTTCGATGTTAAGGAT,4
MSC6_TTTCGATGTTGGGATG,4
MSC6_TTTGACTCAACACTAC,4
MSC6_TTTGACTGTATGAGGC,4
MSC6_TTTGACTGTCTCAGAT,4
MSC6_TTTGATCGTGGCCACT,4
MSC6_TTTGGAGCAAGTGGCA,2
MSC6_TTTGTTGCAGAGGTAC,4
MSC6_TTTGTTGGTGTCCTAA,4
MSC6_TTTGTTGTCCCTCATG,4
MSC6-BTI_AAACCCAAGCTACTAC,4
MSC6-BTI_AAACGAAGTAGTCTGT,2
MSC6-BTI_AAAGTGAAGAGTCGAC,2
MSC6-BTI_AAATGGAAGTGTAGTA,5
MSC6-BTI_AACAAAGTCTAGTTCT,2
MSC6-BTI_AACGAAATCCGCTTAC,2
MSC6-BTI_AACTTCTAGCAACCAG,2
MSC6-BTI_AAGACAATCCCTCGTA,2
MSC6-BTI_AAGACTCCAGAGGACT,4
MSC6-BTI_AAGATAGTCAAGCTGT,4
MSC6-BTI_AATCGACCAGTTCTAG,2
MSC6-BTI_ACAGAAATCGTTACCC,4
MSC6-BTI_ACAGGGACATGTTACG,5
MSC6-BTI_ACATCCCAGATCACTC,4
MSC6-BTI_ACATCCCTCTCGGGAC,2
MSC6-BTI_ACCATTTTCCCTGTTG,4
MSC6-BTI_ACCCTTGTCGAAGCAG,4
MSC6-BTI_ACGGTTAGTTTCGGCG,2
MSC6-BTI_ACGGTTATCCAAACCA,4
MSC6-BTI_ACGTAACCAGTCCCGA,2
MSC6-BTI_ACGTAGTGTAGCCCTG,4
MSC6-BTI_ACTGTGATCCTGTAGA,2
MSC6-BTI_AGAACCTCATTGTAGC,4
MSC6-BTI_AGAAGTACAGATAAAC,2
MSC6-BTI_AGCCAATTCAAGCCCG,2
MSC6-BTI_AGCCAGCCAGGAACCA,4
MSC6-BTI_AGGGAGTAGGGAGAAT,2
MSC6-BTI_AGGGTCCAGGCTGTAG,2
MSC6-BTI_AGGGTCCGTAGATCCT,2
MSC6-BTI_AGGTGTTTCCTGTTGC,2
MSC6-BTI_AGGTTGTTCATAGGCT,5
MSC6-BTI_AGTAACCCAAATGGTA,4
MSC6-BTI_AGTACCAAGCGTCGAA,2
MSC6-BTI_AGTACTGCAATACCCA,2
MSC6-BTI_AGTACTGTCCCGAGAC,4
MSC6-BTI_AGTCACAAGTTTGTCG,4
MSC6-BTI_AGTGACTAGTATGACA,5
MSC6-BTI_ATATCCTAGTTACTCG,3
MSC6-BTI_ATCACTTGTCGGAACA,4
MSC6-BTI_ATCATTCAGCACTGGA,4
MSC6-BTI_ATCCCTGCAGAGGCAT,2
MSC6-BTI_ATCGATGAGAGCCGAT,4
MSC6-BTI_ATCGGATTCTGCACCT,4
MSC6-BTI_ATCGGCGGTATTCCTT,2
MSC6-BTI_ATCTCTATCCTGTTGC,4
MSC6-BTI_ATCTTCATCGGTTCAA,4
MSC6-BTI_ATGACCAGTCTTGAGT,4
MSC6-BTI_ATGGGTTTCGTGTCAA,2
MSC6-BTI_ATGTCTTAGTTGCTGT,2
MSC6-BTI_ATGTCTTGTTTACACG,4
MSC6-BTI_ATTCACTGTACTCGTA,2
MSC6-BTI_ATTCAGGTCTCTGGTC,2
MSC6-BTI_ATTCGTTAGAAGTATC,5
MSC6-BTI_ATTCTACTCCTTGACC,2
MSC6-BTI_ATTGGGTCAATAGAGT,2
MSC6-BTI_ATTGGGTCATGACGGA,1
MSC6-BTI_ATTTCACTCATCGCTC,2
MSC6-BTI_CAACCAAGTCCACTCT,2
MSC6-BTI_CAACCAAGTTAGTTCG,4
MSC6-BTI_CAAGACTGTCATATGC,4
MSC6-BTI_CAAGAGGCATCGATGT,5
MSC6-BTI_CAAGCTAGTCACGTGC,2
MSC6-BTI_CACACAATCTTGGTGA,2
MSC6-BTI_CACAGGCGTAACATGA,4
MSC6-BTI_CACATGACAGCCTACG,2
MSC6-BTI_CACTTCGAGCTAGATA,2
MSC6-BTI_CACTTCGGTCACGACC,4
MSC6-BTI_CAGCAATTCATTCGGA,4
MSC6-BTI_CAGCAGCGTAGTCTGT,4
MSC6-BTI_CAGCCAGAGTAGCTCT,2
MSC6-BTI_CATGGTACAGTGTGGA,2
MSC6-BTI_CATTCATAGTATAACG,2
MSC6-BTI_CATTCTACATCCGTGG,2
MSC6-BTI_CATTGCCGTATATGGA,2
MSC6-BTI_CCAATTTCAGAGACTG,3
MSC6-BTI_CCCGAAGGTTGCATGT,5
MSC6-BTI_CCCTCAAAGCACTCAT,2
MSC6-BTI_CCGTGAGTCGCTTACC,4
MSC6-BTI_CCTAACCAGGAGTCTG,5
MSC6-BTI_CCTACGTGTTCTTGCC,4
MSC6-BTI_CCTCAACTCCAGTTCC,4
MSC6-BTI_CCTTGTGAGGTGCTTT,2
MSC6-BTI_CCTTGTGGTGCAATAA,4
MSC6-BTI_CGAAGGAGTAGCACGA,4
MSC6-BTI_CGAAGTTTCACCTGTC,3
MSC6-BTI_CGCATAATCTTAAGGC,2
MSC6-BTI_CGCCAGACAGGCGATA,5
MSC6-BTI_CGGAACCAGACAACAT,4
MSC6-BTI_CGGCAGTCACAACGAG,4
MSC6-BTI_CGGTCAGAGGTGATAT,5
MSC6-BTI_CGTAATGAGAAACTCA,4
MSC6-BTI_CGTGCTTGTCTCGGGT,2
MSC6-BTI_CTAACCCAGCTACTGT,4
MSC6-BTI_CTACAGACACTGTGAT,4
MSC6-BTI_CTACCCAAGCAATAAC,5
MSC6-BTI_CTACCTGCAATCGCGC,2
MSC6-BTI_CTAGGTACACCCTAAA,2
MSC6-BTI_CTATCTAGTGATAGTA,2
MSC6-BTI_CTCAATTAGGAACGAA,4
MSC6-BTI_CTCAATTAGTTGTCGT,2
MSC6-BTI_CTCATGCGTTATGTCG,2
MSC6-BTI_CTCCTCCGTCTACAGT,4
MSC6-BTI_CTCGAGGAGTGGGAAA,2
MSC6-BTI_CTGATCCAGTCTTCGA,2
MSC6-BTI_CTGCCTACACCCAACG,2
MSC6-BTI_CTGCCTATCCTACCGT,4
MSC6-BTI_CTGCGAGGTGGCACTC,2
MSC6-BTI_CTGCTCAGTTTAGAGA,4
MSC6-BTI_CTGTAGACAGTCTGGC,4
MSC6-BTI_CTTCCGAGTCTACGTA,2
MSC6-BTI_CTTCGGTGTTCCATTT,4
MSC6-BTI_CTTCTAATCCCGAGGT,2
MSC6-BTI_CTTCTCTAGGAACGTC,2
MSC6-BTI_CTTGAGACAAGGCAAC,2
MSC6-BTI_CTTTCGGCAAGGTCTT,4
MSC6-BTI_GAACACTCACGTACAT,2
MSC6-BTI_GAAGGGTGTACGTGAG,2
MSC6-BTI_GAATCACCAGGCTACC,2
MSC6-BTI_GAATCACGTCCTATAG,2
MSC6-BTI_GAATCACTCCCTAGGG,5
MSC6-BTI_GACACGCCATATACCG,4
MSC6-BTI_GACCGTGGTTCCAAAC,2
MSC6-BTI_GACTATGTCTACACAG,2
MSC6-BTI_GACTGATAGGAGACCT,4
MSC6-BTI_GAGGCAACATCGTGGC,2
MSC6-BTI_GAGGCAAGTAGGCAAC,2
MSC6-BTI_GAGTTACGTTAAAGTG,2
MSC6-BTI_GAGTTTGAGGAAAGTG,4
MSC6-BTI_GATTCGACACTACCGG,5
MSC6-BTI_GCACATAAGCGCGTTC,2
MSC6-BTI_GCAGTTATCATCGCCT,2
MSC6-BTI_GCATTAGTCCGGTAAT,2
MSC6-BTI_GCCAGTGCACTTCCTG,5
MSC6-BTI_GCCCAGAGTATGGAGC,4
MSC6-BTI_GCCGTGATCGCTGCGA,2
MSC6-BTI_GCGATCGGTGTTGCCG,4
MSC6-BTI_GCGTGCACAGAGGCAT,4
MSC6-BTI_GCTTTCGGTTCTGAGT,2
MSC6-BTI_GGAAGTGTCGGTCATA,4
MSC6-BTI_GGAGAACTCCACGGGT,4
MSC6-BTI_GGAGATGCACATTCGA,5
MSC6-BTI_GGAGGATTCCAGTGTA,2
MSC6-BTI_GGAGGTAGTGAACTAA,4
MSC6-BTI_GGCAGTCCAGTGCGCT,2
MSC6-BTI_GGCTTTCCAGGTGACA,4
MSC6-BTI_GGGACTCCAGCGTGAA,2
MSC6-BTI_GGGAGTACACATACTG,5
MSC6-BTI_GGGTATTCAGAATCGG,2
MSC6-BTI_GGTGATTCAGACCAAG,4
MSC6-BTI_GGTTCTCGTGGTACAG,4
MSC6-BTI_GTAATCGCAACAAGTA,4
MSC6-BTI_GTAGAGGAGTCGGCAA,2
MSC6-BTI_GTAGGTTCACGTATAC,2
MSC6-BTI_GTATTTCCAGAGCGTA,2
MSC6-BTI_GTATTTCGTATAGCTC,2
MSC6-BTI_GTCCCATCATCTCGTC,2
MSC6-BTI_GTGCACGAGAGTCAAT,4
MSC6-BTI_GTGCACGGTACTCGAT,2
MSC6-BTI_GTGCGTGAGCAATTAG,2
MSC6-BTI_GTGCTTCCAGAATTCC,4
MSC6-BTI_GTTACAGTCACCTCAC,4
MSC6-BTI_GTTCTATTCGTGAGAG,4
MSC6-BTI_TAACACGGTAGGCTGA,4
MSC6-BTI_TAACACGGTGGACTGA,4
MSC6-BTI_TACAACGTCCGATAGT,2
MSC6-BTI_TACCGAAGTTGGGACA,4
MSC6-BTI_TACGCTCCAATACGCT,5
MSC6-BTI_TACGCTCGTCCGGCAT,2
MSC6-BTI_TACGGTAGTTAGTTCG,4
MSC6-BTI_TAGACCAGTGGACCTC,4
MSC6-BTI_TAGATCGGTGACCTGC,2
MSC6-BTI_TATCGCCTCACCCTTG,4
MSC6-BTI_TATCTGTAGTGGTCAG,4
MSC6-BTI_TATCTTGAGCTACAAA,5
MSC6-BTI_TCAAGCAGTCATGACT,4
MSC6-BTI_TCACGCTCAACTCGTA,2
MSC6-BTI_TCAGCAACATGGACAG,4
MSC6-BTI_TCAGCAAGTGCAGATG,5
MSC6-BTI_TCATATCGTCGCTCGA,2
MSC6-BTI_TCCGAAATCTCACTCG,5
MSC6-BTI_TCCGGGAAGGCGCTTC,4
MSC6-BTI_TCCGGGAGTCTCGGGT,4
MSC6-BTI_TCCTGCAAGTGCTACT,2
MSC6-BTI_TCGACCTAGAAGCCAC,5
MSC6-BTI_TCGACCTAGTCGAATA,4
MSC6-BTI_TCGATTTTCAGACCTA,4
MSC6-BTI_TCGCACTCACGACCTG,2
MSC6-BTI_TCGCACTGTTTCGCTC,4
MSC6-BTI_TCGCAGGCATCCGCGA,5
MSC6-BTI_TCGTGGGGTGTCCGGT,4
MSC6-BTI_TCTACATGTCAACACT,4
MSC6-BTI_TCTTGCGCAACCGACC,4
MSC6-BTI_TCTTGCGCACTACAGT,2
MSC6-BTI_TGAATCGAGATTGACA,4
MSC6-BTI_TGAGGAGGTCCGGTGT,4
MSC6-BTI_TGAGTCAAGACTACCT,4
MSC6-BTI_TGAGTCACATTCCTCG,2
MSC6-BTI_TGCAGTACATAGAAAC,4
MSC6-BTI_TGCCGAGCACGAGAAC,4
MSC6-BTI_TGCGGCACACAAATAG,2
MSC6-BTI_TGCGGCAGTTTGAACC,5
MSC6-BTI_TGCTCGTGTGACTAAA,2
MSC6-BTI_TGCTGAATCAAGCTTG,4
MSC6-BTI_TGCTGAATCCACGTAA,3
MSC6-BTI_TGCTTCGAGCCGTTAT,2
MSC6-BTI_TGCTTCGAGTTAACGA,5
MSC6-BTI_TGCTTGCTCCTAGCCT,2
MSC6-BTI_TGGATCACAGTGCGCT,2
MSC6-BTI_TGGTACATCTCAGAAC,4
MSC6-BTI_TGGTGATCACTGCACG,2
MSC6-BTI_TGTACAGCACGGTCTG,4
MSC6-BTI_TGTGCGGTCTAAGCCA,2
MSC6-BTI_TGTGGCGGTACTCGCG,2
MSC6-BTI_TGTTCTAGTCTCTCAC,2
MSC6-BTI_TTAATCCGTTCGGCTG,2
MSC6-BTI_TTAATCCTCTTGCGCT,4
MSC6-BTI_TTACGCCGTTGGACTT,4
MSC6-BTI_TTACTGTGTTCATCGA,2
MSC6-BTI_TTCAATCTCATTATCC,5
MSC6-BTI_TTCCGGTCACCAAATC,2
MSC6-BTI_TTCCTAACATGATCTG,4
MSC6-BTI_TTCTCTCAGTACTGTC,2
MSC6-BTI_TTCTTGAAGGACATCG,2
MSC6-BTI_TTGGATGCAGCTTTGA,5
MSC6-BTI_TTGGGATAGCTGAGCA,4
MSC6-BTI_TTGTGGACATGAATAG,4
MSC6-BTI_TTTACCACAGAGTTGG,5
MSC6-BTI_TTTCGATCACACACTA,5
MSC6-BTI_TTTCGATTCGGCTGTG,4
MSC6-BTI_TTTGGAGAGACCCGCT,4
