input_symbol,expression_symbol,match_mode,expression_row_1based,prevalence_cells,included_after_prevalence
18S rRNA,,unmatched,,,False
28S rRNA,,unmatched,,,False
5.8S rRNA,,unmatched,,,False
5S rRNA,,unmatched,,,False
A4GALT,A4GALT,exact,32825.0,8472.0,True
AAAS,AAAS,exact,20841.0,8061.0,True
AACS,AACS,exact,21751.0,11408.0,True
AADAC,AADAC,exact,6707.0,10.0,False
AADAT,AADAT,exact,8352.0,1894.0,True
AANAT,AANAT,exact,28264.0,116.0,True
AASDHPPT,AASDHPPT,exact,18490.0,20234.0,True
AASS,AASS,exact,12841.0,6254.0,True
ABCA1,ABCA1,exact,16432.0,16377.0,True
ABCB11,ABCB11,exact,4690.0,2.0,False
ABCB4,ABCB4,exact,12501.0,1029.0,True
ABCB7,ABCB7,exact,13870.0,10563.0,True
ABCC1,ABCC1,exact,25462.0,4790.0,True
ABCC2,ABCC2,exact,19750.0,140.0,True
ABCC3,ABCC3,exact,27889.0,1112.0,True
ABCC5,ABCC5,exact,6940.0,8138.0,True
ABCC8,ABCC8,exact,17339.0,59.0,True
ABCD1,ABCD1,exact,14334.0,4477.0,True
ABCD3,ABCD3,exact,1394.0,16753.0,True
ABCD4,ABCD4,exact,23322.0,13784.0,True
ABCG2,ABCG2,exact,7828.0,4026.0,True
ABHD10,ABHD10,exact,6296.0,9007.0,True
ABHD14B,ABHD14B,exact,5972.0,17660.0,True
ABHD3,ABHD3,exact,28673.0,6151.0,True
ABHD4,ABHD4,exact,22764.0,4230.0,True
ABHD5,ABHD5,exact,5773.0,21976.0,True
ABO,ABO,exact,16796.0,3773.0,True
ACAA1,ACAA1,exact,5701.0,22603.0,True
ACAA2,ACAA2,exact,28876.0,9203.0,True
ACACA,ACACA,exact,27409.0,9178.0,True
ACACB,ACACB,exact,21472.0,4834.0,True
ACAD10,ACAD10,exact,21515.0,4306.0,True
ACAD11,ACAD11,exact,6525.0,824.0,True
ACAD8,ACAD8,exact,18864.0,8651.0,True
ACAD9,ACAD9,exact,6484.0,9926.0,True
ACADL,ACADL,exact,5048.0,2337.0,True
ACADM,ACADM,exact,1245.0,17709.0,True
ACADS,ACADS,exact,21657.0,7185.0,True
ACADSB,ACADSB,exact,19986.0,6058.0,True
ACADVL,ACADVL,exact,26793.0,29462.0,True
ACAN,ACAN,exact,24862.0,1131.0,True
ACAT1,ACAT1,exact,18503.0,24295.0,True
ACAT2,ACAT2,exact,11677.0,15196.0,True
ACBD4,ACBD4,exact,27713.0,3550.0,True
ACBD5,ACBD5,exact,19118.0,11590.0,True
ACBD6,ACBD6,exact,2405.0,20268.0,True
ACBD7,ACBD7,exact,19032.0,111.0,True
ACER1,ACER1,exact,30289.0,56.0,True
ACER2,ACER2,exact,15849.0,57.0,True
ACER3,ACER3,exact,18283.0,12397.0,True
ACHE,ACHE,exact,12673.0,2711.0,True
ACLY,ACLY,exact,27582.0,17861.0,True
ACMSD,ACMSD,exact,4513.0,4.0,False
ACO1,ACO1,exact,15914.0,14834.0,True
ACO2,ACO2,exact,32787.0,17669.0,True
ACOT1,ACOT1,exact,23299.0,289.0,True
ACOT11,ACOT11,exact,1077.0,4091.0,True
ACOT12,ACOT12,exact,9142.0,6.0,False
ACOT13,ACOT13,exact,10379.0,18974.0,True
ACOT2,ACOT2,exact,23300.0,4275.0,True
ACOT4,ACOT4,exact,23301.0,1903.0,True
ACOT7,ACOT7,exact,162.0,8913.0,True
ACOT7L,,unmatched,,,False
ACOT8,ACOT8,exact,29733.0,9622.0,True
ACOT9,ACOT9,exact,13491.0,19863.0,True
ACOX1,ACOX1,exact,28247.0,15292.0,True
ACOX2,ACOX2,exact,6066.0,3860.0,True
ACOX3,ACOX3,exact,7280.0,5014.0,True
ACOXL,ACOXL,exact,4317.0,231.0,True
ACP5,ACP5,exact,30494.0,3246.0,True
ACP6,ACP6,exact,1747.0,5155.0,True
ACSBG1,ACSBG1,exact,24725.0,124.0,True
ACSBG2,ACSBG2,exact,30286.0,121.0,True
ACSF2,ACSF2,exact,27877.0,6743.0,True
ACSF3,ACSF3,exact,26538.0,6978.0,True
ACSL1,ACSL1,exact,8441.0,10061.0,True
ACSL3,ACSL3,exact,5201.0,31174.0,True
ACSL4,ACSL4,exact,14033.0,14827.0,True
ACSL5,ACSL5,exact,19888.0,4405.0,True
ACSL6,ACSL6,exact,9462.0,407.0,True
ACSM1,ACSM1,exact,25526.0,103.0,True
ACSM2A,ACSM2A,exact,25522.0,7.0,False
ACSM2B,ACSM2B,exact,25523.0,8.0,False
ACSM3,ACSM3,exact,25525.0,1249.0,True
ACSM4,ACSM4,exact,20252.0,5.0,False
ACSM5,ACSM5,exact,25520.0,768.0,True
ACSM6,ACSM6,exact,19686.0,43.0,True
ACSS1,ACSS1,exact,29444.0,4260.0,True
ACSS2,ACSS2,exact,29554.0,5744.0,True
ACSS3,ACSS3,exact,21229.0,5384.0,True
ACY1,ACY1,exact,5975.0,780.0,True
ACY3,ACY3,exact,18100.0,376.0,True
ADA,ADA,exact,29687.0,6783.0,True
ADCY1,ADCY1,exact,12261.0,1683.0,True
ADCY2,ADCY2,exact,8602.0,14855.0,True
ADCY3,ADCY3,exact,3409.0,6305.0,True
ADCY4,ADCY4,exact,22850.0,1468.0,True
ADCY5,ADCY5,exact,6417.0,9528.0,True
ADCY6,ADCY6,exact,20689.0,9226.0,True
ADCY7,ADCY7,exact,25910.0,7293.0,True
ADCY8,ADCY8,exact,15533.0,29.0,True
ADCY9,ADCY9,exact,25294.0,5748.0,True
ADH1A,ADH1A,exact,7888.0,1.0,False
ADH1B,ADH1B,exact,7889.0,185.0,True
ADH1C,ADH1C,exact,7890.0,30.0,True
ADH4,ADH4,exact,7886.0,0.0,False
ADH5,ADH5,exact,7884.0,30239.0,True
ADH6,ADH6,exact,7887.0,1.0,False
ADH7,ADH7,exact,7891.0,0.0,False
ADHFE1,ADHFE1,exact,15038.0,3104.0,True
ADI1,ADI1,exact,3203.0,34578.0,True
ADIPOQ,ADIPOQ,exact,7005.0,5.0,False
ADIPOR1,ADIPOR1,exact,2592.0,21860.0,True
ADIPOR2,ADIPOR2,exact,20128.0,17368.0,True
ADK,ADK,exact,19489.0,11981.0,True
ADO,ADO,exact,19361.0,8448.0,True
ADPGK,ADPGK,exact,24619.0,16829.0,True
ADPRM,ADPRM,exact,26929.0,4137.0,True
ADRA2A,ADRA2A,exact,19884.0,910.0,True
ADRA2C,ADRA2C,exact,7231.0,932.0,True
ADRM1,ADRM1,exact,29932.0,30213.0,True
ADSL,ADSL,exact,32762.0,10518.0,True
ADSS1,,unmatched,,,False
ADSS2,,unmatched,,,False
AFMID,AFMID,exact,28302.0,6045.0,True
AGK,AGK,exact,13034.0,6200.0,True
AGL,AGL,exact,1429.0,12458.0,True
AGMAT,AGMAT,exact,334.0,1094.0,True
AGMO,AGMO,exact,11952.0,3905.0,True
AGPAT1,AGPAT1,exact,10673.0,18561.0,True
AGPAT2,AGPAT2,exact,16878.0,14395.0,True
AGPAT3,AGPAT3,exact,33376.0,11370.0,True
AGPAT4,AGPAT4,exact,11697.0,7001.0,True
AGPAT5,AGPAT5,exact,14457.0,10467.0,True
AGPS,AGPS,exact,4793.0,12859.0,True
AGRN,AGRN,exact,30.0,16295.0,True
AGT,AGT,exact,2937.0,5324.0,True
AGXT,AGXT,exact,5398.0,7.0,False
AGXT2,AGXT2,exact,8770.0,1.0,False
AHCY,AHCY,exact,29545.0,19650.0,True
AHCYL1,AHCYL1,exact,1529.0,28866.0,True
AHR,AHR,exact,11970.0,11133.0,True
AHRR,AHRR,exact,8509.0,342.0,True
AIMP1,AIMP1,exact,7945.0,28265.0,True
AIMP2,AIMP2,exact,11892.0,16941.0,True
AIP,AIP,exact,18090.0,27957.0,True
AK1,AK1,exact,16665.0,9553.0,True
AK2,AK2,exact,705.0,21415.0,True
AK4,AK4,exact,1168.0,15735.0,True
AK5,AK5,exact,1257.0,1500.0,True
AK6,AK6,exact,9012.0,19150.0,True
AK7,AK7,exact,23576.0,130.0,True
AK8,AK8,exact,16786.0,482.0,True
AK9,AK9,exact,11281.0,4824.0,True
AKAP5,AKAP5,exact,23196.0,2098.0,True
AKR1A1,AKR1A1,exact,937.0,26432.0,True
AKR1B1,AKR1B1,exact,12967.0,26311.0,True
AKR1B10,AKR1B10,exact,12968.0,545.0,True
AKR1B15,AKR1B15,exact,12969.0,6.0,False
AKR1C1,AKR1C1,exact,18924.0,3386.0,True
AKR1C2,AKR1C2,exact,18925.0,3536.0,True
AKR1C3,AKR1C3,exact,18927.0,13207.0,True
AKR1C4,AKR1C4,exact,18928.0,0.0,False
AKR1D1,AKR1D1,exact,12999.0,10.0,False
AKR1E2,AKR1E2,exact,18923.0,545.0,True
AKR7A2,AKR7A2,exact,411.0,27323.0,True
AKR7A3,AKR7A3,exact,410.0,225.0,True
AKR7L,,unmatched,,,False
AKT1,AKT1,exact,23709.0,23815.0,True
ALAD,ALAD,exact,16507.0,8563.0,True
ALAS1,ALAS1,exact,5979.0,10873.0,True
ALAS2,ALAS2,exact,13750.0,13.0,False
ALB,ALB,exact,7692.0,96.0,True
ALDH18A1,ALDH18A1,exact,19690.0,11236.0,True
ALDH1A1,ALDH1A1,exact,16174.0,1424.0,True
ALDH1B1,ALDH1B1,exact,16053.0,5690.0,True
ALDH1L1,ALDH1L1,exact,6443.0,1312.0,True
ALDH1L2,ALDH1L2,exact,21422.0,6155.0,True
ALDH2,ALDH2,exact,21517.0,35226.0,True
ALDH3A1,ALDH3A1,exact,27100.0,192.0,True
ALDH3A2,ALDH3A2,exact,27095.0,21899.0,True
ALDH3B1,ALDH3B1,exact,18104.0,3589.0,True
ALDH3B2,ALDH3B2,exact,18101.0,0.0,False
ALDH4A1,ALDH4A1,exact,404.0,2228.0,True
ALDH6A1,ALDH6A1,exact,23319.0,11923.0,True
ALDH7A1,ALDH7A1,exact,9427.0,28966.0,True
ALDH9A1,ALDH9A1,exact,2245.0,21941.0,True
ALDOA,ALDOA,exact,25702.0,10707.0,True
ALDOB,ALDOB,exact,16408.0,78.0,True
ALDOC,ALDOC,exact,27181.0,3192.0,True
ALOX12,ALOX12,exact,26781.0,251.0,True
ALOX12B,ALOX12B,exact,26861.0,17.0,False
ALOX15,ALOX15,exact,26710.0,81.0,True
ALOX15B,ALOX15B,exact,26859.0,823.0,True
ALOX5,ALOX5,exact,19246.0,3518.0,True
ALOX5AP,ALOX5AP,exact,21996.0,10674.0,True
ALOXE3,ALOXE3,exact,26863.0,38.0,True
ALPI,ALPI,exact,5286.0,2.0,False
AMACR,AMACR,exact,8758.0,894.0,True
AMD1,AMD1,exact,11292.0,30964.0,True
AMDHD1,AMDHD1,exact,21337.0,398.0,True
AMN,AMN,exact,23663.0,670.0,True
AMPD1,AMPD1,exact,1616.0,3.0,False
AMPD2,AMPD2,exact,1515.0,7119.0,True
AMPD3,AMPD3,exact,17271.0,2315.0,True
AMT,AMT,exact,5900.0,1483.0,True
ANGPTL4,ANGPTL4,exact,30373.0,5742.0,True
ANKRD1,ANKRD1,exact,19641.0,5797.0,True
AOC1,AOC1,exact,13235.0,14.0,False
AOC2,AOC2,exact,27629.0,341.0,True
AOC3,AOC3,exact,27630.0,764.0,True
AOX1,AOX1,exact,4947.0,12512.0,True
APIP,APIP,exact,17491.0,16558.0,True
APOA1,APOA1,exact,18606.0,1772.0,True
APOA2,APOA2,exact,2194.0,4.0,False
APOA4,APOA4,exact,18604.0,2.0,False
APOA5,APOA5,exact,18601.0,0.0,False
APOB,APOB,exact,3372.0,1414.0,True
APOC2,APOC2,exact,31398.0,662.0,True
APOC3,APOC3,exact,18605.0,2.0,False
APOE,APOE,exact,31394.0,43390.0,True
APOM,APOM,exact,10618.0,3028.0,True
APRT,APRT,exact,26529.0,38437.0,True
ARF1,ARF1,exact,2892.0,43304.0,True
ARF3,ARF3,exact,20698.0,26448.0,True
ARG1,ARG1,exact,11418.0,8.0,False
ARG2,ARG2,exact,23230.0,3957.0,True
ARMC8,ARMC8,exact,6573.0,15761.0,True
ARNT,ARNT,exact,1817.0,10046.0,True
ARNT2,ARNT2,exact,24763.0,11669.0,True
ARSA,ARSA,exact,32966.0,4544.0,True
ARSB,ARSB,exact,9112.0,4629.0,True
ARSD,ARSD,exact,13358.0,10023.0,True
ARSF,ARSF,exact,13362.0,2.0,False
ARSG,ARSG,exact,28117.0,11478.0,True
ARSH,ARSH,exact,13361.0,0.0,False
ARSI,ARSI,exact,9805.0,2219.0,True
ARSJ,ARSJ,exact,8003.0,2502.0,True
ARSK,ARSK,exact,9232.0,4385.0,True
ARSL,,unmatched,,,False
ARV1,ARV1,exact,2944.0,9972.0,True
AS3MT,AS3MT,exact,19826.0,27.0,True
ASAH1,ASAH1,exact,14597.0,31788.0,True
ASAH2,ASAH2,exact,19304.0,240.0,True
ASL,ASL,exact,12370.0,10583.0,True
ASMT,ASMT,exact,13348.0,50.0,True
ASNS,ASNS,exact,12581.0,7953.0,True
ASPA,ASPA,exact,26675.0,1548.0,True
ASPG,ASPG,exact,23694.0,353.0,True
ASRGL1,ASRGL1,exact,17842.0,5476.0,True
ASS1,ASS1,exact,16755.0,11038.0,True
ATIC,ATIC,exact,5069.0,17308.0,True
ATP5F1A,ATP5F1A,exact,28835.0,40063.0,True
ATP5F1B,ATP5F1B,exact,20980.0,46313.0,True
ATP5F1C,ATP5F1C,exact,18970.0,40672.0,True
ATP5F1D,ATP5F1D,exact,30089.0,43073.0,True
ATP5F1E,ATP5F1E,exact,29899.0,55912.0,True
ATP5MC1,ATP5MC1,exact,27818.0,37129.0,True
ATP5MC2,ATP5MC2,exact,20854.0,47550.0,True
ATP5MC3,ATP5MC3,exact,4758.0,46298.0,True
ATP5ME,ATP5ME,exact,7163.0,46913.0,True
ATP5MF,ATP5MF,exact,12603.0,43811.0,True
ATP5MG,ATP5MG,exact,18640.0,51287.0,True
ATP5MJ,,unmatched,,,False
ATP5MK,,unmatched,,,False
ATP5PB,ATP5PB,exact,1568.0,35227.0,True
ATP5PD,ATP5PD,exact,28207.0,39751.0,True
ATP5PF,ATP5PF,exact,33109.0,46570.0,True
ATP5PO,ATP5PO,exact,33232.0,41727.0,True
AUH,AUH,exact,16284.0,9074.0,True
AWAT1,AWAT1,exact,13807.0,2.0,False
AWAT2,AWAT2,exact,13801.0,9.0,False
AZIN1,AZIN1,exact,15350.0,23580.0,True
AZIN2,AZIN2,exact,706.0,2765.0,True
B3GALNT1,B3GALNT1,exact,6787.0,10341.0,True
B3GALT1,B3GALT1,exact,4684.0,1627.0,True
B3GALT2,B3GALT2,exact,2503.0,362.0,True
B3GALT4,B3GALT4,exact,10715.0,5229.0,True
B3GALT5,B3GALT5,exact,33308.0,455.0,True
B3GALT6,B3GALT6,exact,41.0,9804.0,True
B3GAT1,B3GAT1,exact,18867.0,1851.0,True
B3GAT2,B3GAT2,exact,11062.0,2107.0,True
B3GAT3,B3GAT3,exact,17856.0,19713.0,True
B3GNT2,B3GNT2,exact,3751.0,12709.0,True
B3GNT3,B3GNT3,exact,30739.0,2.0,False
B3GNT4,B3GNT4,exact,21691.0,430.0,True
B3GNT5,B3GNT5,exact,6931.0,13720.0,True
B3GNT7,B3GNT7,exact,5270.0,3604.0,True
B4GALNT1,B4GALNT1,exact,21019.0,2289.0,True
B4GALNT2,B4GALNT2,exact,27826.0,22.0,True
B4GALT1,B4GALT1,exact,15927.0,25660.0,True
B4GALT2,B4GALT2,exact,906.0,13332.0,True
B4GALT3,B4GALT3,exact,2190.0,10067.0,True
B4GALT4,B4GALT4,exact,6360.0,21500.0,True
B4GALT5,B4GALT5,exact,29789.0,17366.0,True
B4GALT6,B4GALT6,exact,28754.0,2705.0,True
B4GALT7,B4GALT7,exact,10082.0,14818.0,True
B4GAT1,B4GAT1,exact,18041.0,18581.0,True
BAAT,BAAT,exact,16405.0,117.0,True
BBOX1,BBOX1,exact,17417.0,94.0,True
BCAN,BCAN,exact,2064.0,106.0,True
BCAT1,BCAT1,exact,20478.0,16659.0,True
BCAT2,BCAT2,exact,31552.0,9099.0,True
BCHE,BCHE,exact,6803.0,1602.0,True
BCKDHA,BCKDHA,exact,31269.0,766.0,True
BCKDHB,BCKDHB,exact,11120.0,8319.0,True
BCKDK,BCKDK,exact,25774.0,14405.0,True
BCO1,BCO1,exact,26382.0,214.0,True
BCO2,BCO2,exact,18551.0,5384.0,True
BCS1L,BCS1L,exact,5129.0,9759.0,True
BDH1,BDH1,exact,7138.0,2807.0,True
BDH2,BDH2,exact,7919.0,22653.0,True
BGN,BGN,exact,14327.0,27647.0,True
BHMT,BHMT,exact,9115.0,138.0,True
BHMT2,BHMT2,exact,9114.0,5342.0,True
BLVRA,BLVRA,exact,12225.0,20900.0,True
BLVRB,BLVRB,exact,31237.0,28478.0,True
BMAL1,,unmatched,,,False
BMX,BMX,exact,13434.0,328.0,True
BPGM,BPGM,exact,12970.0,13129.0,True
BPHL,BPHL,exact,10203.0,11128.0,True
BPNT1,BPNT1,exact,2799.0,7195.0,True
BPNT2,,unmatched,,,False
BRIP1,BRIP1,exact,28022.0,3051.0,True
BST1,BST1,exact,7348.0,10407.0,True
BTD,BTD,exact,5586.0,9088.0,True
CA1,CA1,exact,15184.0,4.0,False
CA12,CA12,exact,24474.0,1325.0,True
CA13,CA13,exact,15181.0,1800.0,True
CA14,CA14,exact,1799.0,2273.0,True
CA2,CA2,exact,15187.0,6128.0,True
CA3,CA3,exact,15185.0,10933.0,True
CA4,CA4,exact,28003.0,1269.0,True
CA5A,CA5A,exact,26500.0,100.0,True
CA5B,CA5B,exact,13438.0,3679.0,True
CA6,CA6,exact,204.0,29.0,True
CA7,CA7,exact,26109.0,64.0,True
CA9,CA9,exact,16004.0,907.0,True
CACNA1A,CACNA1A,exact,30580.0,7792.0,True
CACNA1C,CACNA1C,exact,20134.0,7121.0,True
CACNA1D,CACNA1D,exact,6015.0,2472.0,True
CACNA1E,CACNA1E,exact,2418.0,20.0,True
CACNA2D2,CACNA2D2,exact,5948.0,3434.0,True
CACNB2,CACNB2,exact,19060.0,6942.0,True
CACNB3,CACNB3,exact,20691.0,6192.0,True
CAD,CAD,exact,3454.0,8918.0,True
CALM1,CALM1,exact,23481.0,51637.0,True
CARM1,CARM1,exact,30464.0,11093.0,True
CARNMT1,CARNMT1,exact,16183.0,9383.0,True
CARNS1,CARNS1,exact,18082.0,1520.0,True
CAV1,CAV1,exact,12809.0,22470.0,True
CBLIF,,unmatched,,,False
CBR1,CBR1,exact,33257.0,20435.0,True
CBR3,CBR3,exact,33260.0,3822.0,True
CBR4,CBR4,exact,8341.0,8990.0,True
CBS,CBS,exact,33358.0,403.0,True
CCNC,CCNC,exact,11221.0,19394.0,True
CD320,CD320,exact,30368.0,19388.0,True
CD36,CD36,exact,12476.0,2523.0,True
CD38,CD38,exact,7349.0,1708.0,True
CD44,CD44,exact,17494.0,22135.0,True
CDA,CDA,exact,443.0,2101.0,True
CDIPT,CDIPT,exact,25688.0,17571.0,True
CDK19,CDK19,exact,11291.0,8575.0,True
CDK8,CDK8,exact,21947.0,6046.0,True
CDO1,CDO1,exact,9357.0,14104.0,True
CDS1,CDS1,exact,7802.0,1845.0,True
CDS2,CDS2,exact,29250.0,15101.0,True
CEMIP,CEMIP,exact,24769.0,15777.0,True
CEPT1,CEPT1,exact,1558.0,8438.0,True
CERK,CERK,exact,32893.0,9340.0,True
CERS1,CERS1,exact,30784.0,3543.0,True
CERS2,CERS2,exact,1820.0,30168.0,True
CERS3,CERS3,exact,25019.0,25.0,True
CERS4,CERS4,exact,30366.0,6494.0,True
CERS5,CERS5,exact,20747.0,14881.0,True
CERS6,CERS6,exact,4686.0,11739.0,True
CERT1,,unmatched,,,False
CES1,CES1,exact,25981.0,1579.0,True
CES2,CES2,exact,26114.0,11648.0,True
CES3,CES3,exact,26115.0,165.0,True
CGA,CGA,exact,11155.0,206.0,True
CH25H,CH25H,exact,19616.0,7665.0,True
CHAC1,CHAC1,exact,24173.0,830.0,True
CHAC2,CHAC2,exact,3691.0,2728.0,True
CHAT,CHAT,exact,19295.0,0.0,False
CHD9,CHD9,exact,25948.0,32528.0,True
CHDH,CHDH,exact,6017.0,3315.0,True
CHKA,CHKA,exact,18109.0,12977.0,True
CHKB,CHKB,exact,32962.0,4312.0,True
CHP1,CHP1,exact,24179.0,21460.0,True
CHPF,CHPF,exact,5175.0,19520.0,True
CHPF2,CHPF2,exact,13253.0,10751.0,True
CHPT1,CHPT1,exact,21382.0,23422.0,True
CHRM3,CHRM3,exact,3025.0,2322.0,True
CHST1,CHST1,exact,17561.0,2184.0,True
CHST11,CHST11,exact,21419.0,9359.0,True
CHST12,CHST12,exact,11849.0,17415.0,True
CHST13,CHST13,exact,6453.0,394.0,True
CHST14,CHST14,exact,24153.0,8210.0,True
CHST15,CHST15,exact,19996.0,11148.0,True
CHST2,CHST2,exact,6630.0,4898.0,True
CHST3,CHST3,exact,19438.0,5083.0,True
CHST5,CHST5,exact,26316.0,4.0,False
CHST6,CHST6,exact,26312.0,801.0,True
CHST7,CHST7,exact,13603.0,5881.0,True
CHST9,CHST9,exact,28729.0,3078.0,True
CHSY1,CHSY1,exact,25035.0,20608.0,True
CHSY3,CHSY3,exact,9452.0,6499.0,True
CIAO1,CIAO1,exact,4138.0,19372.0,True
CIAO2B,,unmatched,,,False
CIAO3,,unmatched,,,False
CIAPIN1,CIAPIN1,exact,26025.0,15573.0,True
CIDEA,CIDEA,exact,28622.0,34.0,True
CIDEC,CIDEC,exact,5505.0,17.0,False
CKB,CKB,exact,23675.0,17711.0,True
CKM,CKM,exact,31415.0,1541.0,True
CKMT1A,CKMT1A,exact,24243.0,511.0,True
CKMT2,CKMT2,exact,9140.0,1081.0,True
CLOCK,CLOCK,exact,7579.0,17980.0,True
CLPS,CLPS,exact,10768.0,0.0,False
CMBL,CMBL,exact,8632.0,17294.0,True
CMC1,CMC1,exact,5642.0,22255.0,True
CMPK1,CMPK1,exact,978.0,30072.0,True
CNDP2,CNDP2,exact,29061.0,19719.0,True
COA1,COA1,exact,12224.0,20373.0,True
COA3,COA3,exact,27625.0,27003.0,True
COA5,COA5,exact,4183.0,21494.0,True
COASY,COASY,exact,27608.0,13397.0,True
COMT,COMT,exact,32225.0,32898.0,True
COQ10A,COQ10A,exact,20962.0,6637.0,True
COQ10B,COQ10B,exact,4922.0,19392.0,True
COQ2,COQ2,exact,7793.0,8940.0,True
COQ3,COQ3,exact,11216.0,5491.0,True
COQ4,COQ4,exact,16688.0,19379.0,True
COQ5,COQ5,exact,21646.0,12604.0,True
COQ6,COQ6,exact,23316.0,9370.0,True
COQ7,COQ7,exact,25492.0,10875.0,True
COQ8A,COQ8A,exact,2879.0,6664.0,True
COQ8B,COQ8B,exact,31242.0,9948.0,True
COQ9,COQ9,exact,26026.0,15703.0,True
COX10,COX10,exact,26959.0,6132.0,True
COX11,COX11,exact,27918.0,22884.0,True
COX14,COX14,exact,20745.0,32331.0,True
COX15,COX15,exact,19749.0,10522.0,True
COX16,COX16,exact,23260.0,12996.0,True
COX17,COX17,exact,6373.0,33554.0,True
COX18,COX18,exact,7689.0,5251.0,True
COX19,COX19,exact,11816.0,14641.0,True
COX20,COX20,exact,3067.0,31349.0,True
COX4I1,COX4I1,exact,26449.0,51750.0,True
COX4I2,COX4I2,exact,29482.0,3722.0,True
COX5A,COX5A,exact,24667.0,38936.0,True
COX5B,COX5B,exact,4174.0,49021.0,True
COX6A1,COX6A1,exact,21638.0,48016.0,True
COX6A2,COX6A2,exact,25789.0,35.0,True
COX6B1,COX6B1,exact,31045.0,47586.0,True
COX6B2,COX6B2,exact,31870.0,378.0,True
COX6C,COX6C,exact,15312.0,50206.0,True
COX7A1,COX7A1,exact,31084.0,19834.0,True
COX7A2,COX7A2,exact,11092.0,46694.0,True
COX7A2L,COX7A2L,exact,3600.0,39526.0,True
COX7B,COX7B,exact,13881.0,45465.0,True
COX7C,COX7C,exact,9174.0,51678.0,True
COX8A,COX8A,exact,17906.0,45879.0,True
COX8C,COX8C,exact,23523.0,23.0,True
COXFA4,,unmatched,,,False
CPNE1,CPNE1,exact,29575.0,29014.0,True
CPNE3,CPNE3,exact,15197.0,28649.0,True
CPNE6,CPNE6,exact,22817.0,2.0,False
CPNE7,CPNE7,exact,26553.0,961.0,True
CPOX,CPOX,exact,6218.0,7219.0,True
CPS1,CPS1,exact,5052.0,1549.0,True
CPT1A,CPT1A,exact,18118.0,8561.0,True
CPT1B,CPT1B,exact,32960.0,483.0,True
CPT2,CPT2,exact,1044.0,5037.0,True
CRAT,CRAT,exact,16720.0,9519.0,True
CREBBP,CREBBP,exact,25293.0,17649.0,True
CRLS1,CRLS1,exact,29266.0,15395.0,True
CROT,CROT,exact,12500.0,6717.0,True
CRYL1,CRYL1,exact,21892.0,15486.0,True
CRYM,CRYM,exact,25539.0,1458.0,True
CS,CS,exact,20964.0,17079.0,True
CSAD,CSAD,exact,20830.0,10595.0,True
CSGALNACT1,CSGALNACT1,exact,14609.0,4051.0,True
CSGALNACT2,CSGALNACT2,exact,19210.0,10910.0,True
CSKMT,CSKMT,exact,17862.0,7401.0,True
CSNK1G2,CSNK1G2,exact,30131.0,18642.0,True
CSNK2A1,CSNK2A1,exact,29152.0,27840.0,True
CSNK2A2,CSNK2A2,exact,26048.0,20222.0,True
CSNK2B,CSNK2B,exact,10622.0,33254.0,True
CSPG4,CSPG4,exact,24689.0,5732.0,True
CSPG5,CSPG5,exact,5845.0,551.0,True
CTH,CTH,exact,1212.0,1761.0,True
CTPS1,CTPS1,exact,846.0,8181.0,True
CTPS2,CTPS2,exact,13445.0,4845.0,True
CTRB1,CTRB1,exact,26306.0,13.0,False
CTRB2,CTRB2,exact,26305.0,18.0,False
CTSA,CTSA,exact,29738.0,25319.0,True
CTSL,CTSL,exact,16251.0,41133.0,True
CUBN,CUBN,exact,19043.0,4650.0,True
CYB5A,CYB5A,exact,29057.0,26902.0,True
CYB5B,CYB5B,exact,26210.0,21034.0,True
CYB5R3,CYB5R3,exact,32823.0,29409.0,True
CYC1,CYC1,exact,15677.0,30602.0,True
CYCS,CYCS,exact,12029.0,42319.0,True
CYGB,CYGB,exact,28266.0,3176.0,True
CYP11A1,CYP11A1,exact,24645.0,3444.0,True
CYP11B1,CYP11B1,exact,15624.0,0.0,False
CYP11B2,CYP11B2,exact,15625.0,0.0,False
CYP17A1,CYP17A1,exact,19821.0,475.0,True
CYP19A1,CYP19A1,exact,24344.0,245.0,True
CYP1A1,CYP1A1,exact,24658.0,32.0,True
CYP1A2,CYP1A2,exact,24659.0,0.0,False
CYP1B1,CYP1B1,exact,3565.0,23990.0,True
CYP21A2,CYP21A2,exact,10664.0,242.0,True
CYP24A1,CYP24A1,exact,29840.0,163.0,True
CYP26A1,CYP26A1,exact,19662.0,1122.0,True
CYP26B1,CYP26B1,exact,3868.0,1731.0,True
CYP26C1,CYP26C1,exact,19660.0,193.0,True
CYP27A1,CYP27A1,exact,5133.0,14000.0,True
CYP27B1,CYP27B1,exact,21027.0,495.0,True
CYP2A13,CYP2A13,exact,31257.0,7.0,False
CYP2A6,CYP2A6,exact,31254.0,22.0,True
CYP2A7,CYP2A7,exact,31255.0,15.0,False
CYP2B6,CYP2B6,exact,31256.0,17.0,False
CYP2C18,CYP2C18,exact,19680.0,12.0,False
CYP2C19,CYP2C19,exact,19682.0,5.0,False
CYP2C8,CYP2C8,exact,19684.0,129.0,True
CYP2C9,CYP2C9,exact,19683.0,0.0,False
CYP2D6,CYP2D6,exact,32809.0,301.0,True
CYP2E1,CYP2E1,exact,20099.0,1647.0,True
CYP2F1,CYP2F1,exact,31258.0,13.0,False
CYP2J2,CYP2J2,exact,1129.0,677.0,True
CYP2R1,CYP2R1,exact,17320.0,2267.0,True
CYP2S1,CYP2S1,exact,31259.0,760.0,True
CYP2U1,CYP2U1,exact,7953.0,7516.0,True
CYP2W1,CYP2W1,exact,11817.0,535.0,True
CYP39A1,CYP39A1,exact,10941.0,1341.0,True
CYP3A4,CYP3A4,exact,12615.0,168.0,True
CYP3A43,CYP3A43,exact,12617.0,7.0,False
CYP3A5,CYP3A5,exact,12612.0,9194.0,True
CYP3A7,CYP3A7,exact,12613.0,18.0,False
CYP46A1,CYP46A1,exact,23606.0,2588.0,True
CYP4A11,CYP4A11,exact,968.0,19.0,False
CYP4A22,CYP4A22,exact,972.0,64.0,True
CYP4B1,CYP4B1,exact,967.0,6744.0,True
CYP4F11,CYP4F11,exact,30659.0,52.0,True
CYP4F12,CYP4F12,exact,30650.0,480.0,True
CYP4F2,CYP4F2,exact,30658.0,4.0,False
CYP4F22,CYP4F22,exact,30646.0,17.0,False
CYP4F3,CYP4F3,exact,30649.0,161.0,True
CYP4F8,CYP4F8,exact,30648.0,3.0,False
CYP4V2,CYP4V2,exact,8465.0,5727.0,True
CYP51A1,CYP51A1,exact,12532.0,3194.0,True
CYP7A1,CYP7A1,exact,14975.0,47.0,True
CYP7B1,CYP7B1,exact,15021.0,2496.0,True
CYP8B1,CYP8B1,exact,5763.0,7.0,False
D2HGDH,D2HGDH,exact,5422.0,8316.0,True
DAO,DAO,exact,21466.0,14.0,False
DARS1,,unmatched,,,False
DBH,DBH,exact,16812.0,16.0,False
DBI,DBI,exact,4395.0,45030.0,True
DBT,DBT,exact,1438.0,7290.0,True
DCAKD,DCAKD,exact,27710.0,7174.0,True
DCK,DCK,exact,7682.0,10599.0,True
DCN,DCN,exact,21289.0,24731.0,True
DCT,DCT,exact,22350.0,347.0,True
DCTD,DCTD,exact,8416.0,15975.0,True
DCTPP1,DCTPP1,exact,25727.0,20354.0,True
DCXR,DCXR,exact,28428.0,24999.0,True
DDAH1,DDAH1,exact,1313.0,10263.0,True
DDC,DDC,exact,12296.0,12.0,False
DDHD1,DDHD1,exact,23077.0,15025.0,True
DDHD2,DDHD2,exact,14814.0,10321.0,True
DDO,DDO,exact,11288.0,128.0,True
DECR1,DECR1,exact,15212.0,26792.0,True
DECR2,DECR2,exact,25075.0,5247.0,True
DEGS1,DEGS1,exact,2845.0,26161.0,True
DEGS2,DEGS2,exact,23612.0,253.0,True
DERA,DERA,exact,20421.0,15236.0,True
DGAT1,DGAT1,exact,15686.0,9753.0,True
DGAT2,DGAT2,exact,18260.0,671.0,True
DGAT2L6,DGAT2L6,exact,13806.0,2.0,False
DGUOK,DGUOK,exact,3889.0,30490.0,True
DHCR24,DHCR24,exact,1086.0,11517.0,True
DHCR7,DHCR7,exact,18164.0,11565.0,True
DHFR,DHFR,exact,9133.0,8236.0,True
DHFR2,DHFR2,exact,6193.0,4514.0,True
DHODH,DHODH,exact,26264.0,4625.0,True
DHRS7B,DHRS7B,exact,27124.0,12782.0,True
DHTKD1,DHTKD1,exact,19000.0,8570.0,True
DIO1,DIO1,exact,1061.0,24.0,True
DIO2,DIO2,exact,23412.0,2018.0,True
DIO3,DIO3,exact,23642.0,43.0,True
DLAT,DLAT,exact,18542.0,10276.0,True
DLD,DLD,exact,12767.0,19802.0,True
DLST,DLST,exact,23336.0,10631.0,True
DMAC1,DMAC1,exact,15797.0,25776.0,True
DMAC2,DMAC2,exact,31272.0,11313.0,True
DMAC2L,,unmatched,,,False
DMGDH,DMGDH,exact,9113.0,1265.0,True
DNM2,DNM2,exact,30461.0,15378.0,True
DNPH1,DNPH1,exact,10888.0,26628.0,True
DPEP1,DPEP1,exact,26554.0,234.0,True
DPEP2,DPEP2,exact,26173.0,734.0,True
DPYD,DPYD,exact,1416.0,6119.0,True
DPYS,DPYS,exact,15371.0,25.0,True
DSE,DSE,exact,11337.0,26090.0,True
DSEL,DSEL,exact,29018.0,12229.0,True
DTYMK,DTYMK,exact,5419.0,19456.0,True
DUOX1,DUOX1,exact,24273.0,4768.0,True
DUOX2,DUOX2,exact,24270.0,621.0,True
DUOXA1,DUOXA1,exact,24272.0,2228.0,True
DUOXA2,DUOXA2,exact,24271.0,29.0,True
DUT,DUT,exact,24307.0,40050.0,True
EBP,EBP,exact,13641.0,19195.0,True
ECHS1,ECHS1,exact,20092.0,32169.0,True
ECI1,ECI1,exact,25204.0,24453.0,True
ECI2,ECI2,exact,10222.0,26215.0,True
ECSIT,ECSIT,exact,30490.0,11887.0,True
EEF1E1,EEF1E1,exact,10265.0,21907.0,True
EEFSEC,EEFSEC,exact,6474.0,4756.0,True
EHHADH,EHHADH,exact,6977.0,2543.0,True
ELOVL1,ELOVL1,exact,889.0,12872.0,True
ELOVL2,ELOVL2,exact,10288.0,7190.0,True
ELOVL3,ELOVL3,exact,19804.0,244.0,True
ELOVL4,ELOVL4,exact,11118.0,4793.0,True
ELOVL5,ELOVL5,exact,11000.0,22966.0,True
ELOVL6,ELOVL6,exact,7976.0,6859.0,True
ELOVL7,ELOVL7,exact,8947.0,1228.0,True
ENO1,ENO1,exact,202.0,47699.0,True
ENO2,ENO2,exact,20232.0,11730.0,True
ENO3,ENO3,exact,26732.0,1761.0,True
ENO4,ENO4,exact,19922.0,412.0,True
ENOPH1,ENOPH1,exact,7782.0,15554.0,True
ENPP1,ENPP1,exact,11423.0,6050.0,True
ENPP2,ENPP2,exact,15434.0,8899.0,True
ENPP3,ENPP3,exact,11420.0,183.0,True
ENPP6,ENPP6,exact,8432.0,23845.0,True
ENPP7,ENPP7,exact,28327.0,11.0,False
ENTPD1,ENTPD1,exact,19692.0,7376.0,True
ENTPD2,ENTPD2,exact,16910.0,846.0,True
ENTPD3,ENTPD3,exact,5729.0,162.0,True
ENTPD4,ENTPD4,exact,14673.0,13562.0,True
ENTPD5,ENTPD5,exact,23317.0,6644.0,True
ENTPD6,ENTPD6,exact,29448.0,9803.0,True
ENTPD7,ENTPD7,exact,19747.0,1329.0,True
ENTPD8,ENTPD8,exact,16942.0,360.0,True
EP300,EP300,exact,32775.0,16420.0,True
EPHX1,EPHX1,exact,2859.0,28742.0,True
EPHX2,EPHX2,exact,14713.0,7327.0,True
EPM2A,EPM2A,exact,11548.0,2469.0,True
EPRS1,,unmatched,,,False
ERCC2,ERCC2,exact,31417.0,7319.0,True
ESD,ESD,exact,22134.0,34083.0,True
ESRRA,ESRRA,exact,17930.0,12238.0,True
ETFA,ETFA,exact,24700.0,27007.0,True
ETFB,ETFB,exact,31698.0,32776.0,True
ETFDH,ETFDH,exact,8297.0,8902.0,True
ETHE1,ETHE1,exact,31335.0,16335.0,True
ETNK1,ETNK1,exact,20468.0,21353.0,True
ETNK2,ETNK2,exact,2617.0,3738.0,True
ETNPPL,ETNPPL,exact,7960.0,22.0,True
EXT1,EXT1,exact,15423.0,21001.0,True
EXT2,EXT2,exact,17541.0,16162.0,True
EXTL2,EXTL2,exact,1447.0,20472.0,True
EXTL3,EXTL3,exact,14730.0,8028.0,True
FA2H,FA2H,exact,26298.0,827.0,True
FAAH,FAAH,exact,956.0,5066.0,True
FAAH2,FAAH2,exact,13771.0,667.0,True
FABP1,FABP1,exact,4017.0,24.0,True
FABP12,FABP12,exact,15161.0,1.0,False
FABP2,FABP2,exact,8024.0,16.0,False
FABP3,FABP3,exact,654.0,5941.0,True
FABP4,FABP4,exact,15159.0,2134.0,True
FABP5,FABP5,exact,15155.0,34669.0,True
FABP6,FABP6,exact,9907.0,3128.0,True
FABP7,FABP7,exact,11373.0,2868.0,True
FABP9,FABP9,exact,15158.0,2.0,False
FADS1,FADS1,exact,17828.0,18675.0,True
FADS2,FADS2,exact,17827.0,11499.0,True
FAH,FAH,exact,24758.0,8622.0,True
FAHD1,FAHD1,exact,25167.0,11602.0,True
FAM120B,FAM120B,exact,11785.0,7814.0,True
FAM20B,FAM20B,exact,2384.0,14103.0,True
FAR1,FAR1,exact,17308.0,21614.0,True
FAR2,FAR2,exact,20537.0,5586.0,True
FASN,FASN,exact,28433.0,14486.0,True
FAU,FAU,exact,17971.0,57021.0,True
FBP1,FBP1,exact,16326.0,4126.0,True
FBP2,FBP2,exact,16325.0,20.0,True
FDFT1,FDFT1,exact,14548.0,22844.0,True
FDPS,FDPS,exact,2015.0,34545.0,True
FDX1,FDX1,exact,18518.0,25114.0,True
FDX2,FDX2,exact,30443.0,9120.0,True
FDXR,FDXR,exact,28197.0,6696.0,True
FECH,FECH,exact,28932.0,6515.0,True
FFAR1,FFAR1,exact,31024.0,70.0,True
FH,FH,exact,3038.0,16799.0,True
FHL2,FHL2,exact,4264.0,18990.0,True
FIG4,FIG4,exact,11282.0,3706.0,True
FITM1,FITM1,exact,22822.0,168.0,True
FITM2,FITM2,exact,29677.0,5387.0,True
FLAD1,FLAD1,exact,1988.0,10245.0,True
FLVCR1,FLVCR1,exact,2756.0,7049.0,True
FMO1,FMO1,exact,2320.0,11358.0,True
FMO2,FMO2,exact,2317.0,929.0,True
FMO3,FMO3,exact,2316.0,246.0,True
FMOD,FMOD,exact,2606.0,16332.0,True
FOLH1,FOLH1,exact,17631.0,1136.0,True
FOLH1B,,unmatched,,,False
FOLR2,FOLR2,exact,18190.0,5095.0,True
FOXRED1,FOXRED1,exact,18797.0,7377.0,True
FPGS,FPGS,exact,16662.0,8991.0,True
FTCD,FTCD,exact,33457.0,307.0,True
FUT1,FUT1,exact,31550.0,342.0,True
FUT2,FUT2,exact,31546.0,140.0,True
FUT3,FUT3,exact,30271.0,12.0,False
FUT4,FUT4,exact,18415.0,2915.0,True
FUT5,FUT5,exact,30273.0,2.0,False
FUT6,FUT6,exact,30270.0,92.0,True
FUT7,FUT7,exact,16907.0,177.0,True
FUT9,FUT9,exact,11200.0,1266.0,True
FXN,FXN,exact,16145.0,12882.0,True
G0S2,G0S2,exact,2710.0,4658.0,True
G6PC1,,unmatched,,,False
G6PC2,G6PC2,exact,4689.0,4.0,False
G6PC3,G6PC3,exact,27670.0,16797.0,True
G6PD,G6PD,exact,14375.0,10859.0,True
GAA,GAA,exact,28340.0,12197.0,True
GADL1,GADL1,exact,5653.0,53.0,True
GAL3ST1,GAL3ST1,exact,32549.0,1178.0,True
GALC,GALC,exact,23449.0,5956.0,True
GALE,GALE,exact,499.0,6688.0,True
GALK1,GALK1,exact,28234.0,14363.0,True
GALM,GALM,exact,3575.0,9455.0,True
GALNS,GALNS,exact,26530.0,5939.0,True
GALT,GALT,exact,15973.0,10518.0,True
GAMT,GAMT,exact,30101.0,12466.0,True
GAPDH,GAPDH,exact,20203.0,56650.0,True
GAPDHS,GAPDHS,exact,31034.0,35.0,True
GART,GART,exact,33226.0,13480.0,True
GATM,GATM,exact,24278.0,6709.0,True
GBA1,,unmatched,,,False
GBA2,GBA2,exact,16008.0,9910.0,True
GBA3,,unmatched,,,False
GBE1,GBE1,exact,6168.0,12149.0,True
GC,GC,exact,7684.0,1.0,False
GCDH,GCDH,exact,30560.0,9261.0,True
GCG,GCG,exact,4655.0,1.0,False
GCGR,GCGR,exact,28401.0,803.0,True
GCH1,GCH1,exact,23089.0,3711.0,True
GCHFR,GCHFR,exact,24161.0,8099.0,True
GCK,GCK,exact,12239.0,1597.0,True
GCKR,GCKR,exact,3471.0,37.0,True
GCLC,GCLC,exact,11002.0,12561.0,True
GCLM,GCLM,exact,1388.0,15015.0,True
GCSH,GCSH,exact,26381.0,29034.0,True
GDA,GDA,exact,16168.0,27.0,True
GDE1,GDE1,exact,25505.0,18702.0,True
GDPD1,GDPD1,exact,27986.0,554.0,True
GDPD3,GDPD3,exact,25708.0,793.0,True
GDPD5,GDPD5,exact,18254.0,9087.0,True
GGCT,GGCT,exact,12102.0,20564.0,True
GGPS1,GGPS1,exact,2996.0,16238.0,True
GGT1,GGT1,exact,32429.0,1596.0,True
GGT3P,,unmatched,,,False
GGT5,GGT5,exact,32420.0,4410.0,True
GGT6,GGT6,exact,26706.0,9.0,False
GGT7,GGT7,exact,29553.0,6089.0,True
GID4,GID4,exact,27044.0,7272.0,True
GID8,GID8,exact,29966.0,18299.0,True
GK,GK,exact,13525.0,6135.0,True
GK2,GK2,exact,7764.0,0.0,False
GK3,,unmatched,,,False
GLA,GLA,exact,13942.0,13142.0,True
GLB1,GLB1,exact,5667.0,16642.0,True
GLB1L,GLB1L,exact,5158.0,4978.0,True
GLB1L2,GLB1L2,exact,18866.0,1762.0,True
GLB1L3,GLB1L3,exact,18865.0,261.0,True
GLCE,GLCE,exact,24567.0,14109.0,True
GLDC,GLDC,exact,15791.0,1595.0,True
GLIPR1,GLIPR1,exact,21186.0,16940.0,True
GLO1,GLO1,exact,10807.0,28721.0,True
GLP1R,GLP1R,exact,10811.0,16.0,False
GLRX,GLRX,exact,9238.0,15382.0,True
GLRX5,GLRX5,exact,23558.0,30918.0,True
GLS,GLS,exact,4885.0,30330.0,True
GLS2,GLS2,exact,20977.0,185.0,True
GLUD1,GLUD1,exact,19591.0,23232.0,True
GLUD2,GLUD2,exact,14114.0,138.0,True
GLUL,GLUL,exact,2425.0,41385.0,True
GLYAT,GLYAT,exact,17735.0,1.0,False
GLYATL1,GLYATL1,exact,17737.0,21.0,True
GLYATL2,GLYATL2,exact,17736.0,262.0,True
GLYATL3,GLYATL3,exact,10962.0,0.0,False
GLYCTK,GLYCTK,exact,5986.0,3247.0,True
GM2A,GM2A,exact,9825.0,9036.0,True
GMPR,GMPR,exact,10332.0,13654.0,True
GMPR2,GMPR2,exact,22841.0,17028.0,True
GMPS,GMPS,exact,6739.0,18330.0,True
GNA11,GNA11,exact,30173.0,18425.0,True
GNA14,GNA14,exact,16195.0,1189.0,True
GNA15,GNA15,exact,30176.0,2762.0,True
GNAI1,GNAI1,exact,12473.0,9512.0,True
GNAI2,GNAI2,exact,5929.0,45070.0,True
GNAQ,GNAQ,exact,16197.0,30033.0,True
GNAS,GNAS,exact,29893.0,55110.0,True
GNB1,GNB1,exact,79.0,35262.0,True
GNB2,GNB2,exact,12662.0,37775.0,True
GNB3,GNB3,exact,20225.0,1996.0,True
GNB4,GNB4,exact,6892.0,20097.0,True
GNB5,GNB5,exact,24364.0,12658.0,True
GNG10,GNG10,exact,16481.0,5427.0,True
GNG11,GNG11,exact,12553.0,15504.0,True
GNG12,GNG12,exact,1190.0,15879.0,True
GNG13,GNG13,exact,25108.0,173.0,True
GNG2,GNG2,exact,23058.0,5109.0,True
GNG3,GNG3,exact,17868.0,66.0,True
GNG4,GNG4,exact,3000.0,4758.0,True
GNG5,GNG5,exact,1298.0,41096.0,True
GNG7,GNG7,exact,30155.0,10627.0,True
GNG8,GNG8,exact,31471.0,82.0,True
GNGT1,GNGT1,exact,12550.0,145.0,True
GNGT2,GNGT2,exact,27827.0,1395.0,True
GNMT,GNMT,exact,10873.0,237.0,True
GNPAT,GNPAT,exact,2949.0,14073.0,True
GNPDA1,GNPDA1,exact,9723.0,11550.0,True
GNPDA2,GNPDA2,exact,7514.0,13101.0,True
GNS,GNS,exact,21078.0,22430.0,True
GOT1,GOT1,exact,19739.0,12675.0,True
GOT2,GOT2,exact,26061.0,14119.0,True
GPAM,GPAM,exact,19886.0,5163.0,True
GPAT2,GPAT2,exact,4131.0,1538.0,True
GPAT3,GPAT3,exact,7798.0,1273.0,True
GPAT4,GPAT4,exact,14857.0,14160.0,True
GPC1,GPC1,exact,5387.0,14433.0,True
GPC2,GPC2,exact,12637.0,3508.0,True
GPC3,GPC3,exact,14165.0,3262.0,True
GPC4,GPC4,exact,14164.0,10818.0,True
GPC5,GPC5,exact,22342.0,537.0,True
GPC6,GPC6,exact,22347.0,21338.0,True
GPCPD1,GPCPD1,exact,29259.0,14756.0,True
GPD1,GPD1,exact,20744.0,672.0,True
GPD1L,GPD1L,exact,5658.0,5692.0,True
GPD2,GPD2,exact,4613.0,7264.0,True
GPHN,GPHN,exact,23220.0,3367.0,True
GPI,GPI,exact,30982.0,26064.0,True
GPIHBP1,GPIHBP1,exact,15630.0,1334.0,True
GPS2,GPS2,exact,26806.0,10406.0,True
GPT,GPT,exact,15705.0,190.0,True
GPT2,GPT2,exact,25872.0,4244.0,True
GPX1,,unmatched,,,False
GPX2,GPX2,exact,23206.0,21.0,True
GPX4,GPX4,exact,30084.0,48406.0,True
GRHL1,GRHL1,exact,3264.0,3717.0,True
GRHPR,GRHPR,exact,16038.0,30782.0,True
GSR,GSR,exact,14760.0,7593.0,True
GSS,GSS,exact,29555.0,13528.0,True
GSTA1,GSTA1,exact,10993.0,57.0,True
GSTA2,GSTA2,exact,10992.0,1.0,False
GSTA3,GSTA3,exact,10995.0,2.0,False
GSTA4,GSTA4,exact,10996.0,13805.0,True
GSTA5,GSTA5,exact,10994.0,0.0,False
GSTK1,GSTK1,exact,13144.0,27504.0,True
GSTM1,GSTM1,exact,1519.0,207.0,True
GSTM2,GSTM2,exact,1518.0,2534.0,True
GSTM3,GSTM3,exact,1523.0,26621.0,True
GSTM4,GSTM4,exact,1517.0,7294.0,True
GSTM5,GSTM5,exact,1521.0,9025.0,True
GSTO1,GSTO1,exact,19851.0,37437.0,True
GSTO2,GSTO2,exact,19852.0,2759.0,True
GSTP1,GSTP1,exact,18094.0,51836.0,True
GSTT1,,unmatched,,,False
GSTT2,,unmatched,,,False
GSTT2B,GSTT2B,exact,32413.0,1826.0,True
GSTZ1,GSTZ1,exact,23389.0,8466.0,True
GUK1,GUK1,exact,2895.0,47927.0,True
GUSB,GUSB,exact,12369.0,19092.0,True
GYG1,GYG1,exact,6661.0,18081.0,True
GYG2,GYG2,exact,13356.0,2548.0,True
GYS1,GYS1,exact,31563.0,4705.0,True
GYS2,GYS2,exact,20454.0,27.0,True
HAAO,HAAO,exact,3604.0,6815.0,True
HACD1,HACD1,exact,19051.0,7323.0,True
HACD2,HACD2,exact,6419.0,16497.0,True
HACD3,HACD3,exact,24520.0,34674.0,True
HACD4,HACD4,exact,15855.0,7279.0,True
HACL1,HACL1,exact,5585.0,9140.0,True
HADH,HADH,exact,7955.0,11773.0,True
HADHA,HADHA,exact,3424.0,34432.0,True
HADHB,HADHB,exact,3425.0,30446.0,True
HAGH,HAGH,exact,25166.0,27424.0,True
HAL,HAL,exact,21338.0,97.0,True
HAO1,HAO1,exact,29278.0,1.0,False
HAO2,HAO2,exact,1665.0,11.0,False
HAS1,HAS1,exact,31721.0,1986.0,True
HAS2,HAS2,exact,15447.0,369.0,True
HAS3,HAS3,exact,26197.0,468.0,True
HCCS,HCCS,exact,13398.0,12080.0,True
HDAC3,HDAC3,exact,9712.0,13522.0,True
HDC,HDC,exact,24328.0,253.0,True
HELZ2,HELZ2,exact,29995.0,8864.0,True
HEMK2,,unmatched,,,False
HEXA,HEXA,exact,24608.0,27974.0,True
HEXB,HEXB,exact,9068.0,24595.0,True
HGD,HGD,exact,6384.0,47.0,True
HGSNAT,HGSNAT,exact,14885.0,19593.0,True
HIBADH,HIBADH,exact,12071.0,13420.0,True
HIBCH,HIBCH,exact,4876.0,17802.0,True
HIGD1A,HIGD1A,exact,5758.0,25669.0,True
HIGD1C,HIGD1C,exact,20757.0,9.0,False
HIGD2A,HIGD2A,exact,10045.0,37531.0,True
HILPDA,HILPDA,exact,12896.0,13026.0,True
HK1,HK1,exact,19402.0,15313.0,True
HK2,HK2,exact,3927.0,4410.0,True
HK3,HK3,exact,10058.0,799.0,True
HKDC1,HKDC1,exact,19400.0,370.0,True
HLCS,HLCS,exact,33271.0,5987.0,True
HMBS,HMBS,exact,18670.0,10541.0,True
HMGCL,HMGCL,exact,500.0,10150.0,True
HMGCLL1,HMGCLL1,exact,11020.0,6269.0,True
HMGCR,HMGCR,exact,9078.0,13829.0,True
HMGCS1,HMGCS1,exact,8846.0,19008.0,True
HMGCS2,HMGCS2,exact,1670.0,26.0,True
HMMR,HMMR,exact,9928.0,3495.0,True
HMOX1,HMOX1,exact,32625.0,6067.0,True
HMOX2,HMOX2,exact,25308.0,20185.0,True
HNMT,HNMT,exact,4528.0,21931.0,True
HOGA1,HOGA1,exact,19720.0,1741.0,True
HPD,HPD,exact,21680.0,67.0,True
HPDL,HPDL,exact,930.0,420.0,True
HPGD,HPGD,exact,8380.0,9792.0,True
HPGDS,HPGDS,exact,7863.0,2593.0,True
HPRT1,HPRT1,exact,14168.0,21035.0,True
HPSE,HPSE,exact,7794.0,2418.0,True
HPSE2,HPSE2,exact,19737.0,20.0,True
HS2ST1,HS2ST1,exact,1331.0,9601.0,True
HS3ST1,HS3ST1,exact,7319.0,1024.0,True
HS3ST2,HS3ST2,exact,25565.0,203.0,True
HS3ST3A1,HS3ST3A1,exact,26955.0,5050.0,True
HS3ST3B1,HS3ST3B1,exact,26963.0,8973.0,True
HS3ST4,HS3ST4,exact,25603.0,81.0,True
HS3ST5,HS3ST5,exact,11328.0,296.0,True
HS3ST6,HS3ST6,exact,25171.0,13.0,False
HS6ST1,HS6ST1,exact,4453.0,7368.0,True
HS6ST2,HS6ST2,exact,14160.0,2742.0,True
HS6ST3,HS6ST3,exact,22364.0,606.0,True
HSCB,HSCB,exact,32497.0,7600.0,True
HSD11B1,HSD11B1,exact,2711.0,886.0,True
HSD11B2,HSD11B2,exact,26138.0,177.0,True
HSD17B1,HSD17B1,exact,27606.0,2845.0,True
HSD17B10,HSD17B10,exact,13736.0,30204.0,True
HSD17B11,HSD17B11,exact,7817.0,15628.0,True
HSD17B12,HSD17B12,exact,17532.0,29720.0,True
HSD17B13,HSD17B13,exact,7816.0,110.0,True
HSD17B14,HSD17B14,exact,31553.0,7768.0,True
HSD17B2,HSD17B2,exact,26391.0,13172.0,True
HSD17B3,HSD17B3,exact,16344.0,87.0,True
HSD17B4,HSD17B4,exact,9383.0,20194.0,True
HSD17B7,HSD17B7,exact,2228.0,7571.0,True
HSD17B8,HSD17B8,exact,10709.0,6781.0,True
HSD3B1,HSD3B1,exact,1667.0,1.0,False
HSD3B2,HSD3B2,exact,1666.0,13.0,False
HSD3B7,HSD3B7,exact,25763.0,4098.0,True
HSP90AA1,HSP90AA1,exact,23652.0,57023.0,True
HSP90AB1,HSP90AB1,exact,10921.0,55124.0,True
HSPA9,HSPA9,exact,9581.0,33358.0,True
HSPG2,HSPG2,exact,462.0,10045.0,True
HTD2,HTD2,exact,6059.0,48.0,True
HYAL1,HYAL1,exact,5937.0,1097.0,True
HYAL2,HYAL2,exact,5938.0,22772.0,True
HYAL3,HYAL3,exact,5935.0,2163.0,True
HYAL4,HYAL4,exact,12860.0,13.0,False
HYKK,HYKK,exact,24734.0,3197.0,True
IARS1,,unmatched,,,False
IDH1,IDH1,exact,5038.0,14709.0,True
IDH2,IDH2,exact,24890.0,17659.0,True
IDH3A,IDH3A,exact,24723.0,15340.0,True
IDH3B,IDH3B,exact,29193.0,21674.0,True
IDH3G,IDH3G,exact,14338.0,27457.0,True
IDI1,IDI1,exact,18887.0,29560.0,True
IDI2,IDI2,exact,18885.0,289.0,True
IDO1,IDO1,exact,14838.0,227.0,True
IDO2,IDO2,exact,14841.0,22.0,True
IDS,IDS,exact,14263.0,29287.0,True
IDUA,IDUA,exact,7177.0,6370.0,True
IL4I1,IL4I1,exact,31628.0,1834.0,True
IMPA1,IMPA1,exact,15162.0,12566.0,True
IMPA2,IMPA2,exact,28615.0,3657.0,True
IMPDH1,IMPDH1,exact,12895.0,10299.0,True
IMPDH2,IMPDH2,exact,5885.0,26854.0,True
INMT,INMT,exact,12108.0,15545.0,True
INPP1,INPP1,exact,4877.0,12041.0,True
INPP4A,INPP4A,exact,4182.0,9357.0,True
INPP4B,INPP4B,exact,8163.0,5730.0,True
INPP5A,INPP5A,exact,20070.0,6033.0,True
INPP5B,INPP5B,exact,786.0,3170.0,True
INPP5D,INPP5D,exact,5300.0,4728.0,True
INPP5E,INPP5E,exact,16869.0,6793.0,True
INPP5F,INPP5F,exact,19955.0,10778.0,True
INPP5J,INPP5J,exact,32562.0,1176.0,True
INPP5K,INPP5K,exact,26617.0,8130.0,True
INPPL1,INPPL1,exact,18191.0,13032.0,True
INS,INS,exact,17059.0,3.0,False
INSIG1,INSIG1,exact,13289.0,16600.0,True
INSIG2,INSIG2,exact,4385.0,16840.0,True
IP6K1,IP6K1,exact,5912.0,11181.0,True
IP6K2,IP6K2,exact,5872.0,19451.0,True
IP6K3,IP6K3,exact,10733.0,853.0,True
IPMK,IPMK,exact,19328.0,5298.0,True
IPPK,IPPK,exact,16297.0,4740.0,True
IQGAP1,IQGAP1,exact,24902.0,37304.0,True
ISCA1,ISCA1,exact,16242.0,24504.0,True
ISCA2,ISCA2,exact,23328.0,17934.0,True
ISCU,ISCU,exact,21460.0,38558.0,True
ISYNA1,ISYNA1,exact,30766.0,19295.0,True
ITPA,ITPA,exact,29212.0,23193.0,True
ITPK1,ITPK1,exact,23514.0,5345.0,True
ITPKA,ITPKA,exact,24184.0,1089.0,True
ITPKB,ITPKB,exact,2876.0,14010.0,True
ITPKC,ITPKC,exact,31243.0,13709.0,True
ITPR1,ITPR1,exact,5457.0,6524.0,True
ITPR2,ITPR2,exact,20505.0,20475.0,True
ITPR3,ITPR3,exact,10731.0,9479.0,True
IVD,IVD,exact,24149.0,16505.0,True
IYD,IYD,exact,11602.0,19.0,False
KARS1,,unmatched,,,False
KCNB1,KCNB1,exact,29787.0,4539.0,True
KCNC2,KCNC2,exact,21181.0,36.0,True
KCNG2,KCNG2,exact,29125.0,504.0,True
KCNJ11,KCNJ11,exact,17338.0,26.0,True
KCNS3,KCNS3,exact,3340.0,2064.0,True
KDSR,KDSR,exact,28991.0,25389.0,True
KERA,KERA,exact,21287.0,18.0,False
KGD4,,unmatched,,,False
KHK,KHK,exact,3446.0,1314.0,True
KMO,KMO,exact,3039.0,945.0,True
KPNB1,KPNB1,exact,27768.0,34457.0,True
KYAT1,KYAT1,exact,16710.0,2213.0,True
KYAT3,KYAT3,exact,1341.0,8444.0,True
KYNU,KYNU,exact,4541.0,3014.0,True
L2HGDH,L2HGDH,exact,23030.0,2156.0,True
LALBA,LALBA,exact,20684.0,14.0,False
LARS1,,unmatched,,,False
LBR,LBR,exact,2854.0,15884.0,True
LCLAT1,LCLAT1,exact,3506.0,6214.0,True
LDHA,LDHA,exact,17358.0,48436.0,True
LDHAL6A,LDHAL6A,exact,17360.0,37.0,True
LDHAL6B,LDHAL6B,exact,24428.0,24.0,True
LDHB,LDHB,exact,20455.0,47620.0,True
LDHC,LDHC,exact,17359.0,279.0,True
LDLR,LDLR,exact,30469.0,18098.0,True
LDLRAP1,LDLRAP1,exact,535.0,7146.0,True
LETM1,LETM1,exact,7199.0,13841.0,True
LGMN,LGMN,exact,23509.0,21147.0,True
LHB,LHB,exact,31565.0,209.0,True
LHPP,LHPP,exact,19999.0,7586.0,True
LIPE,LIPE,exact,31312.0,1697.0,True
LIPH,LIPH,exact,6980.0,60.0,True
LIPI,LIPI,exact,33032.0,1.0,False
LMBRD1,LMBRD1,exact,11052.0,17844.0,True
LPCAT1,LPCAT1,exact,8535.0,9696.0,True
LPCAT2,LPCAT2,exact,25977.0,7536.0,True
LPCAT3,LPCAT3,exact,20241.0,13452.0,True
LPCAT4,LPCAT4,exact,24079.0,4483.0,True
LPGAT1,LPGAT1,exact,2734.0,18061.0,True
LPIN1,LPIN1,exact,3300.0,10197.0,True
LPIN2,LPIN2,exact,28510.0,15930.0,True
LPIN3,LPIN3,exact,29653.0,6739.0,True
LPL,LPL,exact,14612.0,3800.0,True
LRAT,LRAT,exact,8266.0,425.0,True
LRP1,LRP1,exact,20994.0,34605.0,True
LRP10,LRP10,exact,22770.0,26946.0,True
LRP12,LRP12,exact,15373.0,11019.0,True
LRP2,LRP2,exact,4693.0,764.0,True
LRP8,LRP8,exact,1050.0,2229.0,True
LSS,LSS,exact,33461.0,9342.0,True
LTA4H,LTA4H,exact,21340.0,16408.0,True
LTC4S,LTC4S,exact,10124.0,9453.0,True
LUM,LUM,exact,21288.0,5535.0,True
LYPLA1,LYPLA1,exact,14938.0,25292.0,True
LYRM2,LYRM2,exact,11181.0,20190.0,True
LYRM4,LYRM4,exact,10238.0,18802.0,True
LYRM7,LYRM7,exact,9454.0,8899.0,True
LYVE1,LYVE1,exact,17275.0,2958.0,True
M6PR,M6PR,exact,20291.0,27775.0,True
MAEA,MAEA,exact,7188.0,17427.0,True
MAN2B1,MAN2B1,exact,30533.0,1917.0,True
MAN2B2,MAN2B2,exact,7253.0,11335.0,True
MAN2C1,MAN2C1,exact,24678.0,16173.0,True
MANBA,MANBA,exact,7913.0,8495.0,True
MAOA,MAOA,exact,13584.0,4208.0,True
MAOB,MAOB,exact,13585.0,670.0,True
MAPDA,,unmatched,,,False
MAPKAPK2,MAPKAPK2,exact,2671.0,17478.0,True
MARCKS,MARCKS,exact,11323.0,45140.0,True
MARS1,,unmatched,,,False
MAT1A,MAT1A,exact,19550.0,8.0,False
MAT2A,MAT2A,exact,3977.0,30970.0,True
MAT2B,MAT2B,exact,9930.0,13841.0,True
MBOAT1,MBOAT1,exact,10353.0,1753.0,True
MBOAT2,MBOAT2,exact,3247.0,20236.0,True
MBOAT7,MBOAT7,exact,31810.0,16137.0,True
MBTPS1,MBTPS1,exact,26411.0,23241.0,True
MBTPS2,MBTPS2,exact,13479.0,7824.0,True
MCAT,MCAT,exact,32831.0,5736.0,True
MCCC1,MCCC1,exact,6927.0,7184.0,True
MCCC2,MCCC2,exact,9032.0,11014.0,True
MCEE,MCEE,exact,3862.0,8020.0,True
MDH1,MDH1,exact,3760.0,35727.0,True
MDH2,MDH2,exact,12446.0,35334.0,True
ME1,ME1,exact,11136.0,10699.0,True
ME2,ME2,exact,28887.0,12673.0,True
ME3,ME3,exact,18356.0,6591.0,True
MECR,MECR,exact,632.0,9892.0,True
MED1,MED1,exact,27461.0,14481.0,True
MED10,MED10,exact,8584.0,26703.0,True
MED11,MED11,exact,26715.0,13688.0,True
MED12,MED12,exact,13824.0,7992.0,True
MED13,MED13,exact,28024.0,22192.0,True
MED13L,MED13L,exact,21573.0,28361.0,True
MED14,MED14,exact,13570.0,11630.0,True
MED15,MED15,exact,32248.0,10669.0,True
MED16,MED16,exact,30070.0,12226.0,True
MED17,MED17,exact,18404.0,8017.0,True
MED18,MED18,exact,615.0,2340.0,True
MED19,MED19,exact,17708.0,17930.0,True
MED20,MED20,exact,10852.0,4373.0,True
MED21,MED21,exact,20511.0,21644.0,True
MED22,MED22,exact,16798.0,8068.0,True
MED23,MED23,exact,11419.0,9226.0,True
MED24,MED24,exact,27484.0,12002.0,True
MED25,MED25,exact,31620.0,9928.0,True
MED26,MED26,exact,30685.0,6373.0,True
MED27,MED27,exact,16778.0,13380.0,True
MED28,MED28,exact,7364.0,23172.0,True
MED29,MED29,exact,31199.0,19840.0,True
MED30,MED30,exact,15422.0,16321.0,True
MED31,MED31,exact,26770.0,15952.0,True
MED4,MED4,exact,22143.0,26484.0,True
MED6,MED6,exact,23266.0,14587.0,True
MED7,MED7,exact,9866.0,10037.0,True
MED8,MED8,exact,890.0,14003.0,True
MED9,MED9,exact,27030.0,4197.0,True
MFSD2A,MFSD2A,exact,822.0,1518.0,True
MFSD2B,MFSD2B,exact,3393.0,348.0,True
MGLL,MGLL,exact,6469.0,11908.0,True
MGST1,MGST1,exact,20423.0,9634.0,True
MGST2,MGST2,exact,8144.0,25256.0,True
MGST3,MGST3,exact,2244.0,44141.0,True
MID1IP1,MID1IP1,exact,13557.0,10338.0,True
MIGA1,MIGA1,exact,1261.0,13208.0,True
MIGA2,MIGA2,exact,16718.0,4855.0,True
MINPP1,MINPP1,exact,19597.0,10130.0,True
MIOX,MIOX,exact,32949.0,77.0,True
MKLN1,MKLN1,exact,12950.0,21296.0,True
MLX,MLX,exact,27609.0,17308.0,True
MLXIPL,MLXIPL,exact,12408.0,1005.0,True
MLYCD,MLYCD,exact,26405.0,5087.0,True
MMAA,MMAA,exact,8188.0,2268.0,True
MMAB,MMAB,exact,21479.0,18641.0,True
MMACHC,MMACHC,exact,935.0,1566.0,True
MMADHC,MMADHC,exact,4575.0,24507.0,True
MMS19,MMS19,exact,19717.0,6889.0,True
MMUT,,unmatched,,,False
MOCOS,MOCOS,exact,28804.0,990.0,True
MOCS1,MOCS1,exact,10819.0,2857.0,True
MOCS2,MOCS2,exact,8885.0,22875.0,True
MOCS3,MOCS3,exact,29815.0,4798.0,True
MOGAT1,MOGAT1,exact,5200.0,76.0,True
MOGAT2,MOGAT2,exact,18258.0,14.0,False
MOGAT3,MOGAT3,exact,12684.0,84.0,True
MORC2,MORC2,exact,32556.0,4951.0,True
MPC1,MPC1,exact,11722.0,27500.0,True
MPC1L,MPC1L,exact,13568.0,10.0,False
MPC2,MPC2,exact,2274.0,34614.0,True
MPST,MPST,exact,32660.0,16908.0,True
MRI1,MRI1,exact,30582.0,9988.0,True
MSMO1,MSMO1,exact,8327.0,17333.0,True
MT-ATP6,MT-ATP6,exact,33478.0,58743.0,True
MT-ATP8,MT-ATP8,exact,33477.0,23016.0,True
MT-CO1,MT-CO1,exact,33475.0,58722.0,True
MT-CO2,MT-CO2,exact,33476.0,58699.0,True
MT-CO3,MT-CO3,exact,33479.0,58757.0,True
MT-CYB,MT-CYB,exact,33485.0,58680.0,True
MT-ND1,MT-ND1,exact,33473.0,58579.0,True
MT-ND2,MT-ND2,exact,33474.0,58211.0,True
MT-ND3,MT-ND3,exact,33480.0,58576.0,True
MT-ND4,MT-ND4,exact,33482.0,58633.0,True
MT-ND5,MT-ND5,exact,33483.0,56438.0,True
MT-ND6,MT-ND6,exact,33484.0,38723.0,True
MTAP,MTAP,exact,15874.0,8195.0,True
MTARC1,,unmatched,,,False
MTARC2,,unmatched,,,False
MTF1,MTF1,exact,784.0,6555.0,True
MTHFD1,MTHFD1,exact,23192.0,10641.0,True
MTHFD1L,MTHFD1L,exact,11605.0,10318.0,True
MTHFD2,MTHFD2,exact,3898.0,10690.0,True
MTHFD2L,MTHFD2L,exact,7707.0,7804.0,True
MTHFR,MTHFR,exact,265.0,11703.0,True
MTHFS,MTHFS,exact,24751.0,12127.0,True
MTM1,MTM1,exact,14282.0,4414.0,True
MTMR1,MTMR1,exact,14283.0,4677.0,True
MTMR10,MTMR10,exact,24042.0,7515.0,True
MTMR12,MTMR12,exact,8742.0,10693.0,True
MTMR14,MTMR14,exact,5494.0,10377.0,True
MTMR2,MTMR2,exact,18434.0,11771.0,True
MTMR3,MTMR3,exact,32526.0,8197.0,True
MTMR4,MTMR4,exact,27970.0,10093.0,True
MTMR6,MTMR6,exact,21939.0,14049.0,True
MTMR7,MTMR7,exact,14587.0,1164.0,True
MTMR8,MTMR8,exact,13780.0,301.0,True
MTMR9,MTMR9,exact,14535.0,11737.0,True
MTR,MTR,exact,3015.0,15535.0,True
MTRR,MTRR,exact,8605.0,7764.0,True
MVD,MVD,exact,26516.0,11499.0,True
MVK,MVK,exact,21480.0,7178.0,True
NAALAD2,NAALAD2,exact,18385.0,780.0,True
NADK,NADK,exact,78.0,12319.0,True
NADK2,NADK2,exact,8781.0,8346.0,True
NADSYN1,NADSYN1,exact,18166.0,9326.0,True
NAGLU,NAGLU,exact,27605.0,16438.0,True
NAGS,NAGS,exact,27667.0,2233.0,True
NAMPT,NAMPT,exact,12747.0,38361.0,True
NAPRT,NAPRT,exact,15649.0,12927.0,True
NAT1,NAT1,exact,14599.0,1886.0,True
NAT2,NAT2,exact,14600.0,177.0,True
NAT8L,NAT8L,exact,7203.0,2297.0,True
NAXD,NAXD,exact,22465.0,8487.0,True
NAXE,NAXE,exact,2059.0,23834.0,True
NCAN,NCAN,exact,30800.0,45.0,True
NCOA1,NCOA1,exact,3406.0,18979.0,True
NCOA2,NCOA2,exact,15066.0,10815.0,True
NCOA3,NCOA3,exact,29765.0,20444.0,True
NCOA6,NCOA6,exact,29551.0,11484.0,True
NCOR1,NCOR1,exact,26999.0,30946.0,True
NCOR2,NCOR2,exact,21744.0,21597.0,True
NDC1,NDC1,exact,1059.0,5171.0,True
NDOR1,NDOR1,exact,16927.0,1402.0,True
NDST1,NDST1,exact,9810.0,9622.0,True
NDST2,NDST2,exact,19481.0,1181.0,True
NDST3,NDST3,exact,8014.0,558.0,True
NDST4,NDST4,exact,8006.0,14.0,False
NDUFA1,NDUFA1,exact,14085.0,46440.0,True
NDUFA10,NDUFA10,exact,5381.0,30471.0,True
NDUFA11,NDUFA11,exact,30275.0,42159.0,True
NDUFA12,NDUFA12,exact,21325.0,39158.0,True
NDUFA13,NDUFA13,exact,30808.0,41452.0,True
NDUFA2,NDUFA2,exact,9627.0,37256.0,True
NDUFA3,NDUFA3,exact,31803.0,35962.0,True
NDUFA5,NDUFA5,exact,12854.0,34843.0,True
NDUFA6,NDUFA6,exact,32808.0,29615.0,True
NDUFA7,NDUFA7,exact,30370.0,16137.0,True
NDUFA8,NDUFA8,exact,16575.0,30261.0,True
NDUFA9,NDUFA9,exact,20172.0,24834.0,True
NDUFAB1,NDUFAB1,exact,25576.0,38339.0,True
NDUFAF1,NDUFAF1,exact,24182.0,10994.0,True
NDUFAF2,NDUFAF2,exact,8951.0,23996.0,True
NDUFAF3,NDUFAF3,exact,5884.0,36067.0,True
NDUFAF4,NDUFAF4,exact,11206.0,14527.0,True
NDUFAF5,NDUFAF5,exact,29321.0,10761.0,True
NDUFAF6,NDUFAF6,exact,15269.0,9893.0,True
NDUFAF7,NDUFAF7,exact,3555.0,7922.0,True
NDUFAF8,NDUFAF8,exact,28371.0,33033.0,True
NDUFB1,NDUFB1,exact,23504.0,39578.0,True
NDUFB10,NDUFB10,exact,25174.0,39367.0,True
NDUFB11,NDUFB11,exact,13609.0,41950.0,True
NDUFB2,NDUFB2,exact,13025.0,46133.0,True
NDUFB3,NDUFB3,exact,4957.0,36434.0,True
NDUFB4,NDUFB4,exact,6383.0,42177.0,True
NDUFB5,NDUFB5,exact,6899.0,35528.0,True
NDUFB6,NDUFB6,exact,15918.0,30310.0,True
NDUFB7,NDUFB7,exact,30619.0,42208.0,True
NDUFB8,NDUFB8,exact,19767.0,42107.0,True
NDUFB9,NDUFB9,exact,15491.0,33220.0,True
NDUFC1,NDUFC1,exact,8137.0,39293.0,True
NDUFC2,NDUFC2,exact,18305.0,44059.0,True
NDUFS1,NDUFS1,exact,5003.0,22115.0,True
NDUFS2,NDUFS2,exact,2192.0,32035.0,True
NDUFS3,NDUFS3,exact,17610.0,31197.0,True
NDUFS4,NDUFS4,exact,8888.0,35838.0,True
NDUFS5,NDUFS5,exact,803.0,45230.0,True
NDUFS6,NDUFS6,exact,8540.0,41502.0,True
NDUFS7,NDUFS7,exact,30098.0,33995.0,True
NDUFS8,NDUFS8,exact,18106.0,37991.0,True
NDUFV1,NDUFV1,exact,18097.0,30536.0,True
NDUFV2,NDUFV2,exact,28571.0,38384.0,True
NDUFV3,NDUFV3,exact,33354.0,24657.0,True
NEK1,NEK1,exact,8345.0,8847.0,True
NEU1,NEU1,exact,10647.0,19969.0,True
NEU2,NEU2,exact,5299.0,0.0,False
NEU3,NEU3,exact,18243.0,3813.0,True
NEU4,NEU4,exact,5428.0,548.0,True
NFS1,NFS1,exact,29578.0,8287.0,True
NFYA,NFYA,exact,10830.0,4763.0,True
NFYB,NFYB,exact,21414.0,17483.0,True
NFYC,NFYC,exact,842.0,11839.0,True
NHLRC1,NHLRC1,exact,10344.0,1326.0,True
NME1,NME1,exact,27902.0,32945.0,True
NME2,NME2,exact,27904.0,8154.0,True
NME3,NME3,exact,25160.0,30460.0,True
NME4,NME4,exact,25074.0,29856.0,True
NME6,NME6,exact,5852.0,10544.0,True
NMNAT1,NMNAT1,exact,224.0,4174.0,True
NMNAT2,NMNAT2,exact,2440.0,14138.0,True
NMNAT3,NMNAT3,exact,6595.0,3101.0,True
NMRAL1,NMRAL1,exact,25307.0,15956.0,True
NMRK1,NMRK1,exact,16184.0,11193.0,True
NMRK2,NMRK2,exact,30206.0,4.0,False
NMT1,NMT1,exact,27711.0,22981.0,True
NMT2,NMT2,exact,19034.0,9129.0,True
NNMT,NNMT,exact,18577.0,27510.0,True
NNT,NNT,exact,8854.0,15872.0,True
NOS3,NOS3,exact,13237.0,1121.0,True
NOSIP,NOSIP,exact,31604.0,26379.0,True
NOSTRIN,NOSTRIN,exact,4687.0,2838.0,True
NPAS2,NPAS2,exact,4211.0,4264.0,True
NQO1,NQO1,exact,26212.0,15817.0,True
NQO2,NQO2,exact,10198.0,16933.0,True
NR1D1,NR1D1,exact,27486.0,3155.0,True
NR1H2,NR1H2,exact,31641.0,19391.0,True
NR1H3,NR1H3,exact,17600.0,4534.0,True
NR1H4,NR1H4,exact,21369.0,23.0,True
NRF1,NRF1,exact,12921.0,3641.0,True
NSDHL,NSDHL,exact,14314.0,9948.0,True
NT5C,NT5C,exact,28210.0,27269.0,True
NT5C1A,NT5C1A,exact,811.0,22.0,True
NT5C1B,NT5C1B,exact,3344.0,25.0,True
NT5C2,NT5C2,exact,19829.0,15177.0,True
NT5C3A,NT5C3A,exact,12129.0,14788.0,True
NT5E,NT5E,exact,11150.0,15866.0,True
NT5M,NT5M,exact,27029.0,2563.0,True
NUBP1,NUBP1,exact,25375.0,11499.0,True
NUBP2,NUBP2,exact,25164.0,19359.0,True
NUBPL,NUBPL,exact,22905.0,6122.0,True
NUDT1,NUDT1,exact,11846.0,17728.0,True
NUDT10,NUDT10,exact,13701.0,2488.0,True
NUDT11,NUDT11,exact,13705.0,6651.0,True
NUDT12,NUDT12,exact,9290.0,6062.0,True
NUDT13,NUDT13,exact,19454.0,868.0,True
NUDT15,NUDT15,exact,22141.0,10890.0,True
NUDT16,NUDT16,exact,6519.0,17599.0,True
NUDT18,NUDT18,exact,14634.0,5195.0,True
NUDT19,NUDT19,exact,30954.0,6913.0,True
NUDT3,NUDT3,exact,10741.0,20714.0,True
NUDT4,NUDT4,exact,21309.0,25326.0,True
NUDT5,NUDT5,exact,19002.0,23188.0,True
NUDT7,NUDT7,exact,26342.0,4768.0,True
NUDT8,NUDT8,exact,18098.0,7909.0,True
NUDT9,NUDT9,exact,7818.0,14467.0,True
NUP107,NUP107,exact,21122.0,14797.0,True
NUP133,NUP133,exact,2923.0,9615.0,True
NUP153,NUP153,exact,10341.0,12693.0,True
NUP155,NUP155,exact,8790.0,9152.0,True
NUP160,NUP160,exact,17619.0,13018.0,True
NUP188,NUP188,exact,16715.0,8958.0,True
NUP205,NUP205,exact,12981.0,8835.0,True
NUP210,NUP210,exact,5551.0,2442.0,True
NUP214,NUP214,exact,16765.0,12782.0,True
NUP35,NUP35,exact,4841.0,6100.0,True
NUP37,NUP37,exact,21390.0,15790.0,True
NUP42,,unmatched,,,False
NUP43,NUP43,exact,11587.0,6620.0,True
NUP50,NUP50,exact,32862.0,12854.0,True
NUP54,NUP54,exact,7739.0,12860.0,True
NUP58,NUP58,exact,21941.0,16421.0,True
NUP62,NUP62,exact,31629.0,14744.0,True
NUP85,NUP85,exact,28213.0,8070.0,True
NUP88,NUP88,exact,26752.0,9702.0,True
NUP93,NUP93,exact,26009.0,11275.0,True
NUP98,NUP98,exact,17093.0,13153.0,True
OAT,OAT,exact,19997.0,27273.0,True
OAZ1,OAZ1,exact,30144.0,52862.0,True
OAZ2,OAZ2,exact,24494.0,26078.0,True
OAZ3,OAZ3,exact,1858.0,1079.0,True
OCA2,OCA2,exact,24009.0,520.0,True
OCRL,OCRL,exact,14134.0,8925.0,True
ODC1,ODC1,exact,3276.0,34910.0,True
OGDH,OGDH,exact,12246.0,13730.0,True
OGN,OGN,exact,16293.0,27409.0,True
OLAH,OLAH,exact,19031.0,1307.0,True
OMD,OMD,exact,16294.0,20683.0,True
OPLAH,OPLAH,exact,15673.0,2499.0,True
ORMDL1,ORMDL1,exact,4872.0,31550.0,True
ORMDL2,ORMDL2,exact,20931.0,18502.0,True
ORMDL3,ORMDL3,exact,27477.0,10077.0,True
OSBP,OSBP,exact,17755.0,15164.0,True
OSBPL10,OSBPL10,exact,5655.0,9109.0,True
OSBPL1A,OSBPL1A,exact,28705.0,20149.0,True
OSBPL2,OSBPL2,exact,29931.0,9414.0,True
OSBPL3,OSBPL3,exact,12028.0,3906.0,True
OSBPL5,OSBPL5,exact,17081.0,3692.0,True
OSBPL6,OSBPL6,exact,4800.0,4335.0,True
OSBPL7,OSBPL7,exact,27772.0,3003.0,True
OSBPL8,OSBPL8,exact,21198.0,27088.0,True
OSBPL9,OSBPL9,exact,1015.0,17078.0,True
OTC,OTC,exact,13554.0,4.0,False
OXA1L,OXA1L,exact,22766.0,19286.0,True
OXCT1,OXCT1,exact,8829.0,13257.0,True
OXCT2,OXCT2,exact,815.0,549.0,True
PAH,PAH,exact,21396.0,10.0,False
PAICS,PAICS,exact,7591.0,17113.0,True
PANK1,PANK1,exact,19626.0,4266.0,True
PANK2,PANK2,exact,29229.0,14360.0,True
PANK3,PANK3,exact,9953.0,18040.0,True
PANK4,PANK4,exact,99.0,2886.0,True
PAOX,PAOX,exact,20094.0,2855.0,True
PAPSS1,PAPSS1,exact,7950.0,20316.0,True
PAPSS2,PAPSS2,exact,19601.0,7917.0,True
PARP10,PARP10,exact,15670.0,7274.0,True
PARP14,PARP14,exact,6409.0,19125.0,True
PARP16,PARP16,exact,24516.0,3988.0,True
PARP4,PARP4,exact,21930.0,13746.0,True
PARP6,PARP6,exact,24603.0,9204.0,True
PARP8,PARP8,exact,8869.0,10994.0,True
PARP9,PARP9,exact,6406.0,10265.0,True
PC,PC,exact,18065.0,4247.0,True
PCBD1,PCBD1,exact,19425.0,22683.0,True
PCCA,PCCA,exact,22399.0,12130.0,True
PCCB,PCCB,exact,6556.0,10319.0,True
PCK1,PCK1,exact,29871.0,293.0,True
PCK2,PCK2,exact,22819.0,3515.0,True
PCTP,PCTP,exact,27927.0,7180.0,True
PCYT1A,PCYT1A,exact,7106.0,14152.0,True
PCYT1B,PCYT1B,exact,13501.0,1449.0,True
PCYT2,PCYT2,exact,28413.0,11161.0,True
PDHA1,PDHA1,exact,13465.0,23897.0,True
PDHA2,PDHA2,exact,7870.0,0.0,False
PDHB,PDHB,exact,6062.0,26442.0,True
PDHX,PDHX,exact,17492.0,12231.0,True
PDK1,PDK1,exact,4732.0,8012.0,True
PDK2,PDK2,exact,27857.0,11972.0,True
PDK3,PDK3,exact,13500.0,5286.0,True
PDK4,PDK4,exact,12571.0,10895.0,True
PDP1,PDP1,exact,15252.0,13657.0,True
PDP2,PDP2,exact,26110.0,3604.0,True
PDPR,PDPR,exact,26218.0,10364.0,True
PDSS1,PDSS1,exact,19112.0,3679.0,True
PDSS2,PDSS2,exact,11254.0,7011.0,True
PDXK,PDXK,exact,33372.0,32565.0,True
PDZD11,PDZD11,exact,13811.0,22186.0,True
PECR,PECR,exact,5082.0,5856.0,True
PEMT,PEMT,exact,27032.0,12701.0,True
PET100,PET100,exact,30336.0,32367.0,True
PET117,PET117,exact,29344.0,8063.0,True
PEX11A,PEX11A,exact,24880.0,5730.0,True
PFAS,PFAS,exact,26874.0,4928.0,True
PFKFB1,PFKFB1,exact,13748.0,42.0,True
PFKFB2,PFKFB2,exact,2680.0,2913.0,True
PFKFB3,PFKFB3,exact,18953.0,11535.0,True
PFKFB4,PFKFB4,exact,5862.0,2777.0,True
PFKL,PFKL,exact,33389.0,20018.0,True
PFKM,PFKM,exact,20667.0,17839.0,True
PFKP,PFKP,exact,18902.0,18084.0,True
PGAM1,PGAM1,exact,19714.0,40334.0,True
PGAM2,PGAM2,exact,12234.0,880.0,True
PGAM5,PGAM5,exact,21849.0,7238.0,True
PGD,PGD,exact,230.0,13168.0,True
PGK1,PGK1,exact,13883.0,44850.0,True
PGK2,PGK2,exact,10967.0,0.0,False
PGLS,PGLS,exact,30730.0,32895.0,True
PGM1,PGM1,exact,1158.0,18104.0,True
PGM2,PGM2,exact,7447.0,8669.0,True
PGM2L1,PGM2L1,exact,18233.0,10108.0,True
PGP,PGP,exact,25200.0,27476.0,True
PGS1,PGS1,exact,28310.0,7935.0,True
PHGDH,PHGDH,exact,1669.0,8392.0,True
PHKA1,PHKA1,exact,13846.0,3764.0,True
PHKA2,PHKA2,exact,13463.0,5848.0,True
PHKB,PHKB,exact,25881.0,18495.0,True
PHKG1,PHKG1,exact,12331.0,3369.0,True
PHKG2,PHKG2,exact,25750.0,11891.0,True
PHOSPHO1,PHOSPHO1,exact,27829.0,59.0,True
PHYH,PHYH,exact,19010.0,11494.0,True
PHYKPL,PHYKPL,exact,10098.0,14632.0,True
PI4K2A,PI4K2A,exact,19724.0,7936.0,True
PI4K2B,PI4K2B,exact,7399.0,3614.0,True
PI4KA,PI4KA,exact,32250.0,8107.0,True
PI4KB,PI4KB,exact,1841.0,12489.0,True
PIAS4,PIAS4,exact,30209.0,6688.0,True
PIK3C2A,PIK3C2A,exact,17334.0,24729.0,True
PIK3C2B,PIK3C2B,exact,2627.0,7797.0,True
PIK3C2G,PIK3C2G,exact,20431.0,3.0,False
PIK3C3,PIK3C3,exact,28820.0,12131.0,True
PIK3CA,PIK3CA,exact,6887.0,19272.0,True
PIK3CB,PIK3CB,exact,6579.0,7849.0,True
PIK3CD,PIK3CD,exact,217.0,4745.0,True
PIK3CG,PIK3CG,exact,12753.0,1329.0,True
PIK3R1,PIK3R1,exact,8996.0,24303.0,True
PIK3R2,PIK3R2,exact,30750.0,2380.0,True
PIK3R3,PIK3R3,exact,944.0,10398.0,True
PIK3R4,PIK3R4,exact,6513.0,6139.0,True
PIK3R5,PIK3R5,exact,26893.0,2603.0,True
PIK3R6,PIK3R6,exact,26892.0,339.0,True
PIKFYVE,PIKFYVE,exact,5040.0,9716.0,True
PIP4K2A,PIP4K2A,exact,19090.0,14256.0,True
PIP4K2B,PIP4K2B,exact,27442.0,12340.0,True
PIP4K2C,PIP4K2C,exact,21014.0,7003.0,True
PIP4P1,PIP4P1,exact,22577.0,10233.0,True
PIP5K1A,PIP5K1A,exact,1837.0,14228.0,True
PIP5K1B,PIP5K1B,exact,16141.0,2592.0,True
PIP5K1C,PIP5K1C,exact,30196.0,13104.0,True
PIPOX,PIPOX,exact,27212.0,241.0,True
PISD,PISD,exact,32575.0,7516.0,True
PITPNB,PITPNB,exact,32494.0,18327.0,True
PITPNM1,PITPNM1,exact,18091.0,6981.0,True
PITPNM2,PITPNM2,exact,21714.0,3203.0,True
PITPNM3,PITPNM3,exact,26767.0,836.0,True
PKLR,PKLR,exact,2014.0,65.0,True
PKM,PKM,exact,24602.0,44449.0,True
PLA1A,PLA1A,exact,6371.0,419.0,True
PLA2G10,PLA2G10,exact,25435.0,5.0,False
PLA2G12A,PLA2G12A,exact,7968.0,12988.0,True
PLA2G15,PLA2G15,exact,26181.0,7930.0,True
PLA2G1B,PLA2G1B,exact,21635.0,509.0,True
PLA2G2A,PLA2G2A,exact,424.0,700.0,True
PLA2G2D,PLA2G2D,exact,426.0,6.0,False
PLA2G2E,PLA2G2E,exact,423.0,0.0,False
PLA2G2F,PLA2G2F,exact,427.0,2.0,False
PLA2G3,PLA2G3,exact,32563.0,502.0,True
PLA2G4A,PLA2G4A,exact,2473.0,1824.0,True
PLA2G4B,PLA2G4B,exact,24195.0,69.0,True
PLA2G4C,PLA2G4C,exact,31513.0,2894.0,True
PLA2G4D,PLA2G4D,exact,24203.0,9.0,False
PLA2G4E,PLA2G4E,exact,24201.0,0.0,False
PLA2G4F,PLA2G4F,exact,24204.0,0.0,False
PLA2G5,PLA2G5,exact,425.0,48.0,True
PLA2G6,PLA2G6,exact,32703.0,2582.0,True
PLA2R1,PLA2R1,exact,4640.0,14815.0,True
PLAAT1,,unmatched,,,False
PLAAT2,,unmatched,,,False
PLAAT3,,unmatched,,,False
PLAAT4,,unmatched,,,False
PLAAT5,,unmatched,,,False
PLB1,PLB1,exact,3487.0,1368.0,True
PLBD1,PLBD1,exact,20398.0,17076.0,True
PLCB1,PLCB1,exact,29281.0,10106.0,True
PLCB2,PLCB2,exact,24139.0,3158.0,True
PLCB3,PLCB3,exact,17925.0,6637.0,True
PLCB4,PLCB4,exact,29282.0,6976.0,True
PLCD1,PLCD1,exact,5699.0,4213.0,True
PLCD3,PLCD3,exact,27712.0,14411.0,True
PLCD4,PLCD4,exact,5126.0,5637.0,True
PLCE1,PLCE1,exact,19672.0,14254.0,True
PLCG1,PLCG1,exact,29651.0,8984.0,True
PLCG2,PLCG2,exact,26388.0,2360.0,True
PLCH1,PLCH1,exact,6733.0,247.0,True
PLCH2,PLCH2,exact,96.0,690.0,True
PLCZ1,PLCZ1,exact,20432.0,7.0,False
PLD1,PLD1,exact,6851.0,11346.0,True
PLD2,PLD2,exact,26724.0,6988.0,True
PLD3,PLD3,exact,31230.0,35799.0,True
PLD4,PLD4,exact,23717.0,3246.0,True
PLD6,PLD6,exact,27024.0,2541.0,True
PLEKHA1,PLEKHA1,exact,19975.0,21454.0,True
PLEKHA2,PLEKHA2,exact,14830.0,13708.0,True
PLEKHA3,PLEKHA3,exact,4805.0,20945.0,True
PLEKHA4,PLEKHA4,exact,31554.0,11875.0,True
PLEKHA5,PLEKHA5,exact,20435.0,13742.0,True
PLEKHA6,PLEKHA6,exact,2622.0,16107.0,True
PLEKHA8,PLEKHA8,exact,12093.0,8262.0,True
PLIN1,PLIN1,exact,24879.0,203.0,True
PLIN2,PLIN2,exact,15843.0,8855.0,True
PLIN3,PLIN3,exact,30250.0,21674.0,True
PLPP1,PLPP1,exact,8908.0,21258.0,True
PLPP2,PLPP2,exact,30037.0,7246.0,True
PLPP3,PLPP3,exact,1102.0,14345.0,True
PLPP6,PLPP6,exact,15763.0,3418.0,True
PM20D1,PM20D1,exact,2653.0,36.0,True
PMVK,PMVK,exact,1981.0,19656.0,True
PNKD,PNKD,exact,5116.0,32604.0,True
PNLIP,PNLIP,exact,19917.0,0.0,False
PNMT,PNMT,exact,27469.0,800.0,True
PNP,PNP,exact,22578.0,12277.0,True
PNPLA2,PNPLA2,exact,17011.0,14691.0,True
PNPLA3,PNPLA3,exact,32845.0,972.0,True
PNPLA4,PNPLA4,exact,13379.0,13492.0,True
PNPLA5,PNPLA5,exact,32844.0,1.0,False
PNPLA6,PNPLA6,exact,30333.0,9572.0,True
PNPLA7,PNPLA7,exact,16944.0,1059.0,True
PNPLA8,PNPLA8,exact,12772.0,20854.0,True
PNPO,PNPO,exact,27782.0,8258.0,True
PODXL2,PODXL2,exact,6467.0,9562.0,True
POLD1,POLD1,exact,31644.0,4310.0,True
POM121,POM121,exact,12398.0,15186.0,True
POM121C,POM121C,exact,12437.0,15209.0,True
POMC,POMC,exact,3414.0,2054.0,True
PON1,PON1,exact,12565.0,9.0,False
PON2,PON2,exact,12567.0,29447.0,True
PON3,PON3,exact,12566.0,164.0,True
POR,POR,exact,12443.0,17563.0,True
PPA1,PPA1,exact,19415.0,35059.0,True
PPA2,PPA2,exact,7935.0,21280.0,True
PPARA,PPARA,exact,32883.0,6065.0,True
PPARD,PPARD,exact,10757.0,7632.0,True
PPARG,PPARG,exact,5540.0,3309.0,True
PPARGC1A,PPARGC1A,exact,7388.0,7360.0,True
PPARGC1B,PPARGC1B,exact,9795.0,1869.0,True
PPAT,PPAT,exact,7589.0,6839.0,True
PPCDC,PPCDC,exact,24670.0,5772.0,True
PPCS,PPCS,exact,862.0,22522.0,True
PPIP5K1,PPIP5K1,exact,24238.0,1838.0,True
PPIP5K2,PPIP5K2,exact,9285.0,15567.0,True
PPM1K,PPM1K,exact,7829.0,14711.0,True
PPM1L,PPM1L,exact,6786.0,2273.0,True
PPOX,PPOX,exact,2189.0,6252.0,True
PPP1CA,PPP1CA,exact,18080.0,32647.0,True
PPP1CB,PPP1CB,exact,3490.0,43894.0,True
PPP1CC,PPP1CC,exact,21502.0,31525.0,True
PPP1R3C,PPP1R3C,exact,19647.0,5911.0,True
PPP2CA,PPP2CA,exact,9509.0,24498.0,True
PPP2CB,PPP2CB,exact,14762.0,30690.0,True
PPP2R1A,PPP2R1A,exact,31741.0,28326.0,True
PPP2R1B,PPP2R1B,exact,18531.0,15280.0,True
PPP2R5D,PPP2R5D,exact,10875.0,6139.0,True
PPT1,PPT1,exact,824.0,20954.0,True
PPT2,PPT2,exact,10670.0,2957.0,True
PRELP,PRELP,exact,2607.0,15673.0,True
PRKAA2,PRKAA2,exact,1103.0,6919.0,True
PRKAB2,PRKAB2,exact,1741.0,9558.0,True
PRKACA,PRKACA,exact,30602.0,17353.0,True
PRKACB,PRKACB,exact,1293.0,11823.0,True
PRKACG,PRKACG,exact,16144.0,1.0,False
PRKAG2,PRKAG2,exact,13262.0,22917.0,True
PRKAR1A,PRKAR1A,exact,28120.0,37027.0,True
PRKAR1B,PRKAR1B,exact,11808.0,6443.0,True
PRKAR2A,PRKAR2A,exact,5873.0,23891.0,True
PRKAR2B,PRKAR2B,exact,12754.0,9185.0,True
PRKCA,PRKCA,exact,28091.0,21260.0,True
PRKD1,PRKD1,exact,22886.0,2583.0,True
PRKD2,PRKD2,exact,31474.0,6924.0,True
PRKD3,PRKD3,exact,3556.0,17541.0,True
PRKG2,PRKG2,exact,7775.0,181.0,True
PRODH,PRODH,exact,32195.0,523.0,True
PRODH2,PRODH2,exact,31062.0,0.0,False
PRPS1,PRPS1,exact,14016.0,14820.0,True
PRPS1L1,PRPS1L1,exact,11977.0,0.0,False
PRPS2,PRPS2,exact,13405.0,10237.0,True
PRSS1,PRSS1,exact,13112.0,1.0,False
PRSS3,PRSS3,exact,15951.0,1782.0,True
PRXL2B,,unmatched,,,False
PSAP,PSAP,exact,19436.0,45372.0,True
PSAT1,PSAT1,exact,16199.0,10798.0,True
PSMA1,PSMA1,exact,17318.0,40282.0,True
PSMA2,PSMA2,exact,12217.0,35366.0,True
PSMA3,PSMA3,exact,23128.0,34568.0,True
PSMA4,PSMA4,exact,24735.0,39755.0,True
PSMA5,PSMA5,exact,1506.0,31777.0,True
PSMA6,PSMA6,exact,22931.0,7886.0,True
PSMA7,PSMA7,exact,29927.0,50493.0,True
PSMB1,PSMB1,exact,11787.0,45578.0,True
PSMB2,PSMB2,exact,741.0,34305.0,True
PSMB3,PSMB3,exact,27441.0,40526.0,True
PSMB4,PSMB4,exact,1847.0,36284.0,True
PSMB5,PSMB5,exact,22781.0,37069.0,True
PSMB6,PSMB6,exact,26722.0,40430.0,True
PSMB7,PSMB7,exact,16615.0,37537.0,True
PSMC1,PSMC1,exact,23478.0,31645.0,True
PSMC2,PSMC2,exact,12727.0,24887.0,True
PSMC3,PSMC3,exact,17607.0,31305.0,True
PSMC4,PSMC4,exact,31220.0,30286.0,True
PSMC5,PSMC5,exact,28057.0,36876.0,True
PSMC6,PSMC6,exact,23071.0,29211.0,True
PSMD1,PSMD1,exact,5267.0,28203.0,True
PSMD11,PSMD11,exact,27296.0,29709.0,True
PSMD12,PSMD12,exact,28101.0,25327.0,True
PSMD13,PSMD13,exact,16963.0,29726.0,True
PSMD14,PSMD14,exact,4648.0,24231.0,True
PSMD2,PSMD2,exact,6958.0,33843.0,True
PSMD3,PSMD3,exact,27481.0,26319.0,True
PSMD6,PSMD6,exact,6092.0,24351.0,True
PSMD7,PSMD7,exact,26289.0,32952.0,True
PSMD8,PSMD8,exact,31151.0,41382.0,True
PSPH,PSPH,exact,12328.0,4813.0,True
PSTK,PSTK,exact,19984.0,5176.0,True
PTDSS1,PTDSS1,exact,15284.0,15311.0,True
PTDSS2,PTDSS2,exact,16982.0,14594.0,True
PTEN,PTEN,exact,19604.0,25221.0,True
PTGDS,PTGDS,exact,16900.0,25386.0,True
PTGES,PTGES,exact,16743.0,5047.0,True
PTGES2,PTGES2,exact,16678.0,19116.0,True
PTGES3,PTGES3,exact,20981.0,46284.0,True
PTGIS,PTGIS,exact,29788.0,6051.0,True
PTGR1,PTGR1,exact,16477.0,24944.0,True
PTGR2,PTGR2,exact,23310.0,5921.0,True
PTGS1,PTGS1,exact,16580.0,2362.0,True
PTGS2,PTGS2,exact,2471.0,5718.0,True
PTPMT1,PTPMT1,exact,17611.0,24953.0,True
PTPN13,PTPN13,exact,7808.0,21351.0,True
PTS,PTS,exact,18552.0,24140.0,True
PUDP,PUDP,exact,13376.0,4291.0,True
PXMP2,PXMP2,exact,21847.0,21460.0,True
PXYLP1,PXYLP1,exact,6608.0,2907.0,True
PYCR1,PYCR1,exact,28418.0,12135.0,True
PYCR2,PYCR2,exact,2864.0,14477.0,True
PYCR3,PYCR3,exact,15653.0,3689.0,True
PYGB,PYGB,exact,29451.0,13403.0,True
PYGL,PYGL,exact,23042.0,13808.0,True
PYGM,PYGM,exact,17945.0,828.0,True
PYURF,PYURF,exact,7833.0,32810.0,True
QARS1,,unmatched,,,False
QDPR,QDPR,exact,7360.0,16504.0,True
QPRT,QPRT,exact,25674.0,15883.0,True
RAB14,RAB14,exact,16565.0,33962.0,True
RAB4A,RAB4A,exact,2918.0,26551.0,True
RAB5A,RAB5A,exact,5607.0,24538.0,True
RAB5IF,RAB5IF,exact,29597.0,26755.0,True
RAE1,RAE1,exact,29866.0,12491.0,True
RAN,RAN,exact,21805.0,46790.0,True
RANBP2,RANBP2,exact,4294.0,27829.0,True
RANBP9,RANBP9,exact,10314.0,14616.0,True
RAP1A,RAP1A,exact,1572.0,25382.0,True
RAPGEF3,RAPGEF3,exact,20651.0,5695.0,True
RAPGEF4,RAPGEF4,exact,4734.0,2742.0,True
RARS1,,unmatched,,,False
RBKS,RBKS,exact,3480.0,4149.0,True
RBP1,RBP1,exact,6594.0,23959.0,True
RBP2,RBP2,exact,6592.0,8.0,False
RBP4,RBP4,exact,19666.0,3027.0,True
RDH11,RDH11,exact,23233.0,20122.0,True
RETSAT,RETSAT,exact,3972.0,7186.0,True
RFK,RFK,exact,16188.0,18192.0,True
RGL1,RGL1,exact,2444.0,9258.0,True
RHCE,RHCE,exact,533.0,328.0,True
RHD,RHD,exact,531.0,192.0,True
RIDA,RIDA,exact,15297.0,8846.0,True
RIMKLA,RIMKLA,exact,860.0,1067.0,True
RIMKLB,RIMKLB,exact,20284.0,15860.0,True
RMND5A,RMND5A,exact,4003.0,12883.0,True
RMND5B,RMND5B,exact,10095.0,13599.0,True
RNLS,RNLS,exact,19605.0,4079.0,True
RORA,RORA,exact,24439.0,12862.0,True
RPE,RPE,exact,5044.0,12512.0,True
RPEL1,RPEL1,exact,19830.0,87.0,True
RPIA,RPIA,exact,4024.0,13916.0,True
RPL10,RPL10,exact,14362.0,58498.0,True
RPL10A,RPL10A,exact,10759.0,55876.0,True
RPL10L,RPL10L,exact,23008.0,1.0,False
RPL11,RPL11,exact,494.0,58025.0,True
RPL12,RPL12,exact,16651.0,57627.0,True
RPL13,RPL13,exact,26552.0,58488.0,True
RPL13A,RPL13A,exact,31600.0,57578.0,True
RPL14,RPL14,exact,5730.0,56861.0,True
RPL15,RPL15,exact,5621.0,58007.0,True
RPL17,RPL17,exact,28872.0,33503.0,True
RPL18,RPL18,exact,31540.0,57647.0,True
RPL18A,RPL18A,exact,30742.0,57012.0,True
RPL19,RPL19,exact,27457.0,58057.0,True
RPL21,RPL21,exact,21957.0,57688.0,True
RPL22,RPL22,exact,155.0,55790.0,True
RPL22L1,RPL22L1,exact,6846.0,43210.0,True
RPL23,RPL23,exact,27445.0,55076.0,True
RPL23A,RPL23A,exact,27193.0,57167.0,True
RPL24,RPL24,exact,6247.0,57338.0,True
RPL26,RPL26,exact,26885.0,57829.0,True
RPL26L1,RPL26L1,exact,9998.0,26524.0,True
RPL27,RPL27,exact,27637.0,55655.0,True
RPL27A,RPL27A,exact,17244.0,56894.0,True
RPL28,RPL28,exact,31877.0,57867.0,True
RPL29,RPL29,exact,5976.0,57616.0,True
RPL3,RPL3,exact,32746.0,57807.0,True
RPL30,RPL30,exact,15294.0,57889.0,True
RPL31,RPL31,exact,4214.0,52035.0,True
RPL32,RPL32,exact,5548.0,58170.0,True
RPL34,RPL34,exact,7958.0,57806.0,True
RPL35,RPL35,exact,16624.0,56999.0,True
RPL35A,RPL35A,exact,7147.0,57356.0,True
RPL36,RPL36,exact,30261.0,57134.0,True
RPL36A,RPL36A,exact,13940.0,45735.0,True
RPL36AL,RPL36AL,exact,23015.0,51934.0,True
RPL37,RPL37,exact,8823.0,57858.0,True
RPL37A,RPL37A,exact,5092.0,57795.0,True
RPL38,RPL38,exact,28172.0,55761.0,True
RPL39,RPL39,exact,14082.0,57766.0,True
RPL39L,RPL39L,exact,7008.0,13912.0,True
RPL3L,RPL3L,exact,25173.0,9.0,False
RPL4,RPL4,exact,24534.0,53521.0,True
RPL41,RPL41,exact,20949.0,58432.0,True
RPL5,RPL5,exact,1378.0,56563.0,True
RPL6,RPL6,exact,21528.0,57308.0,True
RPL7,RPL7,exact,15090.0,55689.0,True
RPL7A,RPL7A,exact,16799.0,58073.0,True
RPL8,RPL8,exact,15718.0,57610.0,True
RPL9,RPL9,exact,7468.0,57620.0,True
RPLP0,RPLP0,exact,21630.0,55437.0,True
RPLP1,RPLP1,exact,24573.0,58518.0,True
RPLP2,RPLP2,exact,17010.0,56897.0,True
RPS10,RPS10,exact,10743.0,53537.0,True
RPS11,RPS11,exact,31601.0,56602.0,True
RPS12,RPS12,exact,11442.0,58100.0,True
RPS13,RPS13,exact,17333.0,57100.0,True
RPS14,RPS14,exact,9808.0,58084.0,True
RPS15,RPS15,exact,30103.0,57475.0,True
RPS15A,RPS15A,exact,25483.0,57479.0,True
RPS16,RPS16,exact,31202.0,57417.0,True
RPS17,RPS17,exact,24794.0,38110.0,True
RPS18,RPS18,exact,10714.0,58275.0,True
RPS19,RPS19,exact,31289.0,57857.0,True
RPS2,RPS2,exact,25175.0,58105.0,True
RPS20,RPS20,exact,14949.0,53938.0,True
RPS21,RPS21,exact,29937.0,55438.0,True
RPS23,RPS23,exact,9147.0,58126.0,True
RPS24,RPS24,exact,19519.0,58226.0,True
RPS25,RPS25,exact,18662.0,56358.0,True
RPS26,RPS26,exact,20944.0,51849.0,True
RPS27,RPS27,exact,1961.0,58046.0,True
RPS27A,RPS27A,exact,3708.0,58180.0,True
RPS27L,RPS27L,exact,24471.0,48056.0,True
RPS28,RPS28,exact,30371.0,57584.0,True
RPS29,RPS29,exact,23013.0,56775.0,True
RPS3,RPS3,exact,18252.0,57979.0,True
RPS3A,RPS3A,exact,8224.0,57940.0,True
RPS4X,RPS4X,exact,13843.0,57993.0,True
RPS4Y1,RPS4Y1,exact,32037.0,5925.0,True
RPS4Y2,RPS4Y2,exact,32101.0,0.0,False
RPS5,RPS5,exact,32015.0,55963.0,True
RPS6,RPS6,exact,15848.0,57862.0,True
RPS7,RPS7,exact,3209.0,57320.0,True
RPS8,RPS8,exact,919.0,57609.0,True
RPS9,RPS9,exact,31813.0,57632.0,True
RPSA,RPSA,exact,5724.0,55780.0,True
RRM1,RRM1,exact,17098.0,13596.0,True
RRM2,RRM2,exact,3272.0,5817.0,True
RRM2B,RRM2B,exact,15342.0,12603.0,True
RTEL1,RTEL1,exact,29999.0,51.0,True
RUFY1,RUFY1,exact,10116.0,13161.0,True
RXRA,RXRA,exact,16823.0,14655.0,True
RXRB,RXRB,exact,10707.0,9252.0,True
SACM1L,SACM1L,exact,5806.0,12524.0,True
SAMD8,SAMD8,exact,19497.0,12038.0,True
SAMHD1,SAMHD1,exact,29603.0,12675.0,True
SAR1B,SAR1B,exact,9519.0,23984.0,True
SARDH,SARDH,exact,16814.0,2988.0,True
SARS1,,unmatched,,,False
SAT1,SAT1,exact,13493.0,47622.0,True
SBF1,SBF1,exact,32947.0,8551.0,True
SBF2,SBF2,exact,17266.0,16482.0,True
SC5D,SC5D,exact,18707.0,11782.0,True
SCAP,SCAP,exact,5843.0,12575.0,True
SCD,SCD,exact,19762.0,18406.0,True
SCD5,SCD5,exact,7785.0,15090.0,True
SCLY,SCLY,exact,5358.0,3033.0,True
SCO1,SCO1,exact,26927.0,15965.0,True
SCO2,SCO2,exact,32952.0,9.0,False
SCP2,SCP2,exact,1039.0,33355.0,True
SDC1,SDC1,exact,3360.0,7676.0,True
SDC2,SDC2,exact,15286.0,34614.0,True
SDC3,SDC3,exact,648.0,5870.0,True
SDC4,SDC4,exact,29708.0,11305.0,True
SDHA,SDHA,exact,8506.0,26656.0,True
SDHAF1,SDHAF1,exact,31072.0,10136.0,True
SDHAF2,SDHAF2,exact,17814.0,16362.0,True
SDHAF3,SDHAF3,exact,12579.0,13443.0,True
SDHAF4,SDHAF4,exact,11059.0,3785.0,True
SDHB,SDHB,exact,382.0,22018.0,True
SDHC,SDHC,exact,2199.0,30721.0,True
SDHD,SDHD,exact,18546.0,28855.0,True
SDS,SDS,exact,21545.0,978.0,True
SDSL,SDSL,exact,21546.0,12301.0,True
SEC13,SEC13,exact,5525.0,22956.0,True
SEC23A,SEC23A,exact,22969.0,22374.0,True
SEC24A,SEC24A,exact,9520.0,9999.0,True
SEC24B,SEC24B,exact,7964.0,10390.0,True
SEC24C,SEC24C,exact,19475.0,8882.0,True
SEC24D,SEC24D,exact,8019.0,13497.0,True
SECISBP2,SECISBP2,exact,16265.0,23338.0,True
SEH1L,SEH1L,exact,28635.0,10869.0,True
SELENOI,SELENOI,exact,3427.0,7198.0,True
SEM1,SEM1,exact,12575.0,42992.0,True
SEPHS2,SEPHS2,exact,25728.0,20356.0,True
SEPSECS,SEPSECS,exact,7395.0,3064.0,True
SERINC1,SERINC1,exact,11371.0,34731.0,True
SERINC2,SERINC2,exact,655.0,3628.0,True
SERINC3,SERINC3,exact,29685.0,33518.0,True
SERINC4,SERINC4,exact,24248.0,87.0,True
SERINC5,SERINC5,exact,9125.0,19289.0,True
SERPINA6,SERPINA6,exact,23537.0,36.0,True
SFXN4,SFXN4,exact,19948.0,11417.0,True
SGMS1,SGMS1,exact,19305.0,11047.0,True
SGMS2,SGMS2,exact,7951.0,7382.0,True
SGPL1,SGPL1,exact,19424.0,12095.0,True
SGPP1,SGPP1,exact,23187.0,7778.0,True
SGPP2,SGPP2,exact,5197.0,1714.0,True
SGSH,SGSH,exact,28345.0,5115.0,True
SHMT1,SHMT1,exact,27055.0,6094.0,True
SHMT2,SHMT2,exact,20997.0,17618.0,True
SHPK,SHPK,exact,26679.0,2038.0,True
SIN3A,SIN3A,exact,24680.0,14356.0,True
SIN3B,SIN3B,exact,30692.0,13060.0,True
SIRT3,SIRT3,exact,16962.0,5016.0,True
SIRT4,SIRT4,exact,21634.0,724.0,True
SIRT5,SIRT5,exact,10311.0,7263.0,True
SLC10A1,SLC10A1,exact,23255.0,73.0,True
SLC10A2,SLC10A2,exact,22425.0,0.0,False
SLC17A5,SLC17A5,exact,11085.0,6209.0,True
SLC19A1,SLC19A1,exact,33445.0,2930.0,True
SLC19A2,SLC19A2,exact,2294.0,5662.0,True
SLC19A3,SLC19A3,exact,5237.0,170.0,True
SLC22A13,SLC22A13,exact,5704.0,4.0,False
SLC22A4,SLC22A4,exact,9471.0,2707.0,True
SLC22A5,SLC22A5,exact,9472.0,10686.0,True
SLC23A1,SLC23A1,exact,9591.0,44.0,True
SLC23A2,SLC23A2,exact,29243.0,14836.0,True
SLC25A10,SLC25A10,exact,28400.0,2394.0,True
SLC25A11,SLC25A11,exact,26729.0,28319.0,True
SLC25A12,SLC25A12,exact,4721.0,7994.0,True
SLC25A13,SLC25A13,exact,12574.0,11751.0,True
SLC25A14,SLC25A14,exact,14146.0,5309.0,True
SLC25A15,SLC25A15,exact,22066.0,1530.0,True
SLC25A16,SLC25A16,exact,19389.0,7701.0,True
SLC25A17,SLC25A17,exact,32770.0,6891.0,True
SLC25A18,SLC25A18,exact,32169.0,240.0,True
SLC25A19,SLC25A19,exact,28218.0,4519.0,True
SLC25A2,SLC25A2,exact,9683.0,21.0,True
SLC25A20,SLC25A20,exact,5875.0,3779.0,True
SLC25A21,SLC25A21,exact,22952.0,1081.0,True
SLC25A22,SLC25A22,exact,17007.0,5061.0,True
SLC25A27,SLC25A27,exact,10942.0,2521.0,True
SLC25A28,SLC25A28,exact,19744.0,11500.0,True
SLC25A32,SLC25A32,exact,15365.0,10104.0,True
SLC25A37,SLC25A37,exact,14676.0,23586.0,True
SLC25A4,SLC25A4,exact,8448.0,24366.0,True
SLC25A42,SLC25A42,exact,30793.0,3489.0,True
SLC25A44,SLC25A44,exact,2040.0,10252.0,True
SLC25A51,SLC25A51,exact,16050.0,3762.0,True
SLC26A1,SLC26A1,exact,7176.0,322.0,True
SLC26A11,SLC26A11,exact,28346.0,6501.0,True
SLC26A2,SLC26A2,exact,9797.0,33053.0,True
SLC27A1,SLC27A1,exact,30728.0,6229.0,True
SLC27A2,SLC27A2,exact,24327.0,717.0,True
SLC27A3,SLC27A3,exact,1949.0,10070.0,True
SLC27A5,SLC27A5,exact,32027.0,7756.0,True
SLC2A1,SLC2A1,exact,877.0,10714.0,True
SLC2A2,SLC2A2,exact,6848.0,1.0,False
SLC2A3,SLC2A3,exact,20262.0,28384.0,True
SLC35B2,SLC35B2,exact,10922.0,13445.0,True
SLC35B3,SLC35B3,exact,10267.0,10421.0,True
SLC35D1,SLC35D1,exact,1183.0,5761.0,True
SLC35D2,SLC35D2,exact,16347.0,15427.0,True
SLC36A4,SLC36A4,exact,18395.0,9837.0,True
SLC37A1,SLC37A1,exact,33344.0,1677.0,True
SLC37A2,SLC37A2,exact,18767.0,775.0,True
SLC37A4,SLC37A4,exact,18664.0,5162.0,True
SLC3A2,SLC3A2,exact,17883.0,36488.0,True
SLC44A1,SLC44A1,exact,16435.0,26829.0,True
SLC44A2,SLC44A2,exact,30457.0,17368.0,True
SLC44A3,SLC44A3,exact,1397.0,1146.0,True
SLC44A4,SLC44A4,exact,10648.0,127.0,True
SLC44A5,SLC44A5,exact,1243.0,1127.0,True
SLC45A2,SLC45A2,exact,8757.0,52.0,True
SLC46A1,SLC46A1,exact,27174.0,2897.0,True
SLC51A,SLC51A,exact,7105.0,219.0,True
SLC51B,SLC51B,exact,24507.0,10.0,False
SLC52A1,SLC52A1,exact,26742.0,78.0,True
SLC52A2,SLC52A2,exact,15691.0,14452.0,True
SLC52A3,SLC52A3,exact,29157.0,453.0,True
SLC5A5,SLC5A5,exact,30743.0,14.0,False
SLC5A6,SLC5A6,exact,3452.0,13032.0,True
SLC5A8,SLC5A8,exact,21374.0,28.0,True
SLC6A11,SLC6A11,exact,5529.0,449.0,True
SLC6A12,SLC6A12,exact,20109.0,643.0,True
SLC6A7,SLC6A7,exact,9803.0,62.0,True
SLC6A8,SLC6A8,exact,14332.0,15018.0,True
SLC7A5,SLC7A5,exact,26498.0,11504.0,True
SLC9A1,SLC9A1,exact,583.0,4175.0,True
SLCO1A2,SLCO1A2,exact,20448.0,643.0,True
SLCO1B1,SLCO1B1,exact,20447.0,1.0,False
SLCO1B3,SLCO1B3,exact,20443.0,17.0,False
SLCO2B1,SLCO2B1,exact,18246.0,7188.0,True
SMARCD3,SMARCD3,exact,13254.0,8461.0,True
SMIM20,SMIM20,exact,7406.0,19225.0,True
SMOX,SMOX,exact,29233.0,13969.0,True
SMPD1,SMPD1,exact,17188.0,15301.0,True
SMPD2,SMPD2,exact,11277.0,3072.0,True
SMPD3,SMPD3,exact,26186.0,254.0,True
SMPD4,SMPD4,exact,4463.0,10221.0,True
SMS,SMS,exact,13481.0,24652.0,True
SNAP25,SNAP25,exact,29292.0,422.0,True
SORD,SORD,exact,24267.0,6441.0,True
SP1,SP1,exact,20843.0,14418.0,True
SPAM1,SPAM1,exact,12861.0,0.0,False
SPHK1,SPHK1,exact,28262.0,10068.0,True
SPHK2,SPHK2,exact,31542.0,5469.0,True
SPNS2,SPNS2,exact,26704.0,1761.0,True
SPR,SPR,exact,3870.0,5158.0,True
SPTLC1,SPTLC1,exact,16288.0,22722.0,True
SPTLC2,SPTLC2,exact,23396.0,17745.0,True
SPTLC3,SPTLC3,exact,29314.0,16612.0,True
SPTSSA,SPTSSA,exact,22918.0,26062.0,True
SPTSSB,SPTSSB,exact,6789.0,57.0,True
SQLE,SQLE,exact,15499.0,19173.0,True
SQOR,SQOR,exact,24289.0,12639.0,True
SRD5A1,SRD5A1,exact,8588.0,5984.0,True
SRD5A2,SRD5A2,exact,3513.0,14.0,False
SRD5A3,SRD5A3,exact,7576.0,8357.0,True
SREBF1,SREBF1,exact,27039.0,12301.0,True
SREBF2,SREBF2,exact,32798.0,13669.0,True
SRM,SRM,exact,245.0,30099.0,True
SRR,SRR,exact,26645.0,4621.0,True
ST3GAL1,ST3GAL1,exact,15551.0,8533.0,True
ST3GAL2,ST3GAL2,exact,26226.0,7415.0,True
ST3GAL3,ST3GAL3,exact,899.0,4660.0,True
ST3GAL4,ST3GAL4,exact,18803.0,14851.0,True
ST3GAL5,ST3GAL5,exact,3989.0,21860.0,True
ST3GAL6,ST3GAL6,exact,6222.0,4087.0,True
ST6GALNAC5,ST6GALNAC5,exact,1254.0,215.0,True
ST6GALNAC6,ST6GALNAC6,exact,16667.0,489.0,True
ST8SIA5,ST8SIA5,exact,28840.0,357.0,True
STAB2,STAB2,exact,21402.0,9.0,False
STAR,STAR,exact,14810.0,57.0,True
STARD10,STARD10,exact,18205.0,11788.0,True
STARD3,STARD3,exact,27467.0,11409.0,True
STARD3NL,STARD3NL,exact,12167.0,18526.0,True
STARD4,STARD4,exact,9319.0,8017.0,True
STARD5,STARD5,exact,24778.0,1805.0,True
STARD6,STARD6,exact,28901.0,100.0,True
STARD7,STARD7,exact,4136.0,22721.0,True
STK11,STK11,exact,30086.0,16210.0,True
STS,STS,exact,13377.0,2872.0,True
STX1A,STX1A,exact,12412.0,1725.0,True
STXBP1,STXBP1,exact,16654.0,10066.0,True
SUCLA2,SUCLA2,exact,22137.0,20508.0,True
SUCLG1,SUCLG1,exact,3964.0,31105.0,True
SUCLG2,SUCLG2,exact,6112.0,19494.0,True
SULT1A1,SULT1A1,exact,25638.0,7319.0,True
SULT1A2,SULT1A2,exact,25637.0,10310.0,True
SULT1A3,SULT1A3,exact,25716.0,1740.0,True
SULT1A4,SULT1A4,exact,25669.0,32.0,True
SULT1B1,SULT1B1,exact,7656.0,1986.0,True
SULT1C2,SULT1C2,exact,4288.0,5959.0,True
SULT1C4,SULT1C4,exact,4289.0,5248.0,True
SULT1E1,SULT1E1,exact,7658.0,351.0,True
SULT2A1,SULT2A1,exact,31509.0,3.0,False
SULT2B1,SULT2B1,exact,31537.0,959.0,True
SULT4A1,SULT4A1,exact,32843.0,1936.0,True
SULT6B1,SULT6B1,exact,3552.0,1.0,False
SUMF1,SUMF1,exact,5453.0,12508.0,True
SUMF2,SUMF2,exact,12330.0,20216.0,True
SUMO2,SUMO2,exact,28212.0,51749.0,True
SUOX,SUOX,exact,20940.0,5427.0,True
SURF1,SURF1,exact,16800.0,25161.0,True
SYNJ1,SYNJ1,exact,33203.0,5196.0,True
SYNJ2,SYNJ2,exact,11652.0,18918.0,True
SYT5,SYT5,exact,31859.0,251.0,True
TACO1,TACO1,exact,28049.0,10744.0,True
TAFAZZIN,,unmatched,,,False
TALDO1,TALDO1,exact,17002.0,37771.0,True
TAT,TAT,exact,26251.0,16.0,False
TBL1X,TBL1X,exact,13388.0,11537.0,True
TBL1XR1,TBL1XR1,exact,6871.0,27993.0,True
TBXAS1,TBXAS1,exact,13017.0,5925.0,True
TCN1,TCN1,exact,17763.0,6.0,False
TCN2,TCN2,exact,32551.0,13045.0,True
TDO2,TDO2,exact,8278.0,100.0,True
TECR,TECR,exact,30618.0,30660.0,True
TECRL,TECRL,exact,7624.0,2.0,False
TGS1,TGS1,exact,14947.0,15503.0,True
TH,TH,exact,17060.0,596.0,True
THEM4,THEM4,exact,1869.0,11392.0,True
THEM5,THEM5,exact,1868.0,1.0,False
THRAP3,THRAP3,exact,755.0,31596.0,True
THRSP,THRSP,exact,18304.0,32.0,True
THTPA,THTPA,exact,22806.0,8045.0,True
TIAM2,TIAM2,exact,11633.0,6470.0,True
TIMM21,TIMM21,exact,29055.0,7340.0,True
TIMMDC1,TIMMDC1,exact,6367.0,24950.0,True
TK1,TK1,exact,28301.0,6326.0,True
TK2,TK2,exact,26091.0,11470.0,True
TKFC,TKFC,exact,17808.0,7021.0,True
TKT,TKT,exact,6013.0,40163.0,True
TM7SF2,TM7SF2,exact,17968.0,10910.0,True
TMEM126A,TMEM126A,exact,18344.0,21687.0,True
TMEM126B,TMEM126B,exact,18343.0,23816.0,True
TMEM177,TMEM177,exact,4400.0,4472.0,True
TMEM186,TMEM186,exact,25346.0,5364.0,True
TMEM223,TMEM223,exact,17875.0,17882.0,True
TMEM86B,TMEM86B,exact,31862.0,1497.0,True
TMLHE,TMLHE,exact,14403.0,5765.0,True
TNFAIP8,TNFAIP8,exact,9382.0,13364.0,True
TNFAIP8L1,TNFAIP8L1,exact,30239.0,3231.0,True
TNFAIP8L2,TNFAIP8L2,exact,1832.0,1497.0,True
TNFAIP8L3,TNFAIP8L3,exact,24343.0,4550.0,True
TNFRSF21,TNFRSF21,exact,10952.0,4881.0,True
TP53,TP53,exact,26844.0,10258.0,True
TPH1,TPH1,exact,17347.0,878.0,True
TPH2,TPH2,exact,21167.0,21.0,True
TPI1,TPI1,exact,20228.0,48591.0,True
TPK1,TPK1,exact,13181.0,3998.0,True
TPMT,TPMT,exact,10345.0,14403.0,True
TPO,TPO,exact,3182.0,74.0,True
TPR,TPR,exact,2465.0,33285.0,True
TPST1,TPST1,exact,12374.0,10842.0,True
TPST2,TPST2,exact,32467.0,9904.0,True
TPTE,TPTE,exact,33024.0,22.0,True
TPTE2,TPTE2,exact,21878.0,733.0,True
TRAP1,TRAP1,exact,25291.0,14879.0,True
TRIB3,TRIB3,exact,29149.0,4007.0,True
TRMT112,TRMT112,exact,17931.0,42439.0,True
TSHB,TSHB,exact,1621.0,0.0,False
TSPO,TSPO,exact,32832.0,34736.0,True
TSPOAP1,TSPOAP1,exact,27964.0,1701.0,True
TST,TST,exact,32659.0,7478.0,True
TSTD1,TSTD1,exact,2177.0,25204.0,True
TTC19,TTC19,exact,26997.0,26019.0,True
TTPA,TTPA,exact,15008.0,194.0,True
TTR,TTR,exact,28753.0,25.0,True
TXN,TXN,exact,16467.0,47307.0,True
TXN2,TXN2,exact,32645.0,24946.0,True
TXNDC11,TXNDC11,exact,25395.0,12998.0,True
TXNRD1,TXNRD1,exact,21416.0,18974.0,True
TYMP,TYMP,exact,32954.0,15431.0,True
TYMS,TYMS,exact,28488.0,12024.0,True
TYR,TYR,exact,18373.0,1.0,False
TYRP1,TYRP1,exact,15809.0,4.0,False
UBA52,UBA52,exact,30775.0,55989.0,True
UBB,UBB,exact,27003.0,54589.0,True
UBC,UBC,exact,21747.0,56458.0,True
UBE2I,UBE2I,exact,25133.0,36906.0,True
UBIAD1,UBIAD1,exact,252.0,6404.0,True
UCK1,UCK1,exact,16774.0,10411.0,True
UCK2,UCK2,exact,2249.0,11215.0,True
UCKL1,UCKL1,exact,30016.0,12293.0,True
UCP1,UCP1,exact,8152.0,288.0,True
UCP2,UCP2,exact,18227.0,10694.0,True
UCP3,UCP3,exact,18228.0,470.0,True
UGCG,UGCG,exact,16483.0,21879.0,True
UGDH,UGDH,exact,7470.0,13911.0,True
UGP2,UGP2,exact,3761.0,28369.0,True
UGT1A1,UGT1A1,exact,5315.0,0.0,False
UGT1A10,UGT1A10,exact,5307.0,0.0,False
UGT1A3,UGT1A3,exact,5314.0,0.0,False
UGT1A4,UGT1A4,exact,5313.0,0.0,False
UGT1A5,UGT1A5,exact,5312.0,1.0,False
UGT1A6,UGT1A6,exact,5310.0,0.0,False
UGT1A7,UGT1A7,exact,5309.0,1.0,False
UGT1A8,UGT1A8,exact,5306.0,0.0,False
UGT1A9,UGT1A9,exact,5308.0,0.0,False
UGT2A1,UGT2A1,exact,7654.0,33.0,True
UGT2A2,UGT2A2,exact,7655.0,1.0,False
UGT2A3,UGT2A3,exact,7648.0,0.0,False
UGT2B10,UGT2B10,exact,7646.0,0.0,False
UGT2B11,UGT2B11,exact,7651.0,0.0,False
UGT2B15,UGT2B15,exact,7645.0,1.0,False
UGT2B17,UGT2B17,exact,7644.0,3.0,False
UGT2B28,UGT2B28,exact,7652.0,0.0,False
UGT2B4,UGT2B4,exact,7653.0,15.0,False
UGT2B7,UGT2B7,exact,7649.0,2.0,False
UGT3A1,UGT3A1,exact,8777.0,66.0,True
UGT3A2,UGT3A2,exact,8778.0,9487.0,True
UGT8,UGT8,exact,8005.0,2284.0,True
UMPS,UMPS,exact,6427.0,12599.0,True
UPB1,UPB1,exact,32425.0,151.0,True
UPP1,UPP1,exact,12283.0,12974.0,True
UPP2,UPP2,exact,4621.0,63.0,True
UQCC1,UQCC1,exact,29567.0,10190.0,True
UQCC2,UQCC2,exact,10732.0,30480.0,True
UQCC3,UQCC3,exact,17863.0,20472.0,True
UQCC5,,unmatched,,,False
UQCC6,,unmatched,,,False
UQCR10,UQCR10,exact,32524.0,42305.0,True
UQCR11,UQCR11,exact,30116.0,44549.0,True
UQCRB,UQCRB,exact,15281.0,52388.0,True
UQCRC1,UQCRC1,exact,5865.0,30529.0,True
UQCRC2,UQCRC2,exact,25548.0,32425.0,True
UQCRFS1,UQCRFS1,exact,30913.0,33137.0,True
UQCRH,UQCRH,exact,954.0,47065.0,True
UQCRHL,UQCRHL,exact,345.0,934.0,True
UQCRQ,UQCRQ,exact,9490.0,43428.0,True
UROC1,UROC1,exact,6452.0,6.0,False
UROD,UROD,exact,927.0,19478.0,True
UROS,UROS,exact,20018.0,21517.0,True
UST,UST,exact,11570.0,4998.0,True
UXS1,UXS1,exact,4270.0,19002.0,True
VAC14,VAC14,exact,26233.0,6419.0,True
VAMP2,VAMP2,exact,26867.0,37448.0,True
VAPA,VAPA,exact,28585.0,40711.0,True
VAPB,VAPB,exact,29882.0,17445.0,True
VCAN,VCAN,exact,9159.0,28858.0,True
VDAC1,VDAC1,exact,9504.0,39637.0,True
VDR,VDR,exact,20657.0,1849.0,True
VKORC1,VKORC1,exact,25773.0,36705.0,True
VKORC1L1,VKORC1L1,exact,12368.0,15513.0,True
VNN1,VNN1,exact,11437.0,345.0,True
VNN2,VNN2,exact,11439.0,629.0,True
WASL,WASL,exact,12858.0,23721.0,True
WDR26,WDR26,exact,2849.0,22400.0,True
XDH,XDH,exact,3512.0,604.0,True
XYLB,XYLB,exact,5706.0,1555.0,True
XYLT1,XYLT1,exact,25471.0,2117.0,True
XYLT2,XYLT2,exact,27872.0,4804.0,True
ZDHHC21,ZDHHC21,exact,15821.0,10677.0,True
