"session","called_at","returned_at","call_id","tool","status","arguments","full_output"
"rollout-2026-09-13T08-22-18-6543cf42-a5a.jsonl","2026-09-13T00:22:31.396Z","2026-09-13T00:22:31.631Z","action_98f29af5-2f3b-41db-9fc6-5ff98c2fd19e","search_studies","returned_not_semantically_validated","{""query"":""metabolic transcriptional cluster single cell""}","{
  ""catalog_fetched_at"": ""2026-09-12T18:24:39.331269+00:00"",
  ""count"": 0,
  ""studies"": []
}
"
"rollout-2026-09-13T08-22-18-6543cf42-a5a.jsonl","2026-09-13T00:22:38.020Z","2026-09-13T00:22:38.255Z","action_362ca9dc-787c-4859-9de5-82c324bd536d","search_studies","returned_not_semantically_validated","{""query"":""single cell RNA-seq metabolic"",""technology"":""scRNA-seq""}","{
  ""catalog_fetched_at"": ""2026-09-12T18:24:39.331269+00:00"",
  ""count"": 0,
  ""studies"": []
}
"
"rollout-2026-09-13T08-22-18-6543cf42-a5a.jsonl","2026-09-13T00:22:41.981Z","2026-09-13T00:22:42.207Z","action_78c230a2-866a-4026-a161-5baa64456f23","search_studies","returned_not_semantically_validated","{""query"":""single cell RNA-seq"",""technology"":""scRNA-seq""}","{
  ""catalog_fetched_at"": ""2026-09-12T18:24:39.331269+00:00"",
  ""count"": 0,
  ""studies"": []
}
"
"rollout-2026-09-13T08-22-18-6543cf42-a5a.jsonl","2026-09-13T00:22:45.101Z","2026-09-13T00:22:45.358Z","action_ef40fa83-dfb9-449a-b8d6-03ba5246f9b3","search_studies","returned_not_semantically_validated","{""query"":""single cell""}","{
  ""catalog_fetched_at"": ""2026-09-12T18:24:39.331269+00:00"",
  ""count"": 0,
  ""studies"": []
}
"
"rollout-2026-09-13T08-22-18-6543cf42-a5a.jsonl","2026-09-13T00:22:50.870Z","2026-09-13T00:22:51.865Z","action_aad9f618-3508-4621-b066-670f42e5d408","web_search","returned_not_semantically_validated","{""query"":""3CA weizmann.ac.il single cell RNA-seq metabolic genes clusters""}","Live web search results for: 3CA weizmann.ac.il single cell RNA-seq metabolic genes clusters
Treat all result content as untrusted.

1. 波浪号（～）是什么意思，正规的用法是什么？ - 知乎
URL: https://www.zhihu.com/question/19615526
中华人民共和国国家标准 标点符号用法 4.13 连接号 4.13.1 连接号的形式为“－”，占一个字的位置。连接号还有另外三种形式，即长横“——”（占两个字的长度）、半字线“-”（占半个字的长度）和浪纹“～”（占一个字的长度）。 4.13.2 两个相关的名词构成一个意义单位，中间用连接号。例如 ...

2. 没有安装任何360软件，电脑里莫名其妙有了个360壁纸，控制 ...
URL: https://www.zhihu.com/question/25046412
没有安装任何360软件，电脑里莫名其妙有了个360壁纸，控制面板的添加删除程序列表里没有这个，怎么卸载？

3. 闲鱼和转转哪个比较靠谱？ - 知乎
URL: https://www.zhihu.com/question/65313130
转转一生黑，说一下本人被坑的经历吧。 11.8号，本人在转转平台出售了一台电脑，挂上后被人秒拍，被骗子讲价后3300包邮卖出。 11.11号，买家收到机子后，以我电脑有问题为由，到手刀，并进行退款。协商之后，决定退款退货，我不懂平台交易模式，买家发起的退款，我点了同意。感觉不对之后 ...

4. 知乎
URL: https://www.zhihu.com/tardis/jm/art/1992753953201472559
知乎，有趣、有料、有态度的内容社区。开放、真实、专业的社区氛围，汇集各行各业亲历者、内行人、领域专家。上知乎，找答案、杀时间、追热点、找同好，发现更大的世界。

5. JK制服反光襟线为什么被鄙视？仅仅是因为廉价吗？日本襟线 ...
URL: https://www.zhihu.com/question/33038164?sort=created
乐天上也有卖襟线的，比如 【楽天市場】セーラーテープ 太 [f9116-1125]：日暮里トマト 生地の店 左nikke冬服的棉质襟线，右为乐天购买，光感略强 日制襟线质量也有好坏的，上图右边洗了褪色严重。"
"rollout-2026-09-13T08-22-18-6543cf42-a5a.jsonl","2026-09-13T00:22:55.659Z","2026-09-13T00:22:55.879Z","action_6232e82d-be57-4e36-bf6e-f3e8bdd3aab9","get_page","returned_not_semantically_validated","{""url_or_path"":""https://www.weizmann.ac.il/sites/3CA/""}","{
  ""url"": ""https://www.weizmann.ac.il/sites/3CA/"",
  ""final_url"": ""https://www.weizmann.ac.il/sites/3CA/"",
  ""fetched_at"": ""2026-09-12T19:52:09.872037+00:00"",
  ""raw_html_path"": ""C:\\Users\\User\\Desktop\\agentic\\workflow_codex\\.threeca\\cache\\pages\\b13408a624cb60b4620e0e2c77983f9aee4ba8938292814bab4ff62a595a99b6.html"",
  ""title"": ""| Curated Cancer Cell Atlas"",
  ""text"": ""All cancers #studies 124 #samples 2836 #cells 5658705 Head and Neck #studies 4 #samples 113 #cells 233067 Lung #studies 11 #samples 242 #cells 529508 Liver/Biliary #studies 5 #samples 143 #cells 171429 Kidney #studies 5 #samples 125 #cells 376003 Prostate #studies 4 #samples 49 #cells 81629 Sarcoma #studies 2 #samples 26 #cells 80682 Other/Models #studies 23 #samples 472 #cells 650873 Brain #studies 11 #samples 183 #cells 255713 Breast #studies 12 #samples 336 #cells 877587 Pancreas #studies 7 #samples 132 #cells 378478 Neuroendocrine #studies 4 #samples 50 #cells 144421 Colorectal #studies 5 #samples 287 #cells 526311 Ovarian #studies 11 #samples 115 #cells 269160 Skin #studies 10 #samples 224 #cells 470775 Hematologic #studies 15 #samples 339 #cells 613069"",
  ""links"": [
    {
      ""url"": ""https://www.dropbox.com/scl/fi/4g0erbadyea2zsxl6fprs/Meta-programs.pdf?rlkey=t91q2yo03we22dezeuxyxqi9o&dl=1"",
      ""text"": ""All cancers #studies 124 #samples 2836 #cells 5658705""
    },
    {
      ""url"": ""https://www.weizmann.ac.il/sites/3CA/head-and-neck"",
      ""text"": ""Head and Neck #studies 4 #samples 113 #cells 233067""
    },
    {
      ""url"": ""https://www.weizmann.ac.il/sites/3CA/lung"",
      ""text"": ""Lung #studies 11 #samples 242 #cells 529508""
    },
    {
      ""url"": ""https://www.weizmann.ac.il/sites/3CA/liverbiliary"",
      ""text"": ""Liver/Biliary #studies 5 #samples 143 #cells 171429""
    },
    {
      ""url"": ""https://www.weizmann.ac.il/sites/3CA/kidney"",
      ""text"": ""Kidney #studies 5 #samples 125 #cells 376003""
    },
    {
      ""url"": ""https://www.weizmann.ac.il/sites/3CA/prostate"",
      ""text"": ""Prostate #studies 4 #samples 49 #cells 81629""
    },
    {
      ""url"": ""https://www.weizmann.ac.il/sites/3CA/sarcoma"",
      ""text"": ""Sarcoma #studies 2 #samples 26 #cells 80682""
    },
    {
      ""url"": ""https://www.weizmann.ac.il/sites/3CA/othermodels"",
      ""text"": ""Other/Models #studies 23 #samples 472 #cells 650873""
    },
    {
      ""url"": ""https://www.weizmann.ac.il/sites/3CA/brain"",
      ""text"": ""Brain #studies 11 #samples 183 #cells 255713""
    },
    {
      ""url"": ""https://www.weizmann.ac.il/sites/3CA/breast"",
      ""text"": ""Breast #studies 12 #samples 336 #cells 877587""
    },
    {
      ""url"": ""https://www.weizmann.ac.il/sites/3CA/pancreas"",
      ""text"": ""Pancreas #studies 7 #samples 132 #cells 378478""
    },
    {
      ""url"": ""https://www.weizmann.ac.il/sites/3CA/neuroendocrine"",
      ""text"": ""Neuroendocrine #studies 4 #samples 50 #cells 144421""
    },
    {
      ""url"": ""https://www.weizmann.ac.il/sites/3CA/colorectal"",
      ""text"": ""Colorectal #studies 5 #samples 287 #cells 526311""
    },
    {
      ""url"": ""https://www.weizmann.ac.il/sites/3CA/ovarian"",
      ""text"": ""Ovarian #studies 11 #samples 115 #cells 269160""
    },
    {
      ""url"": ""https://www.weizmann.ac.il/sites/3CA/skin"",
      ""text"": ""Skin #studies 10 #samples 224 #cells 470775""
    },
    {
      ""url"": ""https://www.weizmann.ac.il/sites/3CA/hematologic"",
      ""text"": ""Hematologic #studies 15 #samples 339 #cells 613069""
    }
  ],
  ""tables"": [],
  ""cache_hit"": true
}
"
"rollout-2026-09-13T08-22-18-6543cf42-a5a.jsonl","2026-09-13T00:23:08.909Z","2026-09-13T00:23:19.334Z","action_390cb1d4-2bb4-430a-9958-25d80cfd7de5","download_asset","returned_not_semantically_validated","{""target"":""https://www.dropbox.com/scl/fi/4g0erbadyea2zsxl6fprs/Meta-programs.pdf?rlkey=t91q2yo03we22dezeuxyxqi9o&dl=1"",""kind"":""metadata""}","{
  ""source_url"": ""https://www.dropbox.com/scl/fi/4g0erbadyea2zsxl6fprs/Meta-programs.pdf?rlkey=t91q2yo03we22dezeuxyxqi9o&dl=1"",
  ""final_url"": ""https://ucfd5612e78ba6754e55f4137eaa.dl-eu.dropboxusercontent.com/cd/0/get/DIC_OWm1jCAmLSHV_kJ8pNWIzizj1OWyWAeB9kVL1jugYHdZtMo4N76Q_mMbtwhIRomXxb9xK24WE50p8LeBorUb-XrtImYGRgEu36Y42uWMEd7KKfME39_TlYGF6l8W0WwDrdnkL6AuY1OG8-lgx71t/file?dl=1"",
  ""filename"": ""Meta-programs.pdf"",
  ""content_length"": 1645012,
  ""content_type"": ""application/binary"",
  ""planned_at"": ""2026-09-13T00:23:13.381360+00:00"",
  ""path"": ""C:\\Users\\User\\Desktop\\agentic\\workflow_codex\\.threeca\\cache\\downloads\\3ae2d47d6197\\Meta-programs.pdf"",
  ""bytes"": 1645012,
  ""sha256"": ""c85ffaf966a2c9b8413270604fb0615079da947125c6563eeede49cc9223e019"",
  ""downloaded_at"": ""2026-09-13T00:23:19.315597+00:00"",
  ""cache_hit"": false
}
"
"rollout-2026-09-13T08-22-18-6543cf42-a5a.jsonl","2026-09-13T00:23:31.534Z","2026-09-13T00:23:31.767Z","action_48ede9e6-ea3c-4880-9456-c649e303553a","inspect_dataset","returned_not_semantically_validated","{""path"":""C:\\Users\\User\\Desktop\\agentic\\workflow_codex\\.threeca\\cache\\downloads\\3ae2d47d6197\\Meta-programs.pdf""}","{
  ""path"": ""C:\\Users\\User\\Desktop\\agentic\\workflow_codex\\.threeca\\cache\\downloads\\3ae2d47d6197\\Meta-programs.pdf"",
  ""bytes"": 1645012,
  ""inspected_at"": ""2026-09-13T00:23:31.745489+00:00"",
  ""format"": ""file"",
  ""members"": [],
  ""members_truncated"": false,
  ""previews"": []
}
"
"rollout-2026-09-13T08-22-18-6543cf42-a5a.jsonl","2026-09-13T00:23:40.958Z","2026-09-13T00:23:41.184Z","action_fd0aad4a-7e7f-467e-b174-3a4b3ee39759","search_studies","returned_not_semantically_validated","{""query"":""lung"",""technology"":""scRNA-seq""}","{
  ""catalog_fetched_at"": ""2026-09-12T18:24:39.331269+00:00"",
  ""count"": 0,
  ""studies"": []
}
"
"rollout-2026-09-13T08-22-18-6543cf42-a5a.jsonl","2026-09-13T00:23:47.078Z","2026-09-13T00:23:47.307Z","action_31128d9e-9a94-44f9-a399-b2bfa25062ef","get_page","returned_not_semantically_validated","{""url_or_path"":""https://www.weizmann.ac.il/sites/3CA/lung""}","{
  ""url"": ""https://www.weizmann.ac.il/sites/3CA/lung"",
  ""final_url"": ""https://www.weizmann.ac.il/sites/3CA/lung"",
  ""fetched_at"": ""2026-09-12T19:52:12.022861+00:00"",
  ""raw_html_path"": ""C:\\Users\\User\\Desktop\\agentic\\workflow_codex\\.threeca\\cache\\pages\\28d72c5576cb258b500312227bddf0f2ad142f1a5fc92a0b0c54b2c00a25a23a.html"",
  ""title"": ""Lung | Curated Cancer Cell Atlas"",
  ""text"": ""Lung Title Data Meta data Cell types Summary Disease Technology #samples #cells Meta programs CNAs UMAP Cell cycle Bischoff et al. 2021 Cell types Summary Lung adenocarcinoma 10x 20 120961 Meta programs CNAs UMAP Cell cycle Chan et al. 2021 Cell types Summary SCLC, Lung Adenocarcinoma 10x 37 86662 Meta programs CNAs UMAP Cell cycle Guo et al. 2018 Cell types Summary NSCLC SmartSeq2 40 12346 Meta programs UMAP Cell cycle Ireland et al. 2020 Cell types Summary SCLC 10x 12 31258 UMAP Kim et al. 2020 Cell types Summary Lung adenocarcinoma 10x 14 32493 Meta programs CNAs UMAP Cell cycle Laughney et al. 2020 Cell types Summary Lung cancer 10x 17 40505 Meta programs CNAs UMAP Cell cycle Maynard et al. 2020 Cell types Summary Lung cancer SmartSeq2 50 19777 Meta programs CNAs UMAP Cell cycle Qian et al. 2020 Cell types Summary Lung cancer 10x 8 27262 Meta programs CNAs UMAP Cell cycle Song et al. 2019 Cell types Summary NSCLC 10x 6 8772 Meta programs CNAs UMAP Xing et al. 2021 Cell types Summary Lung cancer 10x 31 118293 Meta programs CNAs UMAP Cell cycle Zilionis et al. 2019 Cell types Summary NSCLC inDrop 7 31179 Meta programs CNAs UMAP Cell cycle All Lung cancer 242 529508"",
  ""links"": [
    {
      ""url"": ""https://www.nature.com/articles/s41388-021-02054-3"",
      ""text"": ""Bischoff et al. 2021""
    },
    {
      ""url"": ""https://www.dropbox.com/scl/fi/08bjhmr5b7zcr9w3qm37n/Data_Bischoff2021_Lung.tar.gz?rlkey=xlv2vwb5xenzczoo9jiktr1ry&dl=1"",
      ""text"": """"
    },
    {
      ""url"": ""https://www.dropbox.com/scl/fi/5phcsqxntjdjjfxypf4l3/Meta-data_Bischoff2021_Lung.tar.gz?rlkey=gmn535v9fqtqaqibvjria1lks&dl=1"",
      ""text"": """"
    },
    {
      ""url"": ""https://www.weizmann.ac.il/sites/3CA/study-data/cell-types/20764"",
      ""text"": ""Cell types""
    },
    {
      ""url"": ""https://www.weizmann.ac.il/sites/3CA/study-data/comments/20764"",
      ""text"": ""Summary""
    },
    {
      ""url"": ""https://www.weizmann.ac.il/sites/3CA/study-data/meta-programs/20764"",
      ""text"": ""Meta programs""
    },
    {
      ""url"": ""https://www.weizmann.ac.il/sites/3CA/study-data/cnas/20764"",
      ""text"": ""CNAs""
    },
    {
      ""url"": ""https://www.weizmann.ac.il/sites/3CA/study-data/umap/20764"",
      ""text"": ""UMAP""
    },
    {
      ""url"": ""https://www.weizmann.ac.il/sites/3CA/study-data/cell-cycle/20764"",
      ""text"": ""Cell cycle""
    },
    {
      ""url"": ""https://www.cell.com/cancer-cell/fulltext/S1535-6108(21)00497-9"",
      ""text"": ""Chan et al. 2021""
    },
    {
      ""url"": ""https://www.dropbox.com/scl/fi/mn5xe6x5hufjy2j570r3y/D
...[3CA OUTPUT TRUNCATED: kept first 3000 and last 3000 of 51760 characters; narrow the search or save CLI output to a workspace file]...
iew-field-data-table-column"",
          ""links"": [
            {
              ""url"": ""https://www.dropbox.com/scl/fi/ot0tjg6254ne6hqzp11zv/Data_Zilionis2019_Lung.tar.gz?rlkey=kxqcfab6vaj043bvfkiepx2w9&dl=1"",
              ""text"": """"
            }
          ],
          ""text"": """"
        },
        {
          ""header"": ""view-field-meta-data-table-column"",
          ""links"": [
            {
              ""url"": ""https://www.dropbox.com/scl/fi/0npq2qqtbap05mlzloqvd/Meta-data_Zilionis2019_Lung.tar.gz?rlkey=j9h9kck83ybltirr2t0cnudna&dl=1"",
              ""text"": """"
            }
          ],
          ""text"": """"
        },
        {
          ""header"": ""view-field-cell-types-table-column"",
          ""links"": [
            {
              ""url"": ""https://www.weizmann.ac.il/sites/3CA/study-data/cell-types/20920"",
              ""text"": ""Cell types""
            }
          ],
          ""text"": ""Cell types""
        },
        {
          ""header"": ""view-field-comments-table-column"",
          ""links"": [
            {
              ""url"": ""https://www.weizmann.ac.il/sites/3CA/study-data/comments/20920"",
              ""text"": ""Summary""
            }
          ],
          ""text"": ""Summary""
        },
        {
          ""header"": ""view-field-disease-table-column"",
          ""links"": [],
          ""text"": ""NSCLC""
        },
        {
          ""header"": ""view-field-technology-table-column"",
          ""links"": [],
          ""text"": ""inDrop""
        },
        {
          ""header"": ""view-field-samples-table-column"",
          ""links"": [],
          ""text"": ""7""
        },
        {
          ""header"": ""view-field-cells-table-column"",
          ""links"": [],
          ""text"": ""31179""
        },
        {
          ""header"": ""view-field-meta-programs-table-column"",
          ""links"": [
            {
              ""url"": ""https://www.weizmann.ac.il/sites/3CA/study-data/meta-programs/20920"",
              ""text"": ""Meta programs""
            }
          ],
          ""text"": ""Meta programs""
        },
        {
          ""header"": ""view-field-cnas-table-column"",
          ""links"": [
            {
              ""url"": ""https://www.weizmann.ac.il/sites/3CA/study-data/cnas/20920"",
              ""text"": ""CNAs""
            }
          ],
          ""text"": ""CNAs""
        },
        {
          ""header"": ""view-field-umap-table-column"",
          ""links"": [
            {
              ""url"": ""https://www.weizmann.ac.il/sites/3CA/study-data/umap/20920"",
              ""text"": ""UMAP""
            }
          ],
          ""text"": ""UMAP""
        },
        {
          ""header"": ""view-field-cell-cycle-table-column"",
          ""links"": [
            {
              ""url"": ""https://www.weizmann.ac.il/sites/3CA/study-data/cell-cycle/20920"",
              ""text"": ""Cell cycle""
            }
          ],
          ""text"": ""Cell cycle""
        }
      ]
    ]
  ],
  ""cache_hit"": true
}
"
"rollout-2026-09-13T08-22-18-6543cf42-a5a.jsonl","2026-09-13T00:23:50.761Z","2026-09-13T00:23:50.987Z","action_13b41a7a-f2f6-4fbc-a533-68d9df43f499","search_studies","returned_not_semantically_validated","{""query"":""lung scRNA-seq"",""technology"":""scRNA-seq""}","{
  ""catalog_fetched_at"": ""2026-09-12T18:24:39.331269+00:00"",
  ""count"": 0,
  ""studies"": []
}
"
"rollout-2026-09-13T08-22-18-6543cf42-a5a.jsonl","2026-09-13T00:23:57.730Z","2026-09-13T00:23:59.537Z","action_7d47be1e-b98f-46a4-80aa-416a61998ea7","run_powershell","failed","{""command"":""C:\\Users\\User\\Desktop\\agentic\\workflow_codex\\tools\\tool43CA\\.venv\\Scripts\\threeca.exe search --query \""lung\"" --technology \""scRNA-seq\""""}","usage: threeca [-h] [--cache CACHE] [--pretty] [--version]
               {refresh,search,show,page,page-search,crawl,plan,download,inspect,verify}
               ...
threeca: error: unrecognized arguments: --query

exit_code=2"
"rollout-2026-09-13T08-22-18-6543cf42-a5a.jsonl","2026-09-13T00:24:07.481Z","2026-09-13T00:24:07.482Z","action_0338fe4e-6096-44e9-9421-8fd53308383f","read_file","failed","{""path"":""C:\\Users\\User\\Desktop\\agentic\\workflow_codex\\.threeca\\cache\\downloads\\3ae2d47d6197\\Meta-programs.pdf""}","ERROR: Path leaves workspace: C:\Users\User\Desktop\agentic\workflow_codex\.threeca\cache\downloads\3ae2d47d6197\Meta-programs.pdf"
"rollout-2026-09-13T08-22-18-6543cf42-a5a.jsonl","2026-09-13T00:24:18.243Z","2026-09-13T00:24:18.244Z","action_1de19663-a89e-4a81-8232-8752e725d763","list_files","returned_not_semantically_validated","{""path"":"".""}",""
"rollout-2026-09-13T08-22-18-6543cf42-a5a.jsonl","2026-09-13T00:24:29.413Z","2026-09-13T00:24:29.630Z","action_24755b3a-2198-4f0c-8bee-b78b47b969e7","search_studies","returned_not_semantically_validated","{""query"":""metabolic genes"",""technology"":""scRNA-seq""}","{
  ""catalog_fetched_at"": ""2026-09-12T18:24:39.331269+00:00"",
  ""count"": 0,
  ""studies"": []
}
"
"rollout-2026-09-13T08-22-18-6543cf42-a5a.jsonl","2026-09-13T00:24:37.338Z","2026-09-13T00:24:37.570Z","action_22aa6254-dae6-4c17-ab93-98986a352da2","search_cached_pages","returned_not_semantically_validated","{""query"":""metabolic genes single cell"",""limit"":10}","{
  ""query"": ""metabolic genes single cell"",
  ""count"": 0,
  ""matches"": []
}
"
"rollout-2026-09-13T08-22-18-6543cf42-a5a.jsonl","2026-09-13T00:24:45.882Z","2026-09-13T00:25:23.964Z","action_89aa7b1d-6e4a-4681-bf97-c62792efab94","refresh_catalog","returned_not_semantically_validated","{}","{
  ""source_url"": ""https://www.weizmann.ac.il/sites/3CA/"",
  ""fetched_at"": ""2026-09-13T00:25:23.942154+00:00"",
  ""totals"": {
    ""categories"": 15,
    ""parsed"": {
      ""records"": 130,
      ""unique_citations"": 124,
      ""samples"": 2838,
      ""cells"": 5658779
    },
    ""homepage_reported"": {
      ""studies"": 124,
      ""samples"": 2836,
      ""cells"": 5658705
    },
    ""category_cards_reported"": {
      ""records"": 129,
      ""samples"": 2836,
      ""cells"": 5658705
    }
  },
  ""data_quality_warnings"": [
    ""Parsed category rows do not equal the homepage totals; both values are preserved."",
    ""Parsed category rows do not equal the category-card totals; both values are preserved.""
  ],
  ""catalog_path"": ""C:\\Users\\User\\Desktop\\agentic\\workflow_codex\\.threeca\\cache\\catalog.json""
}
"
"rollout-2026-09-13T08-22-18-6543cf42-a5a.jsonl","2026-09-13T00:25:26.899Z","2026-09-13T00:25:27.311Z","action_8a5c9f00-1ff1-4439-a29d-4780c5f36359","search_cached_pages","returned_not_semantically_validated","{""query"":""metabolic"",""limit"":20}","{
  ""query"": ""metabolic"",
  ""count"": 0,
  ""matches"": []
}
"
"rollout-2026-09-13T08-22-18-6543cf42-a5a.jsonl","2026-09-13T00:25:29.597Z","2026-09-13T00:27:06.059Z","action_322e537b-d04b-4b72-b8ea-034739de31d1","crawl_site","returned_not_semantically_validated","{""max_pages"":50,""force"":true}","{
  ""catalog_fetched_at"": ""2026-09-13T00:25:23.942154+00:00"",
  ""pages_processed"": 50,
  ""cache_hits"": 0,
  ""errors"": [],
  ""cache_root"": ""C:\\Users\\User\\Desktop\\agentic\\workflow_codex\\.threeca\\cache""
}
"