cell_name,sample,patient,cell_type,cell_subtype,complexity,umap1,umap2,g1s_score,g2m_score,cell_cycle_phase,mp_top_score,mp_top,mp_assignment,source,score,cluster
GAGTTTGAGATCACTC-1_5991,p018_N,p018,Macrophage,Alveolar_Macrophages1,1296,18.9125,15.8216,0.1139,0.0011,Not cycling,0.228,Lipid-associated,,Normal,0.037,0.5553983432860873
CAGTTAGGTCAGGAGT-1_3315,p018_N,p018,Macrophage,Alveolar_Macrophages1,1269,23.5261,18.2182,0.1632,0.007,Not cycling,0.9886,MES/Glycolysis,,Normal,0.1258,0.5553983432860873
AGGTGTTTCTACTTCA-1_1861,p018_N,p018,Macrophage,Alveolar_Macrophages1,1721,21.6451,16.1714,-0.1138,0.0967,Not cycling,0.9954,MAC2,,Normal,-0.1887,0.5553983432860873
CGAAGTTCAACCGCTG-1_4214,p018_N,p018,Macrophage,Alveolar_Macrophages1,2272,22.2355,14.7372,-0.0535,-0.0939,Not cycling,0.5271,Lipid-associated,,Normal,0.4258,0.5553983432860873
TTTGGAGCAACTCGTA-1_11144,p018_N,p018,Macrophage,Alveolar_Macrophages1,1652,21.7586,16.5211,-0.1172,0.0589,Not cycling,0.9339,MES/Glycolysis,,Normal,-0.121,0.5553983432860873
CTCCAACTCAGACAAA-1_4928,p018_N,p018,Macrophage,Alveolar_Macrophages1,1594,22.3611,19.4847,0.0315,-0.0405,Not cycling,0.5223,MES/Glycolysis,,Normal,0.5223,0.5553983432860873
GACACGCGTTGAATCC-1_5639,p018_N,p018,Macrophage,Alveolar_Macrophages1,2457,23.7855,14.356,-0.1874,-0.0337,Not cycling,0.7065,MES/Glycolysis,,Normal,0.7065,0.5553983432860873
AAAGTGATCATTTGTC-1_11294,p018_T,p018,Macrophage,Alveolar_Macrophages1,1170,22.6795,19.9248,-0.0302,0.0216,Not cycling,0.5575,MES/Glycolysis,,Tumor,-0.5081,0.5553983432860873
CCTCATGTCGATGCTA-1_4080,p018_N,p018,Macrophage,Alveolar_Macrophages1,1232,25.3282,10.6886,-0.0358,0.0653,Not cycling,0.9167,MES/Glycolysis,,Normal,-0.2636,0.5553983432860873
AGAACCTAGAATAGTC-1_12613,p018_T,p018,Malignant,Malignant,1475,29.6745,-0.0993,0.291,-0.0225,Not cycling,1.2644,Alveolar,Alveolar,Tumor,-0.6256,0.5553983432860873
AAAGTCCTCAGGCGAA-1_94,p018_N,p018,Macrophage,Alveolar_Macrophages1,1622,25.1191,9.1229,-0.0778,0.0872,Not cycling,0.7833,Respiration,,Normal,0.053,0.5553983432860873
TTCACGCGTCACCACG-1_10594,p018_N,p018,Macrophage,Alveolar_Macrophages1,1390,22.9226,13.0894,-0.0808,-0.0245,Not cycling,0.8395,MAC2,,Normal,0.0869,0.5553983432860873
CCTCCTCTCTCGCGTT-1_4117,p018_N,p018,Macrophage,Alveolar_Macrophages1,1212,25.2037,13.0394,0.0544,0.097,Not cycling,0.849,MES/Glycolysis,,Normal,-0.3428,0.5553983432860873
AGTAGTCGTAGTGTGG-1_1958,p018_N,p018,Macrophage,Alveolar_Macrophages1,1323,24.1015,18.9054,0.029,0.0039,Not cycling,0.6882,Lipid-associated,,Normal,0.1393,0.5553983432860873
TTGCCTGGTGACACGA-1_10884,p018_N,p018,Macrophage,Alveolar_Macrophages1,1208,23.4243,11.6948,0.0561,0.0843,Not cycling,0.6845,MES/Glycolysis,,Normal,0.6845,0.5553983432860873
GCCGTGAGTCAGGTAG-1_6451,p018_N,p018,Macrophage,Alveolar_Macrophages1,1201,26.0034,10.2756,-0.0254,0.0464,Not cycling,0.918,MES/Glycolysis,,Normal,-0.0235,0.5553983432860873
ACTACGAAGCATGATA-1_12354,p018_T,p018,Malignant,Malignant,1619,29.137,-0.4832,0.1009,0.0915,Not cycling,1.0116,Stress,Stress,Tumor,-0.0545,0.5553983432860873
CGACAGCAGGAGTATT-1_4237,p018_N,p018,Macrophage,Alveolar_Macrophages1,1193,24.5472,15.0615,-0.0217,0.0939,Not cycling,1.408,Stress/HSP,Stress/HSP,Normal,0.2697,0.5553983432860873
TCATGAGTCACGACTA-1_8962,p018_N,p018,Macrophage,Alveolar_Macrophages1,1502,22.8044,17.3645,-0.0041,0.0472,Not cycling,0.7268,Lipid-associated,,Normal,0.0007,0.5553983432860873
TCTATACGTTGCGGAA-1_9474,p018_N,p018,Macrophage,Alveolar_Macrophages1,1594,25.4199,11.3831,0.015,-0.039,Not cycling,1.15,Respiration,,Normal,-0.2039,0.5553983432860873
ACAGCCGTCCGCAGTG-1_11993,p018_T,p018,Epithelial,Ciliated,1027,29.2032,-13.5173,0.0728,-0.0827,Not cycling,2.0571,Cilia,Cilia,Tumor,-0.0377,0.5553983432860873
CATGGTAGTCTACAAC-1_3543,p018_N,p018,Macrophage,Alveolar_Macrophages1,1314,25.4548,11.9239,-0.0675,0.0438,Not cycling,0.7263,MAC3,,Normal,0.7263,0.5553983432860873
TTAGGGTAGTTCGCAT-1_10527,p018_N,p018,Macrophage,Alveolar_Macrophages1,1189,22.9365,15.8759,-0.0337,0.1175,Not cycling,0.7489,MAC2,,Normal,-0.315,0.5553983432860873
GTGGGAAGTCAACATC-1_7815,p018_N,p018,Macrophage,Alveolar_Macrophages1,1364,24.0432,16.3546,0.0884,0.0847,Not cycling,0.9065,MES/Glycolysis,,Normal,0.0027,0.5553983432860873
TAATCTCTCTTCCACG-1_8195,p018_N,p018,Macrophage,Alveolar_Macrophages1,1439,21.9634,16.9136,0.1846,0.0171,Not cycling,0.5742,Stress/HSP,,Normal,-0.2343,0.5553983432860873
CTCCAACCAGATTAAG-1_4923,p018_N,p018,Macrophage,Alveolar_Macrophages1,1178,23.2544,17.2358,-0.017,0.0924,Not cycling,1.1213,Respiration,,Normal,-0.0822,0.5553983432860873
GCACTAAGTAGCTAAA-1_6245,p018_N,p018,Macrophage,Alveolar_Macrophages1,1496,22.6195,16.9272,0.0396,0.0038,Not cycling,0.3312,Proteasomal degradation,,Normal,-0.1992,0.5553983432860873
TACGCTCGTTAGAAAC-1_8318,p018_N,p018,Epithelial,Ciliated,1372,28.8647,-13.7735,0.0711,-0.1305,Not cycling,1.4943,Cilia,Cilia,Normal,-0.2397,0.5553983432860873
AGAACAAAGCTCGGCT-1_1269,p018_N,p018,Macrophage,Alveolar_Macrophages1,1134,22.5615,11.8215,-0.0064,-0.0852,Not cycling,0.8693,MAC2,,Normal,-0.3513,0.5553983432860873
CTAGGTATCTCTAGGA-1_4757,p018_N,p018,Macrophage,Alveolar_Macrophages1,1382,25.2258,11.1471,-0.0514,0.015,Not cycling,1.0529,Respiration,,Normal,-0.6438,0.5553983432860873
CCCATTGTCCCATACC-1_3771,p018_N,p018,Macrophage,Alveolar_Macrophages1,1539,24.7982,15.359,0.0011,0.0554,Not cycling,0.2919,MES/Glycolysis,,Normal,0.1355,0.5553983432860873
AACGTCATCAGTCTTT-1_283,p018_N,p018,Macrophage,Alveolar_Macrophages1,1967,25.8314,9.0124,-0.0532,0.0374,Not cycling,1.6461,Monocyte/Secreted,Monocyte/Secreted,Normal,0.1189,0.5553983432860873
TATGTTCCAATTGCAC-1_8620,p018_N,p018,Macrophage,Alveolar_Macrophages1,1350,19.8429,16.1639,0.0919,0.0132,Not cycling,0.5015,Lipid-associated,,Normal,0.5015,0.5553983432860873
CATTTCACACCTGTCT-1_3631,p018_N,p018,Macrophage,Alveolar_Macrophages1,2000,23.4291,12.7456,-0.0893,0.1006,Not cycling,0.9911,Monocyte/Secreted,,Normal,0.8099,0.5553983432860873
CAATGACCACATCATG-1_2934,p018_N,p018,Macrophage,Alveolar_Macrophages1,2050,21.0507,16.2154,0.0045,-0.0454,Not cycling,0.6747,MAC2,,Normal,-0.111,0.5553983432860873
CTCCATGAGAGAGCCT-1_4946,p018_N,p018,Macrophage,Alveolar_Macrophages1,1873,25.1055,10.1919,0.0507,0.1891,Not cycling,0.9283,Stress/HSP,,Normal,0.5304,0.5553983432860873
ATGCATGCAAGGACAC-1_2466,p018_N,p018,Macrophage,Alveolar_Macrophages1,2015,23.8065,14.8053,-0.0729,-0.0446,Not cycling,0.9811,MES/Glycolysis,,Normal,0.9811,0.5553983432860873
ACCCAAATCCCAGCGA-1_12127,p018_T,p018,Malignant,Malignant,1182,30.0173,-0.7082,-0.0579,-0.105,Not cycling,0.9942,Stress,,Tumor,-0.1178,0.5553983432860873
GGGAGTACACCCTTGT-1_6924,p018_N,p018,Macrophage,Alveolar_Macrophages1,1342,25.8513,8.9433,0.0953,0.1033,Not cycling,1.299,Monocyte/Secreted,Monocyte/Secreted,Normal,0.0833,0.5553983432860873
GAAATGAGTGCTGCAC-1_5488,p018_N,p018,Macrophage,Alveolar_Macrophages1,1222,22.3877,19.284,0.0178,0.02,Not cycling,-0.0286,Cell Cycle,,Normal,-0.0286,0.5553983432860873
AACCCAATCCTTATAC-1_217,p018_N,p018,Macrophage,Alveolar_Macrophages1,2044,22.9087,14.3036,-0.0809,-0.0709,Not cycling,0.8082,MES/Glycolysis,,Normal,-0.66,0.5553983432860873
CTGTACCAGGGCCTCT-1_5245,p018_N,p018,Macrophage,Alveolar_Macrophages1,1997,23.6754,15.9328,0.0066,0.047,Not cycling,0.7752,MES/Glycolysis,,Normal,0.2073,0.5553983432860873
CGTAAGTAGCCTTCTC-1_4484,p018_N,p018,Macrophage,Alveolar_Macrophages1,1619,23.0993,16.4365,0.1824,-0.0197,Not cycling,1.0302,Lipid-associated,Lipid-associated,Normal,-0.0173,0.5553983432860873
TAGACTGTCCAACCGG-1_8433,p018_N,p018,Macrophage,Alveolar_Macrophages1,1068,24.0762,12.732,0.0424,0.0913,Not cycling,0.8669,Lipid-associated,,Normal,0.8669,0.5553983432860873
AGAGCAGAGGGACCAT-1_1429,p018_N,p018,Macrophage,Alveolar_Macrophages1,1507,22.5998,15.9193,-0.0107,0.0145,Not cycling,0.7743,Lipid-associated,,Normal,-0.0242,0.5553983432860873
CCGATGGTCTTGTGCC-1_3874,p018_N,p018,Macrophage,Alveolar_Macrophages1,1353,25.8797,9.8229,-0.0167,0.0877,Not cycling,1.045,MES/Glycolysis,MES/Glycolysis,Normal,1.045,0.5553983432860873
AGGCCACGTGACACGA-1_1741,p018_N,p018,Epithelial,Ciliated,1662,27.5992,-14.2087,-0.0219,-0.011,Not cycling,0.8795,Cilia,,Normal,-0.9454,0.5553983432860873
AACACACCACGAGGTA-1_11359,p018_T,p018,Macrophage,CD14_Macrophages1,1376,20.188,10.1112,-0.1026,-0.0339,Not cycling,1.0636,Stress/HSP,Stress/HSP,Tumor,-0.5278,0.5553983432860873
TTCTAACTCCACTTTA-1_10762,p018_N,p018,Macrophage,Alveolar_Macrophages1,1749,25.178,12.0642,0.0252,-0.0148,Not cycling,0.6606,MES/Glycolysis,,Normal,-0.3181,0.5553983432860873
AACCTGAGTTAGAAAC-1_11451,p018_T,p018,Malignant,Malignant,1007,28.6231,-0.7278,-0.026,0.0435,Not cycling,1.2166,Alveolar,Alveolar,Tumor,0.1463,0.5553983432860873
AAGATAGCACGTAGAG-1_346,p018_N,p018,Macrophage,Alveolar_Macrophages1,1452,22.1136,17.1935,-0.0059,0.0875,Not cycling,0.8557,Lipid-associated,,Normal,0.8557,0.5553983432860873
CATCAAGGTCCCTCAT-1_3393,p018_N,p018,Macrophage,Alveolar_Macrophages1,1553,22.4425,17.1486,0.0503,0.0379,Not cycling,0.7186,MAC2,,Normal,-0.3785,0.5553983432860873
CAGATCACATGGTGGA-1_3160,p018_N,p018,Macrophage,Alveolar_Macrophages1,1243,25.3876,11.18,-0.0388,0.1154,Not cycling,0.8653,MES/Glycolysis,,Normal,-0.7278,0.5553983432860873
GTGTTCCAGAAACACT-1_7878,p018_N,p018,Macrophage,Alveolar_Macrophages1,1068,23.3992,19.4264,0.1885,0.0279,Not cycling,0.5182,MES/Glycolysis,,Normal,0.5182,0.5553983432860873
GGGCGTTTCATTGTGG-1_6978,p018_N,p018,Epithelial,Ciliated,3224,23.5053,-15.3639,0.148,-0.0272,Not cycling,1.6161,Secreted,Secreted,Normal,0.3319,0.5553983432860873
AATCGACCAAGTTTGC-1_11760,p018_T,p018,Epithelial,Ciliated,1364,28.8916,-13.5559,0.0449,0.026,Not cycling,1.8191,Cilia,Cilia,Tumor,0.0095,0.5553983432860873
TGTGTGAAGCCATTCA-1_10349,p018_N,p018,Macrophage,Alveolar_Macrophages1,1481,22.9755,16.9667,-0.0181,0.0076,Not cycling,0.7859,Lipid-associated,,Normal,0.5404,0.5553983432860873
GGTAATCAGAAGTCTA-1_7114,p018_N,p018,Macrophage,Alveolar_Macrophages1,2329,20.1309,18.0426,0.199,0.0015,Not cycling,0.2344,Lipid-associated,,Normal,-0.1554,0.5553983432860873
ACATGCAGTTGTAGCT-1_12038,p018_T,p018,Malignant,Malignant,1494,29.068,0.4036,-0.1113,-0.0572,Not cycling,1.4598,Alveolar,Alveolar,Tumor,0.1846,0.5553983432860873
GAGTTACAGCGAATGC-1_5976,p018_N,p018,Macrophage,Alveolar_Macrophages1,1396,22.5169,15.1694,-0.0607,0.0816,Not cycling,0.8227,Lipid-associated,,Normal,-0.2078,0.5553983432860873
GAGAAATGTGCATCTA-1_5811,p018_N,p018,Macrophage,Alveolar_Macrophages1,1327,25.043,12.7517,0.0987,0.0093,Not cycling,0.6231,MES/Glycolysis,,Normal,0.2734,0.5553983432860873
AATCGACTCTAGGCCG-1_11768,p018_T,p018,Malignant,Malignant,2743,29.4824,1.0449,-0.0528,0.0841,Not cycling,0.9103,Alveolar,,Tumor,-0.4727,0.5553983432860873
GTTCATTCAGGAAGTC-1_7973,p018_N,p018,Macrophage,Alveolar_Macrophages1,1595,21.5516,10.9768,0.5257,0.1138,Not cycling,0.7792,Stress/HSP,,Normal,0.7792,0.5553983432860873
CTATCCGCACGGTGAA-1_4775,p018_N,p018,Macrophage,Alveolar_Macrophages1,1424,20.3806,16.6484,0.0632,-0.0183,Not cycling,0.839,MES/Glycolysis,,Normal,0.839,0.5553983432860873
TCAGGGCTCAGAGTTC-1_8846,p018_N,p018,Macrophage,Alveolar_Macrophages1,1303,20.8733,16.3401,0.1458,0.1503,Not cycling,0.5738,MES/Glycolysis,,Normal,-0.5328,0.5553983432860873
ACCATTTGTCCCTAAA-1_12106,p018_T,p018,Malignant,Malignant,1031,28.8876,-1.3911,-0.0388,-0.0817,Not cycling,1.1729,Secreted II,,Tumor,-0.2497,0.5553983432860873
ATTTACCAGGCATGGT-1_2742,p018_N,p018,Macrophage,Alveolar_Macrophages1,1702,22.6726,14.8985,0.0426,0.0651,Not cycling,0.8661,MES/Glycolysis,,Normal,-0.5567,0.5553983432860873
CTAGGTACATTAAGCC-1_4753,p018_N,p018,Macrophage,Alveolar_Macrophages1,1930,21.1255,12.8801,1.1843,0.1239,G1/S,1.5427,Cell Cycle,,Normal,0.1288,0.5553983432860873
AATGGAAGTTTAGACC-1_572,p018_N,p018,Macrophage,Alveolar_Macrophages1,1563,24.8943,12.6216,-0.0992,-0.0363,Not cycling,1.1051,MES/Glycolysis,MES/Glycolysis,Normal,1.1051,0.5553983432860873
TGTCCACTCCTAGCGG-1_10259,p018_N,p018,Macrophage,Alveolar_Macrophages1,1562,22.2549,15.518,0.127,-0.0454,Not cycling,0.5871,MAC2,,Normal,0.2025,0.5553983432860873
TGTGAGTAGCTCGTGC-1_10296,p018_N,p018,Macrophage,Alveolar_Macrophages1,1236,23.3338,15.92,-0.0331,-0.1094,Not cycling,0.8808,MAC3,,Normal,0.8808,0.5553983432860873
GGGCGTTAGCAACAGC-1_6966,p018_N,p018,Macrophage,Alveolar_Macrophages1,1419,18.8244,15.9281,0.0093,0.0235,Not cycling,0.757,Stress/HSP,,Normal,0.0942,0.5553983432860873
GACTCAACATCTGTTT-1_5760,p018_N,p018,Macrophage,Alveolar_Macrophages1,1329,26.0186,10.6309,0.0314,0.1038,Not cycling,1.033,MES/Glycolysis,MES/Glycolysis,Normal,1.033,0.5553983432860873
GGGACTCTCTGGGCGT-1_6906,p018_N,p018,Macrophage,Alveolar_Macrophages1,2183,20.3983,16.0223,-0.0759,0.017,Not cycling,0.8851,MAC2,,Normal,0.0087,0.5553983432860873
GCACGGTCATGACGAG-1_6217,p018_N,p018,Epithelial,Ciliated,3581,23.9711,-14.9727,-0.0074,-0.1281,Not cycling,2.2775,Secreted,Secreted,Normal,-0.0436,0.5553983432860873
GCAGTTATCTGGTCAA-1_6294,p018_N,p018,Macrophage,Alveolar_Macrophages1,1324,25.2739,9.6546,-0.0471,0.0765,Not cycling,1.2325,MES/Glycolysis,MES/Glycolysis,Normal,-0.3638,0.5553983432860873
GGTTAACTCGGTATGT-1_7227,p018_N,p018,Macrophage,Alveolar_Macrophages1,1168,25.1706,13.4809,0.0515,0.0397,Not cycling,0.6455,MAC1,,Normal,0.6238,0.5553983432860873
ACTTTGTAGGTTACCT-1_12566,p018_T,p018,Macrophage,CD14_Macrophages1,1051,18.2822,5.7038,0.07,-0.0733,Not cycling,2.0043,Stress/HSP,Stress/HSP,Tumor,-1.3664,0.5553983432860873
AGAACCTAGAAGCCAC-1_1274,p018_N,p018,Macrophage,Alveolar_Macrophages1,1266,23.7415,17.9896,-0.0327,0.0082,Not cycling,0.9775,MES/Glycolysis,,Normal,-0.3964,0.5553983432860873
ATCCATTTCAGCGGAA-1_2260,p018_N,p018,Macrophage,Alveolar_Macrophages1,1354,24.3519,10.9138,-0.0339,0.0677,Not cycling,0.7301,Monocyte/Secreted,,Normal,-0.5464,0.5553983432860873
TTCACCGCACGCGTCA-1_10573,p018_N,p018,Macrophage,Alveolar_Macrophages2,1538,22.5241,12.8433,-0.0874,0.0586,Not cycling,1.5987,MAC2,MAC2,Normal,0.0492,0.5553983432860873
CCGGACAAGACAGCTG-1_3888,p018_N,p018,Macrophage,Alveolar_Macrophages1,1593,24.7549,13.6204,0.0663,0.0414,Not cycling,0.7313,Proteasomal degradation,,Normal,0.0273,0.5553983432860873
CAGTTCCGTCAAAGCG-1_3328,p018_N,p018,Macrophage,Alveolar_Macrophages1,1904,23.0454,14.7041,0.1123,0.0335,Not cycling,0.5223,MES/Glycolysis,,Normal,0.3666,0.5553983432860873
CGTAAGTCAATAGTGA-1_4488,p018_N,p018,Macrophage,Alveolar_Macrophages1,1980,24.2966,12.3124,0.1658,0.053,Not cycling,0.9538,MES/Glycolysis,,Normal,0.561,0.5553983432860873
GTAGTACCACTACCCT-1_7391,p018_N,p018,Macrophage,Alveolar_Macrophages1,2155,24.2553,13.274,-0.0667,-0.0003,Not cycling,0.7493,MES/Glycolysis,,Normal,0.0995,0.5553983432860873
GACAGCCAGTTACGAA-1_5649,p018_N,p018,Macrophage,Alveolar_Macrophages1,1990,24.1709,11.4187,0.2072,-0.0767,Not cycling,0.7554,MES/Glycolysis,,Normal,0.0029,0.5553983432860873
TGATCTTGTTGATCGT-1_9792,p018_N,p018,Macrophage,Alveolar_Macrophages1,1493,19.1588,17.0483,-0.1163,-0.002,Not cycling,0.7199,Stress/HSP,,Normal,-0.4602,0.5553983432860873
ACCCAAATCGAGCTGC-1_12129,p018_T,p018,Malignant,Malignant,1588,29.8666,0.0369,0.2856,-0.0357,Not cycling,1.4425,Stress,Stress,Tumor,-0.0716,0.5553983432860873
TCGACCTGTGGCCCAT-1_9274,p018_N,p018,Macrophage,Alveolar_Macrophages1,1344,19.7458,15.6262,-0.0503,0.1708,Not cycling,1.1128,Monocyte/Secreted,Monocyte/Secreted,Normal,-0.422,0.5553983432860873
CAGGGCTCAACGATCT-1_3279,p018_N,p018,Macrophage,Alveolar_Macrophages1,1256,18.7836,15.5922,-0.0428,0.0155,Not cycling,0.8304,MES/Glycolysis,,Normal,0.8304,0.5553983432860873
TCGTGGGAGGACAGCT-1_9432,p018_N,p018,Macrophage,Macrophages_Proliferating,1391,19.3916,12.0538,0.0737,0.1589,Not cycling,0.6516,Unfolded protein response,,Normal,-0.1087,0.5553983432860873
TGTTACTTCAAGTGGG-1_10368,p018_N,p018,Macrophage,Alveolar_Macrophages1,1303,22.6807,17.3535,-0.0339,0.0747,Not cycling,1.0537,Lipid-associated,Lipid-associated,Normal,-0.4698,0.5553983432860873
AGGACGATCACGTCCT-1_1665,p018_N,p018,Macrophage,Alveolar_Macrophages1,1354,22.7693,16.7218,0.2358,0.0794,Not cycling,0.8868,Lipid-associated,,Normal,0.1512,0.5553983432860873
ATCACAGTCACTGTTT-1_2187,p018_N,p018,Macrophage,Alveolar_Macrophages1,1439,23.4718,12.3693,-0.0725,0.0791,Not cycling,1.128,MES/Glycolysis,MES/Glycolysis,Normal,-0.2872,0.5553983432860873
ACACGCGCACTTCTCG-1_11941,p018_T,p018,Macrophage,CD14_Macrophages1,1757,18.714,9.1969,-0.0493,0.0324,Not cycling,0.5753,Lipid-associated,,Tumor,0.5753,0.5553983432860873
GTGCTTCCAGTCCCGA-1_7761,p018_N,p018,Macrophage,Alveolar_Macrophages1,1099,24.4543,10.029,-0.0353,0.0321,Not cycling,0.923,Monocyte/Secreted,,Normal,-0.3698,0.5553983432860873
GTTGCTCAGCGCCATC-1_8030,p018_N,p018,Macrophage,Alveolar_Macrophages1,1677,23.8795,14.9073,0.0175,-0.0309,Not cycling,0.7468,Lipid-associated,,Normal,-0.1128,0.5553983432860873
GTCAAACGTCCGAAAG-1_7433,p018_N,p018,Macrophage,Alveolar_Macrophages1,1957,24.1274,12.796,0.0177,0.0335,Not cycling,1.1807,Monocyte/Secreted,Monocyte/Secreted,Normal,0.3919,0.5553983432860873
GGTGATTGTCCTCCAT-1_7186,p018_N,p018,Macrophage,Alveolar_Macrophages1,1054,24.1333,18.2235,0.1346,0.038,Not cycling,0.5473,Lipid-associated,,Normal,-0.7989,0.5553983432860873
CGTAAGTCAATAGTGA-1_4488,p018_N,p018,Macrophage,Alveolar_Macrophages1,1980,24.2966,12.3124,0.1658,0.053,Not cycling,0.9538,MES/Glycolysis,,Normal,0.9538,0.5553983432860873
TGCGGCAGTCCGACGT-1_9943,p018_N,p018,Macrophage,Alveolar_Macrophages1,1311,25.1724,8.6572,-0.0511,-0.0051,Not cycling,2.5962,Monocyte/Secreted,Monocyte/Secreted,Normal,0.5253,0.5553983432860873
TGGGAGAGTTCAAGTC-1_10101,p018_N,p018,Macrophage,Alveolar_Macrophages1,1475,23.2515,13.2302,0.1575,-0.0086,Not cycling,0.7555,MES/Glycolysis,,Normal,0.1395,0.5553983432860873
AACCCAATCAAGCCGC-1_213,p018_N,p018,Macrophage,Alveolar_Macrophages1,1505,20.2835,16.7684,-0.0323,0.0418,Not cycling,0.3806,MES/Glycolysis,,Normal,0.0602,0.5553983432860873
CTCAAGACAAGCGCTC-1_4806,p018_N,p018,Macrophage,Alveolar_Macrophages1,1452,24.604,11.4776,0.0466,-0.0163,Not cycling,1.1613,MES/Glycolysis,MES/Glycolysis,Normal,0.4708,0.5553983432860873
ACGTACACACCAGTAT-1_12306,p018_T,p018,Malignant,Malignant,2038,29.5613,0.2566,-0.0333,0.0992,Not cycling,0.7859,Alveolar,,Tumor,0.0631,0.5553983432860873
AAGTGAAAGCATGAAT-1_11697,p018_T,p018,Malignant,Malignant,1034,29.3578,-1.2104,-0.0361,0.0441,Not cycling,1.3546,Interferon/MHC-II (I),Interferon/MHC-II (I),Tumor,-0.3003,0.5553983432860873
ATGGATCGTGTTCCTC-1_2526,p018_N,p018,Macrophage,Alveolar_Macrophages1,1774,22.8501,15.6659,0.0923,-0.0615,Not cycling,0.5945,Lipid-associated,,Normal,-0.7604,0.5553983432860873
ACGTAGTAGTGCCAGA-1_1042,p018_N,p018,Macrophage,Alveolar_Macrophages1,1728,21.8498,17.6278,-0.0031,-0.0307,Not cycling,0.6702,MAC2,,Normal,-0.0428,0.5553983432860873
TGAATCGTCTTGATTC-1_9640,p018_N,p018,Macrophage,Alveolar_Macrophages1,1734,21.792,17.5302,-0.0413,-0.0028,Not cycling,0.3089,MES/Glycolysis,,Normal,-0.2821,0.5553983432860873
GTGTGATTCGAACTCA-1_7856,p018_N,p018,Macrophage,Alveolar_Macrophages1,1415,24.3621,11.1516,0.0287,0.202,Not cycling,1.1225,MES/Glycolysis,MES/Glycolysis,Normal,0.0273,0.5553983432860873
ACCCAAAGTGGAATGC-1_12122,p018_T,p018,Malignant,Malignant,1725,30.25,-0.527,-0.0793,0.0804,Not cycling,0.4273,Proteasomal degradation,,Tumor,-0.0767,0.5553983432860873
AAGGTAATCCGAGAAG-1_11663,p018_T,p018,Malignant,Malignant,3010,28.1563,-2.6506,0.2349,1.7813,G2/M,2.5223,Cell Cycle - G2/M,,Tumor,-0.1422,0.5553983432860873
TGGCGTGAGGCACAAC-1_10074,p018_N,p018,Macrophage,Alveolar_Macrophages1,1224,22.5215,14.5665,-0.0182,-0.0465,Not cycling,0.4867,Lipid-associated,,Normal,-0.4183,0.5553983432860873
TGACGCGAGCTAAGTA-1_9681,p018_N,p018,Epithelial,Ciliated,1018,28.887,-13.3906,0.0504,-0.0325,Not cycling,2.0941,Stress,Stress,Normal,0.4147,0.5553983432860873
GCCGATGGTGTGTCCG-1_6440,p018_N,p018,Macrophage,Alveolar_Macrophages1,1040,25.3525,8.5416,0.1453,-0.008,Not cycling,2.1447,Monocyte/Secreted,Monocyte/Secreted,Normal,-0.2612,0.5553983432860873
ATTGGGTTCTCTCGCA-1_2729,p018_N,p018,Macrophage,Alveolar_Macrophages1,1394,22.4827,19.1256,-0.0865,0.088,Not cycling,0.8008,Respiration,,Normal,0.0564,0.5553983432860873
AACACACCACTCAGAT-1_11360,p018_T,p018,Macrophage,Alveolar_Macrophages1,1514,21.3216,14.0117,-0.0239,0.0019,Not cycling,1.9799,MAC2,MAC2,Tumor,-1.368,0.5553983432860873
TGTGGCGAGAGGGCGA-1_10333,p018_N,p018,Macrophage,Alveolar_Macrophages1,1162,23.4834,17.2743,-0.0312,0.0936,Not cycling,1.1118,Stress/HSP,Stress/HSP,Normal,-0.6787,0.5553983432860873
TACCCGTCAGGCTATT-1_8267,p018_N,p018,Macrophage,Alveolar_Macrophages1,1359,24.3545,15.3031,-0.0346,0.0791,Not cycling,0.769,MES/Glycolysis,,Normal,0.2535,0.5553983432860873
GTGAGGACACAAAGCG-1_7694,p018_N,p018,Macrophage,Alveolar_Macrophages1,1212,18.6962,16.0438,0.1,0.0516,Not cycling,0.2753,Cell Cycle,,Normal,-0.2811,0.5553983432860873
AACAAGAGTATCGAAA-1_159,p018_N,p018,Macrophage,Alveolar_Macrophages1,1499,22.6708,15.2974,-0.104,0.0621,Not cycling,0.855,Respiration,,Normal,-0.1153,0.5553983432860873
AGACAAAGTGATACAA-1_12667,p018_T,p018,Malignant,Malignant,1561,29.355,-0.2306,-0.1195,0.1083,Not cycling,0.7526,Alveolar,,Tumor,0.0929,0.5553983432860873
TCACTATAGCGACAGT-1_8792,p018_N,p018,Macrophage,Alveolar_Macrophages1,1104,23.8502,17.3174,0.0688,0.149,Not cycling,1.1346,MES/Glycolysis,MES/Glycolysis,Normal,-0.0657,0.5553983432860873
AAGGAATGTTCGGACC-1_417,p018_N,p018,Macrophage,Alveolar_Macrophages1,1438,24.5958,15.6859,0.1511,0.2343,Not cycling,0.9133,MES/Glycolysis,,Normal,0.2329,0.5553983432860873
ACTATGGTCTCCGCAT-1_1108,p018_N,p018,Macrophage,Alveolar_Macrophages1,1317,22.3545,13.9479,0.0251,0.0237,Not cycling,0.8935,MES/Glycolysis,,Normal,-0.2933,0.5553983432860873
AGAAGCGAGTCTGCAT-1_1291,p018_N,p018,Macrophage,Alveolar_Macrophages1,1151,23.1419,17.8865,0.1092,-0.0771,Not cycling,0.6342,Respiration,,Normal,-0.4247,0.5553983432860873
ACCCTCAGTACTGACT-1_12134,p018_T,p018,Macrophage,CD14_Macrophages1,1190,19.0626,7.7999,0.0496,0.0142,Not cycling,1.7582,Lipid-associated,Lipid-associated,Tumor,-0.2164,0.5553983432860873
CAGCAATGTGTCACAT-1_3196,p018_N,p018,Macrophage,Alveolar_Macrophages1,1552,24.3383,16.6539,-0.087,-0.0194,Not cycling,1.0857,Lipid-associated,Lipid-associated,Normal,-0.4915,0.5553983432860873
TCAGGTAAGCGGTAGT-1_8854,p018_N,p018,Macrophage,Alveolar_Macrophages1,1368,22.1793,16.8771,-0.0711,0.0188,Not cycling,1.2405,Lipid-associated,Lipid-associated,Normal,0.2377,0.5553983432860873
GTCTGTCCATCGAGCC-1_7642,p018_N,p018,Macrophage,Alveolar_Macrophages1,1544,23.5793,12.3945,0.1256,-0.0443,Not cycling,0.8772,MAC2,,Normal,-0.1303,0.5553983432860873
ATCACTTAGACTCTTG-1_2199,p018_N,p018,Macrophage,Alveolar_Macrophages1,1290,25.5977,10.4049,-0.0115,0.0907,Not cycling,1.076,MES/Glycolysis,MES/Glycolysis,Normal,1.076,0.5553983432860873
CTAACTTGTAGCCCTG-1_4649,p018_N,p018,Macrophage,Alveolar_Macrophages1,1332,24.0232,16.2215,-0.0501,0.0045,Not cycling,1.1232,Stress/HSP,Stress/HSP,Normal,0.1529,0.5553983432860873
ATGTCCCCAAGAATGT-1_2574,p018_N,p018,Macrophage,Alveolar_Macrophages1,1165,20.0102,15.6987,0.2457,-0.0045,Not cycling,0.3906,Lipid-associated,,Normal,-0.7711,0.5553983432860873
TTTACTGAGGGTGGGA-1_11042,p018_N,p018,Macrophage,Alveolar_Macrophages1,1028,25.3451,8.8871,0.1449,0.1151,Not cycling,2.2408,Monocyte/Secreted,Monocyte/Secreted,Normal,-0.8347,0.5553983432860873
TAGGAGGCACAACGCC-1_8478,p018_N,p018,Macrophage,Alveolar_Macrophages1,1572,22.6446,17.3127,-0.0515,0.0746,Not cycling,0.9504,MES/Glycolysis,,Normal,-0.1455,0.5553983432860873
TCCTTCTGTGCATTTG-1_9227,p018_N,p018,Macrophage,Alveolar_Macrophages1,1490,25.2488,10.0841,0.0152,0.0515,Not cycling,1.2025,MES/Glycolysis,MES/Glycolysis,Normal,-0.3713,0.5553983432860873
TGACCCTCAGAGACTG-1_9665,p018_N,p018,Macrophage,Alveolar_Macrophages1,1351,21.5821,17.5548,0.061,0.0619,Not cycling,0.7992,Lipid-associated,,Normal,-0.6425,0.5553983432860873
GCAGCCATCATCTACT-1_6262,p018_N,p018,Epithelial,Ciliated,3628,26.9044,-15.1329,-0.2316,-0.1067,Not cycling,1.2028,Cilia,Cilia,Normal,-0.6084,0.5553983432860873
TGGGAGATCAGCGCAC-1_10104,p018_N,p018,Epithelial,Ciliated,1163,29.0477,-13.6158,0.0418,-0.0557,Not cycling,1.3854,Cilia,Cilia,Normal,0.6774,0.5553983432860873
GTTAGACTCCCAAGTA-1_7939,p018_N,p018,Macrophage,Alveolar_Macrophages1,1462,18.9955,12.6344,-0.0834,-0.0238,Not cycling,0.7549,MES/Glycolysis,,Normal,-0.6274,0.5553983432860873
CTGATCCTCTTCGGAA-1_5129,p018_N,p018,Macrophage,Alveolar_Macrophages1,1887,19.4847,17.5643,0.1442,-0.0412,Not cycling,0.7659,Unfolded protein response,,Normal,-0.3873,0.5553983432860873
ACCAACAGTGCGAACA-1_12074,p018_T,p018,Malignant,Malignant,1085,29.2855,-0.6726,-0.0673,-0.0962,Not cycling,0.4356,Metal response,,Tumor,0.0438,0.5553983432860873
TCAGTTTCAATTTCGG-1_8888,p018_N,p018,Macrophage,Alveolar_Macrophages1,1244,23.562,16.392,-0.0197,0.16,Not cycling,0.9447,Stress/HSP,,Normal,-0.0812,0.5553983432860873
TTACGCCCATCCAACA-1_10478,p018_N,p018,Macrophage,Alveolar_Macrophages1,1639,23.8124,11.8572,0.0271,0.0654,Not cycling,0.8528,MES/Glycolysis,,Normal,0.7895,0.5553983432860873
TATTCCATCTCGCAGG-1_8635,p018_N,p018,Macrophage,Alveolar_Macrophages1,1795,24.5245,16.4348,0.0838,-0.0583,Not cycling,0.6083,MES/Glycolysis,,Normal,-0.4149,0.5553983432860873
ACACAGTAGGGTCACA-1_11912,p018_T,p018,Macrophage,Alveolar_Macrophages1,1325,22.6695,17.6021,-0.0509,0.0872,Not cycling,0.6586,MAC1,,Tumor,-0.2317,0.5553983432860873
CATCGGGAGCTGTCCG-1_3437,p018_N,p018,Macrophage,Alveolar_Macrophages1,1699,25.4998,11.8571,-0.0322,0.0345,Not cycling,0.7057,MYC/Mitochondria,,Normal,0.5222,0.5553983432860873
AGAAGCGCAGTCGCAC-1_12629,p018_T,p018,Malignant,Malignant,1234,28.4779,-0.4911,0.1519,-0.0438,Not cycling,1.2165,MYC,,Tumor,-0.0644,0.5553983432860873
ATTCCTAAGATAACGT-1_2675,p018_N,p018,Macrophage,Alveolar_Macrophages1,1723,22.7901,18.8792,0.0265,0.0544,Not cycling,0.5614,Stress/HSP,,Normal,0.1276,0.5553983432860873
CGGGTCAAGTGCAGGT-1_4453,p018_N,p018,Macrophage,Alveolar_Macrophages1,1184,25.7715,8.6214,-0.0007,0.1159,Not cycling,2.0332,Monocyte/Secreted,Monocyte/Secreted,Normal,-0.1353,0.5553983432860873
GGAGCAATCTCCGTGT-1_6752,p018_N,p018,Macrophage,Alveolar_Macrophages1,1309,20.1414,14.588,0.0397,-0.1064,Not cycling,0.5428,Lipid-associated,,Normal,0.0904,0.5553983432860873
GGGTCTGAGTTGTAAG-1_7042,p018_N,p018,Macrophage,Alveolar_Macrophages1,1384,22.7944,18.1572,-0.0625,0.0087,Not cycling,0.6232,Lipid-associated,,Normal,0.3792,0.5553983432860873
TTCACGCAGGTAAAGG-1_10583,p018_N,p018,Macrophage,Alveolar_Macrophages1,1566,22.2272,16.5877,0.12,-0.0217,Not cycling,0.5284,Proteasomal degradation,,Normal,-0.1081,0.5553983432860873
AAACGAACAGTGACCC-1_22,p018_N,p018,Macrophage,Alveolar_Macrophages1,1672,22.224,18.8831,-0.0584,-0.0333,Not cycling,0.983,MES/Glycolysis,,Normal,0.7295,0.5553983432860873
CTACCTGTCGACATTG-1_4715,p018_N,p018,Macrophage,Alveolar_Macrophages1,1297,25.9123,8.8212,0.0329,0.0005,Not cycling,2.1276,Monocyte/Secreted,Monocyte/Secreted,Normal,2.1276,0.5553983432860873
ACCAACAGTGCGAACA-1_12074,p018_T,p018,Malignant,Malignant,1085,29.2855,-0.6726,-0.0673,-0.0962,Not cycling,0.4356,Metal response,,Tumor,0.4356,0.5553983432860873
CCGGGTAAGAGCAGTC-1_3893,p018_N,p018,Macrophage,Alveolar_Macrophages1,1428,24.93,11.6481,0.021,0.0152,Not cycling,1.0747,MES/Glycolysis,MES/Glycolysis,Normal,-0.2897,0.5553983432860873
TGCATCCTCAGCAGAG-1_9887,p018_N,p018,Macrophage,Alveolar_Macrophages1,1101,23.9227,16.8939,-0.0385,0.0207,Not cycling,1.1864,MES/Glycolysis,MES/Glycolysis,Normal,-0.1748,0.5553983432860873
GTACAGTGTCACGACC-1_7324,p018_N,p018,Macrophage,Alveolar_Macrophages1,1415,22.5103,12.6041,0.1361,-0.0615,Not cycling,1.6199,MAC2,MAC2,Normal,-0.0438,0.5553983432860873
CGTTAGAGTTAGGAGC-1_4601,p018_N,p018,Macrophage,Alveolar_Macrophages1,1516,25.2832,12.2522,-0.0902,0.0052,Not cycling,0.7967,MES/Glycolysis,,Normal,-0.1352,0.5553983432860873
TGAGCGCCATGATCTG-1_9734,p018_N,p018,Macrophage,Alveolar_Macrophages1,1471,21.5962,16.6283,-0.0879,-0.027,Not cycling,0.636,Interferon,,Normal,-0.6951,0.5553983432860873
GCTCAAAAGGCTCAAG-1_6577,p018_N,p018,Macrophage,Alveolar_Macrophages1,1545,20.8891,16.7241,0.0172,0.0027,Not cycling,0.6842,Lipid-associated,,Normal,-0.3324,0.5553983432860873
GGAAGTGTCTGCGAGC-1_6674,p018_N,p018,Macrophage,Alveolar_Macrophages1,1886,21.8487,16.7845,-0.0699,-0.0632,Not cycling,0.8706,Lipid-associated,,Normal,-0.52,0.5553983432860873
GTGAGTTAGCTAAGTA-1_7702,p018_N,p018,Macrophage,Alveolar_Macrophages1,1251,19.7519,17.6215,0.0468,0.0134,Not cycling,0.4687,MES/Glycolysis,,Normal,0.1576,0.5553983432860873
CAGGGCTGTCTTCATT-1_3281,p018_N,p018,Macrophage,Alveolar_Macrophages1,1152,23.3374,14.7145,0.036,0.103,Not cycling,0.8067,Stress/HSP,,Normal,0.2908,0.5553983432860873
CTCCGATTCAGACTGT-1_4989,p018_N,p018,Macrophage,Alveolar_Macrophages1,1287,23.5469,17.5919,0.0825,0.0159,Not cycling,0.7238,MES/Glycolysis,,Normal,-0.1338,0.5553983432860873
ACCTGTCCAGCCGTTG-1_925,p018_N,p018,Epithelial,Ciliated,2113,28.2278,-14.0249,-0.1104,-0.1669,Not cycling,1.2288,Cilia,Cilia,Normal,0.0925,0.5553983432860873
ATACCTTCAGATACCT-1_2111,p018_N,p018,Macrophage,Alveolar_Macrophages1,1432,25.4728,10.2858,-0.062,0.1093,Not cycling,1.0713,Lipid-associated,Lipid-associated,Normal,0.1534,0.5553983432860873
CTTCAATGTATGCGTT-1_5349,p018_N,p018,Epithelial,Ciliated,1014,29.0814,-13.538,0.0462,0.0063,Not cycling,1.5493,Cilia,Cilia,Normal,-0.0901,0.5553983432860873
CTCAATTTCGACGCTG-1_4827,p018_N,p018,Macrophage,Alveolar_Macrophages1,1713,20.8286,16.3066,-0.1068,-0.0239,Not cycling,1.0069,Lipid-associated,Lipid-associated,Normal,-0.5043,0.5553983432860873
CACAGGCAGACCCTTA-1_2988,p018_N,p018,Macrophage,Alveolar_Macrophages1,1134,20.2706,17.9028,-0.0088,0.0734,Not cycling,0.9645,MES/Glycolysis,,Normal,-0.5587,0.5553983432860873
CCCTGATGTGTGATGG-1_3824,p018_N,p018,Macrophage,Alveolar_Macrophages1,1128,25.4558,9.6328,0.0793,0.0244,Not cycling,1.1119,MES/Glycolysis,MES/Glycolysis,Normal,0.0001,0.5553983432860873
TGTGATGGTTTCTTAC-1_10312,p018_N,p018,Macrophage,Alveolar_Macrophages1,1428,23.9881,13.0862,-0.034,0.0817,Not cycling,0.9484,MES/Glycolysis,,Normal,0.9484,0.5553983432860873
ACGTACAAGCGTATAA-1_12304,p018_T,p018,Malignant,Malignant,2882,30.8666,0.5938,0.1542,0.0084,Not cycling,0.948,Stress,,Tumor,0.0051,0.5553983432860873
CTCAACCGTTAGCGGA-1_4803,p018_N,p018,Macrophage,Alveolar_Macrophages1,1280,24.9305,9.5776,0.0366,0.0368,Not cycling,1.382,Monocyte/Secreted,Monocyte/Secreted,Normal,1.1098,0.5553983432860873
TATGTTCGTGGCTACC-1_8625,p018_N,p018,Macrophage,Alveolar_Macrophages1,1006,23.5661,16.202,0.1286,0.0371,Not cycling,0.5428,MES/Glycolysis,,Normal,-0.2452,0.5553983432860873
GTGATGTTCGGTTCAA-1_7715,p018_N,p018,Macrophage,Alveolar_Macrophages1,2363,20.8111,15.3209,0.2259,0.0825,Not cycling,0.6791,Monocyte/Secreted,,Normal,0.5409,0.5553983432860873
CAAGCTATCGCCAACG-1_2894,p018_N,p018,Macrophage,Alveolar_Macrophages1,1438,20.397,11.723,0.145,-0.0198,Not cycling,0.3996,MAC2,,Normal,-0.9021,0.5553983432860873
CTCGAGGTCTGGCCAG-1_5037,p018_N,p018,Macrophage,Alveolar_Macrophages1,1083,25.4644,11.4987,-0.0134,0.0062,Not cycling,0.5409,MES/Glycolysis,,Normal,-0.806,0.5553983432860873
GAATAGAGTCGAATTC-1_5600,p018_N,p018,Macrophage,Alveolar_Macrophages1,1061,23.3433,17.9607,-0.0285,-0.0944,Not cycling,0.5442,Proteasomal degradation,,Normal,0.1646,0.5553983432860873
ACGTTCCCACTCTGCT-1_1070,p018_N,p018,Macrophage,Alveolar_Macrophages1,1259,20.5778,17.2817,-0.0364,0.0132,Not cycling,0.3187,MES/Glycolysis,,Normal,-0.1231,0.5553983432860873
CCGATGGCACCGTGCA-1_3863,p018_N,p018,Macrophage,Alveolar_Macrophages1,1135,24.3264,17.7232,0.0456,-0.0989,Not cycling,0.5742,MES/Glycolysis,,Normal,-1.1599,0.5553983432860873
CCGAACGTCTTCTAAC-1_3848,p018_N,p018,Macrophage,Alveolar_Macrophages1,1280,23.1419,17.4839,0.0346,0.0324,Not cycling,0.2401,MAC1,,Normal,-0.1984,0.5553983432860873
CATCCACAGCAGGGAG-1_3401,p018_N,p018,Macrophage,Alveolar_Macrophages1,1400,21.9473,18.0243,0.0359,0.0855,Not cycling,0.7752,MES/Glycolysis,,Normal,-1.0808,0.5553983432860873
ATCTCTATCGGATAAA-1_2392,p018_N,p018,Macrophage,Alveolar_Macrophages1,1029,24.7699,9.0182,0.0028,0.0359,Not cycling,2.254,Monocyte/Secreted,Monocyte/Secreted,Normal,0.051,0.5553983432860873
TCCACGTGTTGTGTTG-1_9067,p018_N,p018,Macrophage,Alveolar_Macrophages1,1010,24.0825,18.1354,0.0018,-0.0781,Not cycling,0.6277,MES/Glycolysis,,Normal,-0.0822,0.5553983432860873
CGTAATGTCTATCACT-1_4513,p018_N,p018,Macrophage,Alveolar_Macrophages1,1279,18.778,15.8046,0.0769,0.0483,Not cycling,1.3716,MAC2,MAC2,Normal,-0.4579,0.5553983432860873
TAAGCGTCAATAACCC-1_8165,p018_N,p018,Macrophage,Alveolar_Macrophages1,1335,25.2131,9.0942,-0.0557,0.0742,Not cycling,1.8076,MES/Glycolysis,MES/Glycolysis,Normal,-0.1831,0.5553983432860873
GTGTTAGAGTGTAGAT-1_7872,p018_N,p018,Macrophage,Alveolar_Macrophages1,1804,24.6281,12.4078,0.0323,0.0336,Not cycling,0.7776,Lipid-associated,,Normal,-0.2309,0.5553983432860873
ATGCATGGTCGATGCC-1_2472,p018_N,p018,Macrophage,Alveolar_Macrophages1,1635,22.7201,14.4891,-0.0317,-0.0256,Not cycling,0.9764,Interferon,,Normal,-0.0016,0.5553983432860873
CAACAGTGTAATCAGA-1_2811,p018_N,p018,Macrophage,Alveolar_Macrophages1,1576,21.2471,13.1542,0.0004,0.1278,Not cycling,0.8131,MES/Glycolysis,,Normal,-0.3196,0.5553983432860873
GAAGCGATCAGGAACG-1_5563,p018_N,p018,Macrophage,Alveolar_Macrophages1,1835,24.9425,14.3376,-0.0566,0.0161,Not cycling,0.9272,MES/Glycolysis,,Normal,-0.3208,0.5553983432860873
AACAACCAGGTTTACC-1_142,p018_N,p018,Macrophage,Alveolar_Macrophages1,1424,23.8673,15.7573,-0.0694,0.0736,Not cycling,0.9595,MES/Glycolysis,,Normal,0.171,0.5553983432860873
AGTCACAAGCCTAACT-1_1982,p018_N,p018,Macrophage,Alveolar_Macrophages1,1285,24.34,11.8218,0.0355,-0.0596,Not cycling,1.0282,MAC2,MAC2,Normal,1.0282,0.5553983432860873
ACATTTCGTATCATGC-1_12049,p018_T,p018,Malignant,Malignant,3311,29.5223,0.7915,-0.0193,0.1234,Not cycling,1.0331,Alveolar,Alveolar,Tumor,0.2729,0.5553983432860873
GAGTTTGAGATCACTC-1_5991,p018_N,p018,Macrophage,Alveolar_Macrophages1,1296,18.9125,15.8216,0.1139,0.0011,Not cycling,0.228,Lipid-associated,,Normal,0.0893,0.5553983432860873
AGACAAATCGCCACTT-1_1324,p018_N,p018,Macrophage,Alveolar_Macrophages1,1576,22.2113,15.9099,0.0219,-0.0157,Not cycling,1.4436,Lipid-associated,Lipid-associated,Normal,1.4436,0.5553983432860873
CACAACACACGGTAGA-1_2955,p018_N,p018,Macrophage,Alveolar_Macrophages1,1821,21.7959,15.3361,-0.0286,0.0651,Not cycling,0.7425,Lipid-associated,,Normal,-0.6019,0.5553983432860873
GGTTAACTCTGGGAGA-1_7228,p018_N,p018,Macrophage,Alveolar_Macrophages1,1225,25.6437,12.6929,-0.0325,0.0022,Not cycling,0.8248,MES/Glycolysis,,Normal,-0.4372,0.5553983432860873
ATCGTGAGTATTTCCT-1_2376,p018_N,p018,Macrophage,Alveolar_Macrophages1,1300,23.9712,18.9701,0.1831,0.0867,Not cycling,0.7112,MES/Glycolysis,,Normal,0.2335,0.5553983432860873
AGCGATTTCGAATGCT-1_1563,p018_N,p018,Macrophage,Alveolar_Macrophages1,1284,25.5963,8.7552,-0.0429,0.0343,Not cycling,2.0889,Monocyte/Secreted,Monocyte/Secreted,Normal,0.1637,0.5553983432860873
AAAGTGACATGTGCCG-1_105,p018_N,p018,Macrophage,Alveolar_Macrophages1,1571,19.0174,15.5578,0.0643,-0.0227,Not cycling,1.1408,Stress/HSP,Stress/HSP,Normal,-0.0183,0.5553983432860873
CACTGTCGTGGAATGC-1_3116,p018_N,p018,Macrophage,Alveolar_Macrophages1,1179,22.7942,16.6324,0.0598,0.0687,Not cycling,0.6618,Lipid-associated,,Normal,0.4196,0.5553983432860873
TCTCCGAAGTCCTACA-1_9518,p018_N,p018,Macrophage,Alveolar_Macrophages1,1146,26.0701,10.2542,0.0814,0.0367,Not cycling,1.0464,MES/Glycolysis,MES/Glycolysis,Normal,0.0649,0.5553983432860873
GTCTAGAAGATGAAGG-1_7611,p018_N,p018,Macrophage,Alveolar_Macrophages1,1321,22.971,14.9761,0.0185,0.0753,Not cycling,0.7377,MAC2,,Normal,-0.0078,0.5553983432860873
AGTAACCTCCCTCATG-1_1903,p018_N,p018,Macrophage,Alveolar_Macrophages1,1817,22.1451,17.8295,0.0619,-0.0701,Not cycling,1.155,Stress/HSP,Stress/HSP,Normal,-0.5139,0.5553983432860873
CTCATGCCAGCGTTTA-1_4893,p018_N,p018,Macrophage,Alveolar_Macrophages1,1222,18.8167,16.4643,0.1187,0.0246,Not cycling,0.2884,MAC2,,Normal,-0.2758,0.5553983432860873
AGCCAATAGATGAAGG-1_1526,p018_N,p018,Macrophage,Alveolar_Macrophages1,1414,23.2343,16.1064,0.0874,0.0127,Not cycling,0.4634,MAC2,,Normal,-0.2005,0.5553983432860873
GGTTGTAAGGACAGCT-1_7238,p018_N,p018,Macrophage,Alveolar_Macrophages1,1292,23.5901,15.424,0.034,0.0058,Not cycling,0.9008,MAC2,,Normal,-0.1753,0.5553983432860873
AGTCAACGTCCGGCAT-1_1972,p018_N,p018,Macrophage,Alveolar_Macrophages1,1414,24.7932,10.7282,-0.0603,-0.0557,Not cycling,1.1887,MAC1,,Normal,-0.3643,0.5553983432860873
GCTACAATCGCGATCG-1_6562,p018_N,p018,Macrophage,Alveolar_Macrophages1,1452,24.5585,17.9171,-0.0311,0.0069,Not cycling,1.2445,Lipid-associated,Lipid-associated,Normal,1.2445,0.5553983432860873
GGAGCAACACATGTTG-1_6742,p018_N,p018,Macrophage,Alveolar_Macrophages1,1097,23.3484,14.6549,-0.0097,0.0279,Not cycling,0.3436,MAC2,,Normal,0.3436,0.5553983432860873
AACCCAATCGCCATAA-1_11438,p018_T,p018,Malignant,Malignant,1177,29.2625,-0.8578,0.0024,-0.0621,Not cycling,0.9899,Stress,,Tumor,-0.3101,0.5553983432860873
GATAGAATCGAGTTGT-1_6015,p018_N,p018,Macrophage,Alveolar_Macrophages1,1421,22.8808,14.2807,0.1868,0.1389,Not cycling,0.6186,MES/Glycolysis,,Normal,0.2236,0.5553983432860873
CCTCCTCCAGACATCT-1_4101,p018_N,p018,Macrophage,Alveolar_Macrophages1,1389,22.6771,17.8441,-0.0123,-0.0354,Not cycling,0.495,Lipid-associated,,Normal,-0.1427,0.5553983432860873
CAACAGTCAAAGACTA-1_2809,p018_N,p018,Macrophage,Alveolar_Macrophages1,1507,22.1316,14.8363,0.0575,0.0146,Not cycling,0.7884,MES/Glycolysis,,Normal,0.6373,0.5553983432860873
GACGTTACAAGAGTTA-1_5734,p018_N,p018,Macrophage,Alveolar_Macrophages1,1506,22.4942,16.8828,0.0629,0.0893,Not cycling,0.9394,MES/Glycolysis,,Normal,0.2752,0.5553983432860873
AGACAAAGTCCTCCAT-1_1320,p018_N,p018,Macrophage,Alveolar_Macrophages1,1934,19.1905,17.3237,-0.1044,-0.0114,Not cycling,0.7442,Lipid-associated,,Normal,-0.0789,0.5553983432860873
AATTCCTTCAGGAGAC-1_11861,p018_T,p018,Macrophage,CD14_Macrophages1,1101,18.2517,9.0886,0.1368,0.0821,Not cycling,1.3711,MES/Glycolysis,MES/Glycolysis,Tumor,-0.1799,0.5553983432860873
ATCCACCTCACGGACC-1_2243,p018_N,p018,Macrophage,Alveolar_Macrophages1,1215,25.6197,10.5497,-0.0234,-0.1095,Not cycling,0.7877,MAC1,,Normal,0.7877,0.5553983432860873
AGAGCAGAGCACCTGC-1_1427,p018_N,p018,Macrophage,Alveolar_Macrophages1,1572,22.7352,16.4393,-0.0568,0.0041,Not cycling,1.3912,MES/Glycolysis,MES/Glycolysis,Normal,-0.4029,0.5553983432860873
TACGGGCCACACCGCA-1_8325,p018_N,p018,Macrophage,Alveolar_Macrophages1,1630,23.6338,16.9996,-0.0984,0.0702,Not cycling,0.7189,MES/Glycolysis,,Normal,0.0112,0.5553983432860873
CCTCACAGTAACGGTG-1_4047,p018_N,p018,Macrophage,Alveolar_Macrophages1,1231,20.4461,15.8271,-0.0438,0.0934,Not cycling,0.7084,MES/Glycolysis,,Normal,0.7084,0.5553983432860873
TCTCCGACAGTCAACT-1_9526,p018_N,p018,Macrophage,Alveolar_Macrophages1,1379,26.0077,9.6567,0.185,0.0349,Not cycling,1.4351,MES/Glycolysis,MES/Glycolysis,Normal,-0.9299,0.5553983432860873
CGTAAGTAGGAGTACC-1_4485,p018_N,p018,Macrophage,Alveolar_Macrophages1,1684,22.3957,15.4378,0.2055,0.0017,Not cycling,0.8628,Lipid-associated,,Normal,-0.2908,0.5553983432860873
TGACCCTCAAATACGA-1_9663,p018_N,p018,Macrophage,Alveolar_Macrophages1,1323,25.2995,9.0429,-0.0312,0.1103,Not cycling,1.4653,Monocyte/Secreted,Monocyte/Secreted,Normal,1.2627,0.5553983432860873
AGAGCCCTCTGGGAGA-1_1455,p018_N,p018,Macrophage,Alveolar_Macrophages1,1882,22.1192,16.983,0.0847,-0.0789,Not cycling,0.8358,Lipid-associated,,Normal,0.2906,0.5553983432860873
GTTGCGGGTGACAACG-1_8024,p018_N,p018,Macrophage,Alveolar_Macrophages1,1715,22.7927,12.8797,-0.0416,0.084,Not cycling,0.9703,MES/Glycolysis,,Normal,0.9703,0.5553983432860873
AAGTGAATCGGTAACT-1_470,p018_N,p018,Macrophage,Alveolar_Macrophages1,1357,23.0793,13.162,0.076,0.0827,Not cycling,0.9092,MES/Glycolysis,,Normal,0.9092,0.5553983432860873
TTTCACAAGGTATCTC-1_11070,p018_N,p018,Macrophage,Alveolar_Macrophages1,1751,25.7902,12.3379,0.1053,-0.0546,Not cycling,1.1812,MYC/Mitochondria,,Normal,0.262,0.5553983432860873
GGGCGTTAGCAACAGC-1_6966,p018_N,p018,Macrophage,Alveolar_Macrophages1,1419,18.8244,15.9281,0.0093,0.0235,Not cycling,0.757,Stress/HSP,,Normal,0.3807,0.5553983432860873
CATGCGGCAGAAACCG-1_3501,p018_N,p018,Macrophage,Alveolar_Macrophages1,2072,20.2376,17.632,0.0141,-0.0394,Not cycling,0.786,MAC2,,Normal,-0.2814,0.5553983432860873
GGCACGTGTGTCGATT-1_6798,p018_N,p018,Macrophage,Alveolar_Macrophages1,1891,23.6993,15.0057,-0.0372,-0.0284,Not cycling,0.7689,MAC2,,Normal,0.7689,0.5553983432860873
GTAGTACTCAGCTCTC-1_7394,p018_N,p018,Macrophage,Alveolar_Macrophages1,1046,19.8631,16.3807,-0.0137,0.0142,Not cycling,0.323,Respiration,,Normal,-0.0301,0.5553983432860873
ACTGCAAGTGAGACGT-1_1159,p018_N,p018,Macrophage,Alveolar_Macrophages1,2032,22.0614,16.2703,-0.0845,0.1025,Not cycling,0.409,MAC2,,Normal,-0.0547,0.5553983432860873
ACACTGAGTTGCATTG-1_11962,p018_T,p018,Malignant,Malignant,1777,28.0291,-3.2066,0.7708,0.1015,G1/S,1.5147,Cell Cycle HMG-rich,,Tumor,-0.38,0.5553983432860873
CTGGTCTCAGTGTGCC-1_5233,p018_N,p018,Macrophage,Alveolar_Macrophages1,2068,22.3541,17.469,-0.0176,-0.0132,Not cycling,0.5428,MYC/Mitochondria,,Normal,-1.1208,0.5553983432860873
AGTCTCCTCGCCGTGA-1_2018,p018_N,p018,Macrophage,Alveolar_Macrophages1,1006,19.9229,13.6335,0.1065,0.0395,Not cycling,2.6196,Stress/HSP,Stress/HSP,Normal,0.8599,0.5553983432860873
GGTAACTTCCTATTGT-1_7109,p018_N,p018,Macrophage,Alveolar_Macrophages1,1358,20.555,15.258,0.0649,0.0005,Not cycling,0.6048,MES/Glycolysis,,Normal,-0.1204,0.5553983432860873
ACCCTTGCAGTGCGCT-1_875,p018_N,p018,Macrophage,Alveolar_Macrophages1,1449,23.305,15.528,0.1521,0.0246,Not cycling,0.7505,Lipid-associated,,Normal,0.2241,0.5553983432860873
TTCCAATCAACCGCTG-1_10634,p018_N,p018,Macrophage,Alveolar_Macrophages1,1449,24.0174,18.9632,-0.0701,0.0171,Not cycling,0.6103,Lipid-associated,,Normal,0.3874,0.5553983432860873
ACATCCCAGCCTAGGA-1_729,p018_N,p018,Macrophage,Alveolar_Macrophages1,2130,19.8632,16.2391,0.0656,-0.0508,Not cycling,1.0382,Stress/HSP,Stress/HSP,Normal,0.296,0.5553983432860873
ACTTCGCGTTAGAAAC-1_12544,p018_T,p018,Macrophage,CD14_Macrophages1,1507,19.1305,8.3496,0.0064,0.141,Not cycling,0.8108,Lipid-associated,,Tumor,-0.3988,0.5553983432860873
TACTTCAAGCGAGAAA-1_8394,p018_N,p018,Macrophage,Alveolar_Macrophages1,2224,22.5574,17.1174,-0.0862,-0.0899,Not cycling,1.0522,Lipid-associated,Lipid-associated,Normal,-0.0961,0.5553983432860873
ACCGTTCTCTTCGTGC-1_12165,p018_T,p018,Malignant,Malignant,2242,28.0131,-2.9036,0.0089,0.0654,Not cycling,1.0469,Protein maturation,,Tumor,0.4027,0.5553983432860873
CAGCAATCAGGCGATA-1_3191,p018_N,p018,Macrophage,Alveolar_Macrophages1,1047,20.7673,14.4027,0.0577,0.0425,Not cycling,0.7563,MES/Glycolysis,,Normal,-0.1069,0.5553983432860873
TCTGTCGAGTCCTGTA-1_9572,p018_N,p018,Macrophage,Alveolar_Macrophages1,1744,23.7031,13.047,0.1037,0.0104,Not cycling,1.3839,MES/Glycolysis,MES/Glycolysis,Normal,-0.0684,0.5553983432860873
TCCTCTTAGAGCAAGA-1_9201,p018_N,p018,Macrophage,Alveolar_Macrophages1,1020,23.9579,17.4217,0.1362,0.0339,Not cycling,0.1584,MES/Glycolysis,,Normal,0.1584,0.5553983432860873
CATCAAGCACACGGTC-1_3387,p018_N,p018,Macrophage,Alveolar_Macrophages1,1455,25.725,11.9978,0.0761,0.0638,Not cycling,0.743,MAC3,,Normal,0.3449,0.5553983432860873
CCGTTCATCATCCCGT-1_3973,p018_N,p018,Macrophage,Alveolar_Macrophages1,1465,22.1465,19.2961,0.0464,-0.002,Not cycling,0.5826,MES/Glycolysis,,Normal,0.5826,0.5553983432860873
TTTGGAGAGGTTCCGC-1_11141,p018_N,p018,Macrophage,Alveolar_Macrophages1,1051,25.0599,16.2218,0.0444,0.0231,Not cycling,0.9216,MAC3,,Normal,0.6174,0.5553983432860873
TCCCAGTGTACAAACA-1_9124,p018_N,p018,Macrophage,Alveolar_Macrophages1,1153,25.7629,8.4545,0.0357,0.0889,Not cycling,2.4956,Monocyte/Secreted,Monocyte/Secreted,Normal,0.3892,0.5553983432860873
TGGGCTGTCTTTACAC-1_10139,p018_N,p018,Macrophage,Alveolar_Macrophages1,1090,22.8913,15.0997,0.0556,0.0066,Not cycling,1.0111,Stress/HSP,Stress/HSP,Normal,0.1183,0.5553983432860873
GGGATGAAGAGTTGAT-1_6939,p018_N,p018,Macrophage,Alveolar_Macrophages1,1159,20.1624,15.942,0.1837,0.0096,Not cycling,0.6964,Lipid-associated,,Normal,-0.4469,0.5553983432860873
CGCATGGAGGTGGGTT-1_4342,p018_N,p018,Macrophage,Alveolar_Macrophages1,1178,22.4883,13.4294,-0.0292,-0.0925,Not cycling,0.6411,Lipid-associated,,Normal,0.3107,0.5553983432860873
TTGTGTTAGCTAGATA-1_10977,p018_N,p018,Macrophage,Alveolar_Macrophages1,1417,23.6326,17.6963,-0.0016,-0.0087,Not cycling,0.5213,Lipid-associated,,Normal,0.3873,0.5553983432860873
TTCACGCGTCATAACC-1_10595,p018_N,p018,Macrophage,Alveolar_Macrophages1,1590,19.6616,15.9776,0.0327,-0.0294,Not cycling,0.8901,MES/Glycolysis,,Normal,0.7767,0.5553983432860873
TCTCTGGTCCCAACTC-1_9543,p018_N,p018,Macrophage,Alveolar_Macrophages1,1208,23.6012,19.4479,0.0547,-0.1132,Not cycling,2.8057,Stress/HSP,Stress/HSP,Normal,-0.528,0.5553983432860873
ATCGCCTGTGGTTCTA-1_2317,p018_N,p018,Macrophage,Alveolar_Macrophages1,1057,23.9161,14.9016,-0.0212,0.0401,Not cycling,0.5651,Stress/HSP,,Normal,-0.2334,0.5553983432860873
AGGGCTCTCGGAGTAG-1_1791,p018_N,p018,Macrophage,Alveolar_Macrophages1,1374,25.0932,10.6046,0.1071,-0.0174,Not cycling,0.6676,Proteasomal degradation,,Normal,0.4776,0.5553983432860873
GTTACCCTCCTACTGC-1_7907,p018_N,p018,Macrophage,CD14_Macrophages1,1158,25.4138,14.3868,0.0398,0.0152,Not cycling,1.503,Stress/HSP,Stress/HSP,Normal,-0.3478,0.5553983432860873
ACCTGAATCCCTTTGG-1_12190,p018_T,p018,Epithelial,Ciliated,1282,29.0148,-13.612,0.3046,0.0875,Not cycling,1.6207,Cilia,Cilia,Tumor,-0.15,0.5553983432860873
GTGTTAGCAACAGCCC-1_7873,p018_N,p018,Macrophage,Alveolar_Macrophages1,1269,23.8272,11.7419,-0.0232,-0.007,Not cycling,1.1705,MAC2,MAC2,Normal,0.8102,0.5553983432860873
GTTACCCCAAGAGCTG-1_7898,p018_N,p018,Macrophage,Alveolar_Macrophages1,1346,23.1572,17.4809,0.0125,0.0166,Not cycling,0.8675,Lipid-associated,,Normal,0.8675,0.5553983432860873
CCCAACTCAGGTCCCA-1_3753,p018_N,p018,Macrophage,Alveolar_Macrophages1,1744,20.5042,16.6958,-0.0463,0.0615,Not cycling,1.6553,Monocyte/Secreted,Monocyte/Secreted,Normal,0.5439,0.5553983432860873
ACGGAAGCACAGGATG-1_966,p018_N,p018,Macrophage,Alveolar_Macrophages1,1036,25.7699,8.4619,-0.0119,-0.0756,Not cycling,2.0342,Monocyte/Secreted,Monocyte/Secreted,Normal,0.2116,0.5553983432860873
AGAAGTAAGACTCGAG-1_12643,p018_T,p018,Malignant,Malignant,1499,29.8348,-1.8754,-0.0807,0.0802,Not cycling,0.2689,EMT III,,Tumor,-0.405,0.5553983432860873
TGATGCACAGAGTCTT-1_9804,p018_N,p018,Macrophage,Alveolar_Macrophages1,1768,22.0505,17.8844,-0.1495,0.1186,Not cycling,0.6383,Lipid-associated,,Normal,0.0458,0.5553983432860873
CACTGAAGTACGATCT-1_3092,p018_N,p018,Macrophage,Alveolar_Macrophages1,1337,22.9071,18.2209,-0.0566,-0.0298,Not cycling,0.8076,Lipid-associated,,Normal,-0.8633,0.5553983432860873
GTATTGGTCAAATAGG-1_7409,p018_N,p018,Macrophage,Alveolar_Macrophages1,1259,24.1334,11.8518,-0.0263,0.0671,Not cycling,0.6148,MAC2,,Normal,0.2529,0.5553983432860873
GACCCTTCAATCCTTT-1_5690,p018_N,p018,Macrophage,Alveolar_Macrophages1,2070,24.1031,15.3749,0.2047,-0.0603,Not cycling,0.8274,MAC3,,Normal,-0.1342,0.5553983432860873
AAGAACATCGACATCA-1_314,p018_N,p018,Macrophage,Alveolar_Macrophages1,1760,23.1116,15.1647,0.0749,-0.0206,Not cycling,1.0712,Interferon,,Normal,0.0434,0.5553983432860873
CATTTCAAGTGATGGC-1_3628,p018_N,p018,Macrophage,Alveolar_Macrophages1,1627,21.873,13.2014,-0.0034,-0.0169,Not cycling,0.5976,MAC2,,Normal,0.045,0.5553983432860873
AACGTCAAGTAGATCA-1_11514,p018_T,p018,Malignant,Malignant,1391,30.0058,0.6626,-0.0867,0.0076,Not cycling,0.7237,EMT III,,Tumor,0.1644,0.5553983432860873
TGATGCAAGCGTATGG-1_9799,p018_N,p018,Macrophage,Alveolar_Macrophages1,1587,23.8253,16.8364,-0.0641,0.0276,Not cycling,0.5321,MES/Glycolysis,,Normal,0.4182,0.5553983432860873
CGATGCGTCTCAACGA-1_4313,p018_N,p018,Macrophage,Alveolar_Macrophages1,1198,21.7791,16.3354,0.0219,0.0172,Not cycling,0.6643,Lipid-associated,,Normal,0.3979,0.5553983432860873
CCTTCAGGTCACTGAT-1_4165,p018_N,p018,Macrophage,Alveolar_Macrophages1,1370,18.9437,16.0935,0.1059,-0.0151,Not cycling,0.8351,MAC2,,Normal,0.0313,0.5553983432860873
ACTGATGAGGCTTTCA-1_12435,p018_T,p018,Macrophage,Alveolar_Macrophages2,1709,20.1271,10.2637,-0.0227,0.0006,Not cycling,0.7529,MAC2,,Tumor,0.7529,0.5553983432860873
GTAAGTCAGCTCTATG-1_7274,p018_N,p018,Macrophage,Alveolar_Macrophages1,1148,24.0879,17.9844,-0.028,0.0275,Not cycling,0.9189,Respiration,,Normal,-0.0933,0.5553983432860873
AAAGAACTCCTAAGTG-1_11229,p018_T,p018,Macrophage,CD14_Macrophages1,1360,19.8844,9.5005,0.0532,0.0264,Not cycling,1.1093,Lipid-associated,Lipid-associated,Tumor,0.6659,0.5553983432860873
AACTTCTTCACCGGGT-1_301,p018_N,p018,Macrophage,Alveolar_Macrophages1,1454,23.7728,18.9582,0.0578,0.0064,Not cycling,0.5403,MES/Glycolysis,,Normal,-0.2756,0.5553983432860873
AGACCATGTTGTACGT-1_1363,p018_N,p018,Macrophage,Alveolar_Macrophages1,1322,22.8008,11.4969,0.0225,0.092,Not cycling,1.0887,MES/Glycolysis,MES/Glycolysis,Normal,0.5787,0.5553983432860873
TCTGTCGCAGAGGCAT-1_9574,p018_N,p018,Macrophage,Alveolar_Macrophages1,1362,23.94,13.5947,0.048,0.028,Not cycling,0.9432,Stress/HSP,,Normal,-0.0178,0.5553983432860873
ACCAAACTCTGCGGCA-1_12069,p018_T,p018,Macrophage,CD14_Macrophages1,1009,20.9981,8.5768,0.0646,0.0367,Not cycling,0.1798,Cell Cycle,,Tumor,-0.1774,0.5553983432860873
CATTGTTAGAATTCAG-1_3610,p018_N,p018,Macrophage,Alveolar_Macrophages1,1491,21.9609,15.6441,-0.0785,-0.0385,Not cycling,0.8666,MAC2,,Normal,-0.5227,0.5553983432860873
AGACAAATCAGGGTAG-1_12671,p018_T,p018,Malignant,Malignant,1780,30.0878,1.0096,-0.0613,0.0799,Not cycling,0.4851,EMT III,,Tumor,-0.2383,0.5553983432860873
AAGTGAAAGAGGCGGA-1_455,p018_N,p018,Macrophage,Alveolar_Macrophages1,1408,23.8614,11.5601,0.1775,0.1949,Not cycling,0.7755,MAC1,,Normal,0.1514,0.5553983432860873
GACTGATTCGTGTCAA-1_5787,p018_N,p018,Macrophage,Alveolar_Macrophages1,1470,23.1379,17.2706,-0.0312,-0.0113,Not cycling,0.4467,MES/Glycolysis,,Normal,-0.5203,0.5553983432860873
CGGCAGTTCATTTGGG-1_4426,p018_N,p018,Macrophage,Alveolar_Macrophages1,1595,25.6886,10.0884,0.1782,0.016,Not cycling,0.9295,MES/Glycolysis,,Normal,0.7681,0.5553983432860873
TACGGTACACGGTGTC-1_8340,p018_N,p018,Macrophage,Alveolar_Macrophages1,1488,25.7016,10.6725,-0.0048,-0.044,Not cycling,0.43,MAC3,,Normal,0.43,0.5553983432860873
GAAGGACCAGAGAGGG-1_5571,p018_N,p018,Macrophage,Alveolar_Macrophages1,1310,24.0091,16.6971,0.0893,0.0183,Not cycling,0.7003,Stress/HSP,,Normal,0.2812,0.5553983432860873
ACACAGTGTCACCCTT-1_654,p018_N,p018,Macrophage,Alveolar_Macrophages1,1241,21.4118,18.2569,0.1648,-0.1079,Not cycling,0.9829,MES/Glycolysis,,Normal,0.9829,0.5553983432860873
CCGGTGAAGATCACTC-1_3921,p018_N,p018,Macrophage,Alveolar_Macrophages1,1048,18.6126,16.0994,0.0431,0.0865,Not cycling,0.4243,Stress/HSP,,Normal,-0.2012,0.5553983432860873
CATTGCCAGCCTGAGA-1_3595,p018_N,p018,Macrophage,Alveolar_Macrophages1,1224,21.0837,18.3237,-0.0231,0.0329,Not cycling,0.5024,Lipid-associated,,Normal,-0.4513,0.5553983432860873
AACCACACAAGTTCGT-1_11412,p018_T,p018,Malignant,Malignant,1626,29.6839,-0.9607,0.039,0.0758,Not cycling,0.689,Stress,,Tumor,0.5468,0.5553983432860873
GTGTGATCATGGTACT-1_7852,p018_N,p018,Macrophage,Alveolar_Macrophages1,1933,20.1752,14.9386,0.083,0.0414,Not cycling,1.0309,MAC2,MAC2,Normal,-0.129,0.5553983432860873
ACTTATCAGAACGCGT-1_12498,p018_T,p018,Malignant,Malignant,1176,29.5996,-1.8204,0.0254,-0.1097,Not cycling,0.7049,EMT III,,Tumor,-0.0651,0.5553983432860873
TTAGGGTCATATCGGT-1_10530,p018_N,p018,Macrophage,Alveolar_Macrophages1,1456,19.0119,16.1962,-0.0046,-0.0282,Not cycling,0.6812,MES/Glycolysis,,Normal,0.2094,0.5553983432860873
CGTGCTTCAGACCTGC-1_4567,p018_N,p018,Macrophage,Alveolar_Macrophages1,1230,22.8568,15.2538,-0.0406,0.0244,Not cycling,0.9608,MES/Glycolysis,,Normal,0.2318,0.5553983432860873
CGTAATGTCGACGAGA-1_4511,p018_N,p018,Macrophage,Alveolar_Macrophages1,1283,25.3249,9.2115,-0.0524,0.0929,Not cycling,2.0689,Monocyte/Secreted,Monocyte/Secreted,Normal,0.0707,0.5553983432860873
CCGATCTAGCTAGCCC-1_3849,p018_N,p018,Macrophage,Alveolar_Macrophages1,1059,24.7828,14.9763,0.0374,0.025,Not cycling,1.1444,Stress/HSP,Stress/HSP,Normal,0.5184,0.5553983432860873
ACTTAGGGTGTTCAGT-1_12495,p018_T,p018,Malignant,Malignant,1833,27.8819,-3.1118,0.0989,0.1781,Not cycling,1.6616,EMT III,EMT III,Tumor,0.6708,0.5553983432860873
GTGGAAGGTCTGTAAC-1_7777,p018_N,p018,Epithelial,Ciliated,2108,27.3898,-13.5025,-0.1091,-0.1207,Not cycling,2.4546,Secreted,Secreted,Normal,0.2581,0.5553983432860873
TACGGGCGTACTCGCG-1_8327,p018_N,p018,Macrophage,Alveolar_Macrophages1,1055,21.8228,15.4242,0.0708,0.0304,Not cycling,0.8631,Lipid-associated,,Normal,-0.0728,0.5553983432860873
CCTCAACAGCGTCGAA-1_4031,p018_N,p018,Macrophage,Alveolar_Macrophages1,1263,23.2656,18.4568,-0.0356,0.024,Not cycling,1.0215,Stress/HSP,Stress/HSP,Normal,-0.3958,0.5553983432860873
CATCCACGTCCACTTC-1_3405,p018_N,p018,Macrophage,Alveolar_Macrophages1,1716,25.1334,12.276,-0.1133,0.027,Not cycling,0.4725,Lipid-associated,,Normal,0.3665,0.5553983432860873
ACCATTTTCTTCCCAG-1_837,p018_N,p018,Epithelial,Ciliated,1747,28.533,-13.6213,0.1287,-0.0725,Not cycling,1.065,Cilia,Cilia,Normal,-0.8565,0.5553983432860873
GTTCTATAGGCTGTAG-1_7997,p018_N,p018,Macrophage,Alveolar_Macrophages1,1523,23.1226,17.7432,-0.0041,0.0696,Not cycling,0.6724,MAC2,,Normal,-0.25,0.5553983432860873
ATTCTACGTATACCTG-1_2709,p018_N,p018,Macrophage,Alveolar_Macrophages1,1708,23.9981,13.4104,-0.0257,-0.0343,Not cycling,0.7118,MAC2,,Normal,-0.0892,0.5553983432860873
CAGCAATTCAAGAATG-1_3198,p018_N,p018,Macrophage,Alveolar_Macrophages1,1630,24.6623,9.9601,-0.1131,0.0037,Not cycling,1.0301,MES/Glycolysis,MES/Glycolysis,Normal,0.192,0.5553983432860873
ACTTTGTTCAGTCATG-1_1252,p018_N,p018,Macrophage,Alveolar_Macrophages1,1334,24.7176,14.943,-0.0179,0.012,Not cycling,0.9454,MAC2,,Normal,-0.022,0.5553983432860873
CCACACTAGAGGCGTT-1_3676,p018_N,p018,Macrophage,Alveolar_Macrophages1,1474,23.1831,12.6814,-0.0113,0.0595,Not cycling,1.3895,MAC2,MAC2,Normal,0.8081,0.5553983432860873
ATCGTGACACACACTA-1_2373,p018_N,p018,Macrophage,Alveolar_Macrophages1,1059,23.69,17.7781,0.0502,0.0088,Not cycling,0.7553,MES/Glycolysis,,Normal,-0.125,0.5553983432860873
ATACTTCCAGCCCAGT-1_2122,p018_N,p018,Macrophage,Alveolar_Macrophages1,1799,24.9731,10.826,-0.0262,0.1134,Not cycling,0.9453,Stress/HSP,,Normal,0.4667,0.5553983432860873
GAGGGTATCTAGTGAC-1_5925,p018_N,p018,Macrophage,Alveolar_Macrophages1,1566,24.2968,17.5015,0.1327,-0.0309,Not cycling,0.4969,MES/Glycolysis,,Normal,-0.4098,0.5553983432860873
GGTAGAGAGCGTTCAT-1_7134,p018_N,p018,Macrophage,Alveolar_Macrophages1,1674,22.9644,13.1432,-0.0832,-0.066,Not cycling,1.1337,MAC2,MAC2,Normal,0.1077,0.5553983432860873
GTTACGACAAGAATGT-1_7913,p018_N,p018,Macrophage,Alveolar_Macrophages1,1068,25.1984,10.1497,0.0157,-0.0701,Not cycling,1.3787,Monocyte/Secreted,Monocyte/Secreted,Normal,0.557,0.5553983432860873
TCAGTTTCACCACTGG-1_8890,p018_N,p018,Macrophage,Alveolar_Macrophages1,1536,21.9477,18.6692,-0.0208,-0.0279,Not cycling,0.8681,Interferon,,Normal,0.1681,0.5553983432860873
CGTAAGTTCGCAACAT-1_4497,p018_N,p018,Macrophage,Alveolar_Macrophages1,1644,22.1932,16.2839,0.0011,-0.0112,Not cycling,1.053,Interferon,,Normal,-0.7704,0.5553983432860873
ATGAAAGGTGGGCTCT-1_2419,p018_N,p018,Macrophage,Alveolar_Macrophages1,1334,25.5858,10.6391,0.0283,0.0121,Not cycling,0.903,MES/Glycolysis,,Normal,0.2411,0.5553983432860873
GGGACAAAGTCGAAGC-1_6873,p018_N,p018,Macrophage,Alveolar_Macrophages1,1270,22.0245,15.2691,-0.0786,-0.1297,Not cycling,1.199,MAC2,MAC2,Normal,-0.0494,0.5553983432860873
CGGGCATCATCAGTCA-1_4443,p018_N,p018,Macrophage,Alveolar_Macrophages1,1384,19.1766,16.9492,0.1417,0.0012,Not cycling,0.5794,Lipid-associated,,Normal,-0.3724,0.5553983432860873
CTGTATTCATCTGTTT-1_5267,p018_N,p018,Macrophage,Alveolar_Macrophages1,1131,21.0448,16.2815,-0.0337,0.0163,Not cycling,1.0859,MAC2,MAC2,Normal,-0.099,0.5553983432860873
CTACATTCATGACAAA-1_4681,p018_N,p018,Macrophage,Alveolar_Macrophages1,1384,23.8242,16.9265,0.0043,0.0564,Not cycling,0.7929,MES/Glycolysis,,Normal,0.7929,0.5553983432860873
GTTTACTCACTTGTCC-1_8079,p018_N,p018,Macrophage,Alveolar_Macrophages1,1511,24.6886,11.7109,-0.0137,-0.0026,Not cycling,0.7042,Respiration,,Normal,-0.0875,0.5553983432860873
ATCTTCATCTGGGCAC-1_2405,p018_N,p018,Macrophage,Alveolar_Macrophages1,2415,23.5787,17.5849,0.1096,-0.0925,Not cycling,0.7741,MES/Glycolysis,,Normal,0.3531,0.5553983432860873
GGTAATCGTCTTCGAA-1_7125,p018_N,p018,Macrophage,Alveolar_Macrophages1,1628,25.2095,10.7946,-0.0723,-0.0164,Not cycling,0.6482,MES/Glycolysis,,Normal,0.2647,0.5553983432860873
TGGATCAAGACGTCCC-1_10048,p018_N,p018,Macrophage,Alveolar_Macrophages1,1698,24.0063,17.0728,-0.0395,-0.0517,Not cycling,0.9188,MES/Glycolysis,,Normal,-0.4733,0.5553983432860873
CCGATCTGTTGTAGCT-1_3855,p018_N,p018,Macrophage,Alveolar_Macrophages1,1806,24.4896,15.0695,0.1104,-0.002,Not cycling,0.9917,Respiration,,Normal,0.0275,0.5553983432860873
TAGGGTTTCCCGAGTG-1_8497,p018_N,p018,Macrophage,Alveolar_Macrophages1,1383,23.9545,15.7786,0.2294,0.0674,Not cycling,1.1339,Lipid-associated,Lipid-associated,Normal,0.5115,0.5553983432860873
TGATTCTGTGTGGTCC-1_9826,p018_N,p018,Macrophage,Alveolar_Macrophages1,1152,23.8966,18.5349,-0.0341,0.0789,Not cycling,0.7406,MES/Glycolysis,,Normal,0.1197,0.5553983432860873
ATCAGGTTCATCCCGT-1_2223,p018_N,p018,Macrophage,Alveolar_Macrophages1,1491,24.009,17.9617,0.0795,0.0561,Not cycling,0.6622,Stress/HSP,,Normal,-0.0836,0.5553983432860873
ACCCTTGCACGGAAGT-1_12144,p018_T,p018,Macrophage,Alveolar_Macrophages1,1304,19.214,15.1783,0.0289,0.0117,Not cycling,1.0456,Lipid-associated,Lipid-associated,Tumor,-0.84,0.5553983432860873
GTCGAATGTCTTACAG-1_7565,p018_N,p018,Macrophage,Alveolar_Macrophages1,1297,24.8793,8.481,0.0442,0.036,Not cycling,1.2524,Stress/HSP,Stress/HSP,Normal,0.7406,0.5553983432860873
GCCCAGAGTTATCTGG-1_6420,p018_N,p018,Macrophage,Alveolar_Macrophages1,1643,23.7299,12.0791,-0.0015,-0.0124,Not cycling,1.2519,MES/Glycolysis,MES/Glycolysis,Normal,0.093,0.5553983432860873
ATCGTAGTCTCAATCT-1_2351,p018_N,p018,Macrophage,Alveolar_Macrophages1,1093,23.9485,10.9637,-0.0028,0.1058,Not cycling,0.6937,MES/Glycolysis,,Normal,0.1349,0.5553983432860873
AGAGAATCATGCCATA-1_1405,p018_N,p018,Macrophage,Alveolar_Macrophages1,1876,21.5549,16.4581,-0.0184,0.0506,Not cycling,0.4145,MAC2,,Normal,-0.5041,0.5553983432860873
GACCCAGAGGAACTAT-1_5675,p018_N,p018,Macrophage,Alveolar_Macrophages1,1268,23.644,16.5908,0.0189,-0.0063,Not cycling,0.706,MES/Glycolysis,,Normal,0.0326,0.5553983432860873
GATCCCTCATAACGGG-1_6057,p018_N,p018,Macrophage,Alveolar_Macrophages1,1137,24.3428,11.8425,0.0368,0.0241,Not cycling,1.1715,Proteasomal degradation,,Normal,0.0746,0.5553983432860873
TACCCACAGCATGATA-1_8254,p018_N,p018,Epithelial,Ciliated,1180,28.4221,-13.3972,-0.0626,0.0815,Not cycling,1.056,Secreted,Secreted,Normal,0.1184,0.5553983432860873
CCGGTAGAGCAAGTGC-1_3913,p018_N,p018,Macrophage,Alveolar_Macrophages1,1241,24.2097,17.4966,-0.0148,-0.0198,Not cycling,0.6731,MAC2,,Normal,-0.2163,0.5553983432860873
TTACTGTAGAGTGACC-1_10504,p018_N,p018,Macrophage,Alveolar_Macrophages1,1491,19.6373,16.846,-0.1044,0.0607,Not cycling,0.6229,MAC2,,Normal,-0.2945,0.5553983432860873
AGAACAATCTATACTC-1_12610,p018_T,p018,Malignant,Malignant,1888,30.6908,0.3747,-0.0311,-0.0321,Not cycling,0.4661,Interferon/MHC-II (I),,Tumor,0.1453,0.5553983432860873
ACCTGAAAGGCTGAAC-1_908,p018_N,p018,Macrophage,Alveolar_Macrophages1,1467,19.7509,14.0066,0.0124,0.0008,Not cycling,1.2394,Stress/HSP,Stress/HSP,Normal,0.6058,0.5553983432860873
GACTGATAGATCGACG-1_5777,p018_N,p018,Macrophage,Alveolar_Macrophages1,1655,22.5728,15.7627,0.0319,0.0071,Not cycling,0.7422,MAC2,,Normal,-0.1778,0.5553983432860873
ACAAGCTAGTCACGCC-1_639,p018_N,p018,Macrophage,Alveolar_Macrophages1,1550,21.1093,16.9025,-0.0786,-0.013,Not cycling,0.7497,Lipid-associated,,Normal,-0.3118,0.5553983432860873
ACGTAACTCTAAACGC-1_1018,p018_N,p018,Macrophage,Alveolar_Macrophages1,1901,21.5871,12.9605,-0.0458,-0.0359,Not cycling,0.4048,MES/Glycolysis,,Normal,-0.2154,0.5553983432860873
GCCTGTTGTGGGCTCT-1_6456,p018_N,p018,Macrophage,Alveolar_Macrophages1,1127,24.748,15.7145,0.0389,0.026,Not cycling,0.6996,MES/Glycolysis,,Normal,-0.1991,0.5553983432860873
GTGTCCTGTTATCTGG-1_7844,p018_N,p018,Macrophage,Alveolar_Macrophages1,1406,23.5337,14.4315,0.0233,0.0072,Not cycling,0.8224,Respiration,,Normal,0.703,0.5553983432860873
AAAGGATCAGGTCAAG-1_52,p018_N,p018,Macrophage,Alveolar_Macrophages1,1493,21.3152,16.4316,0.134,0.0948,Not cycling,1.2654,Lipid-associated,Lipid-associated,Normal,-0.1907,0.5553983432860873
GATCATGCAGAGCTAG-1_6048,p018_N,p018,Macrophage,Alveolar_Macrophages1,1120,25.6433,9.0127,-0.0094,0.016,Not cycling,1.4099,Stress/HSP,Stress/HSP,Normal,0.1598,0.5553983432860873
GCACGTGGTGTGTTTG-1_6236,p018_N,p018,Macrophage,Alveolar_Macrophages1,1435,25.2318,10.4882,0.0953,-0.0083,Not cycling,0.6235,MES/Glycolysis,,Normal,0.34,0.5553983432860873
ATTACCTTCGCAAGAG-1_2601,p018_N,p018,Macrophage,Alveolar_Macrophages1,1095,24.9988,8.9897,0.1811,0.1252,Not cycling,1.0045,MES/Glycolysis,MES/Glycolysis,Normal,-0.2218,0.5553983432860873
CTGAGCGAGAATACAC-1_5089,p018_N,p018,Macrophage,Alveolar_Macrophages1,1671,23.0325,19.2044,-0.015,-0.0242,Not cycling,0.9067,MES/Glycolysis,,Normal,-0.3994,0.5553983432860873
CGTGCTTAGAATTGCA-1_4562,p018_N,p018,Macrophage,Alveolar_Macrophages1,1255,19.2668,15.6665,0.1119,0.0664,Not cycling,0.983,MAC2,,Normal,0.0037,0.5553983432860873
AAAGTGACACATAACC-1_11290,p018_T,p018,Macrophage,CD14_Macrophages1,1737,18.593,9.7834,-0.0653,-0.0583,Not cycling,0.7184,MES/Glycolysis,,Tumor,0.7184,0.5553983432860873
ACTATTCAGAATCTAG-1_12394,p018_T,p018,Macrophage,CD14_Macrophages1,1182,19.949,9.4044,0.1156,0.0397,Not cycling,1.2233,MES/Glycolysis,MES/Glycolysis,Tumor,-0.0461,0.5553983432860873
ATCGTCCCAGCTACAT-1_2358,p018_N,p018,Macrophage,Alveolar_Macrophages1,1296,24.6741,18.2392,-0.0336,-0.0044,Not cycling,0.5479,Stress/HSP,,Normal,-1.14,0.5553983432860873
AAATGGAGTCACCACG-1_124,p018_N,p018,Macrophage,Alveolar_Macrophages1,1588,21.4515,17.4838,0.0547,0.0352,Not cycling,0.5715,Respiration,,Normal,-0.0596,0.5553983432860873
CATAAGCTCGTGCGAC-1_3341,p018_N,p018,Macrophage,Alveolar_Macrophages1,1320,23.6161,14.0991,-0.0639,0.0078,Not cycling,0.6329,Respiration,,Normal,0.2236,0.5553983432860873
ACTTTGTAGGCGTTGA-1_1238,p018_N,p018,Macrophage,Alveolar_Macrophages1,1369,24.9936,10.0485,0.0948,0.0184,Not cycling,1.2025,MES/Glycolysis,MES/Glycolysis,Normal,0.9803,0.5553983432860873
CACTGAAGTATGTGTC-1_3093,p018_N,p018,Macrophage,Alveolar_Macrophages1,1383,24.7616,9.8284,0.0002,0.0904,Not cycling,1.3464,Monocyte/Secreted,Monocyte/Secreted,Normal,-0.7681,0.5553983432860873
TACGGTATCCCATAAG-1_8348,p018_N,p018,Macrophage,Alveolar_Macrophages1,1432,24.9511,9.0887,0.0507,0.0096,Not cycling,1.2935,MAC3,,Normal,0.2817,0.5553983432860873
TCACGGGCAACACGAG-1_8781,p018_N,p018,Macrophage,Alveolar_Macrophages1,1630,23.491,16.4959,-0.0602,-0.159,Not cycling,0.5875,MAC1,,Normal,-1.0195,0.5553983432860873
ACGGTTAGTGTCTCCT-1_12278,p018_T,p018,Macrophage,CD14_Macrophages2,1226,20.1435,7.9202,0.057,0.0132,Not cycling,0.2973,Lipid-associated,,Tumor,-0.2458,0.5553983432860873
TAAGTCGAGTCGGCCT-1_8179,p018_N,p018,Macrophage,Alveolar_Macrophages1,1545,19.9141,18.0614,-0.0246,-0.0004,Not cycling,0.6736,Interferon,,Normal,-0.6075,0.5553983432860873
TGTACAGTCGCTACGG-1_10235,p018_N,p018,Macrophage,Alveolar_Macrophages1,1014,23.8393,16.7594,0.0554,0.0771,Not cycling,1.1539,MES/Glycolysis,MES/Glycolysis,Normal,0.5912,0.5553983432860873
CTATCCGCAACCGTAT-1_4774,p018_N,p018,Macrophage,Alveolar_Macrophages1,1802,22.0651,17.2396,0.0304,-0.0751,Not cycling,0.6718,Respiration,,Normal,0.4974,0.5553983432860873
GTGTTCCCACCGGAAA-1_7883,p018_N,p018,Macrophage,Alveolar_Macrophages1,1783,23.7206,12.3615,-0.0334,-0.0645,Not cycling,1.0182,MES/Glycolysis,MES/Glycolysis,Normal,-0.1475,0.5553983432860873
CCGTAGGAGCCGTTAT-1_3936,p018_N,p018,Macrophage,Alveolar_Macrophages1,1542,21.2882,16.1657,0.0067,-0.0572,Not cycling,0.8528,MAC2,,Normal,-0.9551,0.5553983432860873
AGAAATGCACGTTCGG-1_12590,p018_T,p018,Malignant,Malignant,2159,30.1816,1.1567,0.1414,0.13,Not cycling,1.025,Stress,Stress,Tumor,-0.5845,0.5553983432860873
AGACAAACAATTTCCT-1_12663,p018_T,p018,Macrophage,Macrophages_Proliferating,1483,17.0726,6.5163,0.8684,0.2847,G1/S,2.2192,Cell Cycle,Cell Cycle,Tumor,0.2711,0.5553983432860873
CTGGTCTAGGCGAACT-1_5227,p018_N,p018,Macrophage,Alveolar_Macrophages1,1247,19.253,16.1534,0.0376,-0.001,Not cycling,1.0192,Lipid-associated,Lipid-associated,Normal,-0.4707,0.5553983432860873
ATGGATCCATTGACTG-1_2520,p018_N,p018,Macrophage,Alveolar_Macrophages1,1497,25.6127,10.1869,0.137,0.0704,Not cycling,1.2193,MES/Glycolysis,MES/Glycolysis,Normal,-0.1229,0.5553983432860873
TAATCTCCAGCTTTCC-1_8191,p018_N,p018,Macrophage,Alveolar_Macrophages1,1590,25.2126,11.3146,-0.0523,0.082,Not cycling,1.0358,Lipid-associated,Lipid-associated,Normal,0.8889,0.5553983432860873
CACTAAGAGACCTCAT-1_3074,p018_N,p018,Macrophage,Alveolar_Macrophages1,1228,22.3127,16.4987,-0.0356,-0.009,Not cycling,0.9768,Interferon,,Normal,0.6862,0.5553983432860873
GTTCTATTCTCAAAGC-1_8004,p018_N,p018,Macrophage,Alveolar_Macrophages1,1355,23.4827,16.8595,-0.0935,-0.0357,Not cycling,0.9979,MES/Glycolysis,,Normal,-0.7306,0.5553983432860873
AACCTTTGTGGATGAC-1_242,p018_N,p018,Macrophage,Alveolar_Macrophages1,2087,22.5388,13.3596,-0.15,0.0306,Not cycling,1.1655,MAC2,MAC2,Normal,-0.3306,0.5553983432860873
CTTCGGTTCCTGTTAT-1_5383,p018_N,p018,Macrophage,Alveolar_Macrophages1,1099,23.7658,15.1343,0.0448,0.0393,Not cycling,0.8903,MAC2,,Normal,0.8903,0.5553983432860873
AACAACCAGCCTAACT-1_11331,p018_T,p018,Malignant,Malignant,1272,29.5221,-1.3751,-0.0625,-0.1068,Not cycling,0.689,Alveolar,,Tumor,-0.3228,0.5553983432860873
ATCGTAGGTCAAATCC-1_2343,p018_N,p018,Macrophage,Alveolar_Macrophages1,1684,23.2659,13.9358,0.1144,-0.0618,Not cycling,0.8162,MAC2,,Normal,-0.904,0.5553983432860873
ACTGTCCCAGATACCT-1_1163,p018_N,p018,Macrophage,Alveolar_Macrophages1,1819,21.7019,17.2085,-0.0505,-0.0567,Not cycling,0.2695,MAC2,,Normal,0.2695,0.5553983432860873
GAGCCTGCAGATAAAC-1_5858,p018_N,p018,Macrophage,Alveolar_Macrophages1,1221,19.9403,16.1656,-0.0585,-0.0052,Not cycling,0.6504,Lipid-associated,,Normal,-0.3352,0.5553983432860873
CTGTACCTCAAGCTTG-1_5254,p018_N,p018,Macrophage,Alveolar_Macrophages1,1317,22.927,16.0788,0.0587,-0.024,Not cycling,0.9947,MES/Glycolysis,,Normal,0.8792,0.5553983432860873
ACATCGATCAGACCTA-1_751,p018_N,p018,Macrophage,Alveolar_Macrophages1,1369,25.9388,9.7893,0.0162,0.0221,Not cycling,1.1654,MES/Glycolysis,MES/Glycolysis,Normal,0.1213,0.5553983432860873
GTCAAGTAGTGGGAAA-1_7445,p018_N,p018,Macrophage,Alveolar_Macrophages1,1122,25.5566,9.2555,0.0631,0.0344,Not cycling,1.4058,Monocyte/Secreted,Monocyte/Secreted,Normal,-0.3978,0.5553983432860873
TCGCTCAGTTCGATTG-1_9327,p018_N,p018,Epithelial,AT2,1100,22.8796,-8.8723,0.0208,0.1393,Not cycling,3.2041,Alveolar,Alveolar,Normal,-0.3443,0.5553983432860873
TTTGATCAGGAACATT-1_11134,p018_N,p018,Epithelial,AT2,2557,22.44,-9.1693,0.1637,0.183,Not cycling,3.2648,Alveolar,Alveolar,Normal,0.0057,0.5553983432860873
ATCGTGACACACACTA-1_2373,p018_N,p018,Macrophage,Alveolar_Macrophages1,1059,23.69,17.7781,0.0502,0.0088,Not cycling,0.7553,MES/Glycolysis,,Normal,-0.4365,0.5553983432860873
GTCATGATCGGAATGG-1_7515,p018_N,p018,Macrophage,Alveolar_Macrophages1,1532,23.3196,12.4058,0.1035,-0.0341,Not cycling,0.6573,MAC2,,Normal,0.221,0.5553983432860873
GTTGCTCAGAGTCACG-1_8029,p018_N,p018,Macrophage,Alveolar_Macrophages1,1389,25.8772,10.1157,0.0387,0.0854,Not cycling,0.9759,MES/Glycolysis,,Normal,0.0939,0.5553983432860873
ATTCCCGCACACCTTC-1_2669,p018_N,p018,Macrophage,Alveolar_Macrophages1,1840,24.0474,12.5023,0.1007,-0.0687,Not cycling,0.8099,MAC2,,Normal,-0.177,0.5553983432860873
GGGACCTAGTCATGAA-1_6880,p018_N,p018,Macrophage,Alveolar_Macrophages1,1026,18.9265,15.6719,-0.0286,0.0314,Not cycling,0.9684,MAC2,,Normal,-0.4887,0.5553983432860873
GACTATGCAATGCTCA-1_5740,p018_N,p018,Macrophage,Alveolar_Macrophages1,2289,21.0326,15.9067,-0.0419,-0.0493,Not cycling,0.6822,MAC2,,Normal,0.6822,0.5553983432860873
AACCTGAGTCTGCAAT-1_11449,p018_T,p018,Malignant,Malignant,3426,30.646,0.7754,-0.1865,0.1245,Not cycling,0.9581,EMT III,,Tumor,-0.8228,0.5553983432860873
GAGTCTAAGGTCACAG-1_5939,p018_N,p018,Macrophage,Alveolar_Macrophages1,1686,24.8588,11.7999,-0.101,0.0374,Not cycling,0.9589,MES/Glycolysis,,Normal,0.0764,0.5553983432860873
GCGAGAAAGCATTGAA-1_6467,p018_N,p018,Macrophage,Alveolar_Macrophages1,1372,24.4906,18.1972,-0.08,0.0411,Not cycling,0.5808,MES/Glycolysis,,Normal,-0.3009,0.5553983432860873
GGGACCTCAGCGTACC-1_6882,p018_N,p018,Epithelial,Ciliated,1035,29.2319,-13.6044,0.0239,-0.1068,Not cycling,2.3981,Cilia,Cilia,Normal,0.4041,0.5553983432860873
CGTTAGATCAGTCATG-1_4603,p018_N,p018,Macrophage,Alveolar_Macrophages1,1595,23.9354,17.1723,0.0615,0.0403,Not cycling,0.4915,MES/Glycolysis,,Normal,-0.1536,0.5553983432860873
TCAGTTTCAGAGGCTA-1_8893,p018_N,p018,Epithelial,Club,1181,19.3255,-15.5896,0.1132,0.1206,Not cycling,3.4556,Secreted,Secreted,Normal,0.2976,0.5553983432860873
AGGGAGTGTGCCGAAA-1_1766,p018_N,p018,Macrophage,Alveolar_Macrophages1,1828,24.329,12.9961,0.0652,0.0014,Not cycling,0.8865,Lipid-associated,,Normal,-0.0088,0.5553983432860873
GTGGTTAGTAAGACCG-1_7823,p018_N,p018,Macrophage,Alveolar_Macrophages1,1473,22.8059,12.5154,-0.0644,-0.0211,Not cycling,1.4243,MAC2,MAC2,Normal,1.4243,0.5553983432860873
CCTATCGTCAACTACG-1_4025,p018_N,p018,Macrophage,Alveolar_Macrophages1,1831,24.2594,11.3101,-0.024,-0.091,Not cycling,1.2881,Interferon,,Normal,-0.8323,0.5553983432860873
CTACCTGTCGACATTG-1_4715,p018_N,p018,Macrophage,Alveolar_Macrophages1,1297,25.9123,8.8212,0.0329,0.0005,Not cycling,2.1276,Monocyte/Secreted,Monocyte/Secreted,Normal,0.2854,0.5553983432860873
ACACGCGAGGGATGTC-1_676,p018_N,p018,Macrophage,Alveolar_Macrophages1,1539,25.3515,11.3831,0.1201,0.0015,Not cycling,0.4928,Proteasomal degradation,,Normal,0.3373,0.5553983432860873
ACTTAGGGTGGACAGT-1_1188,p018_N,p018,Macrophage,Alveolar_Macrophages2,2015,22.8323,12.3749,0.1452,-0.055,Not cycling,1.1365,MAC2,MAC2,Normal,0.9008,0.5553983432860873
ACGCACGAGACAGCGT-1_954,p018_N,p018,Macrophage,Alveolar_Macrophages1,1697,25.4108,11.6724,0.1097,-0.053,Not cycling,0.975,MAC3,,Normal,0.2867,0.5553983432860873
TTCCAATGTCTTGTCC-1_10639,p018_N,p018,Macrophage,Alveolar_Macrophages1,1290,21.3714,18.0757,-0.0475,-0.0183,Not cycling,0.5971,Lipid-associated,,Normal,-0.2432,0.5553983432860873
GTCTAGAGTAAGCGGT-1_7616,p018_N,p018,Macrophage,Alveolar_Macrophages1,1011,24.3025,15.4936,0.1202,0.037,Not cycling,1.0297,Lipid-associated,Lipid-associated,Normal,0.1908,0.5553983432860873
GACTATGTCTTTGATC-1_5750,p018_N,p018,Macrophage,Alveolar_Macrophages1,1245,22.878,16.0977,0.2058,-0.0094,Not cycling,0.8505,Monocyte/Secreted,,Normal,0.4176,0.5553983432860873
CCGAACGAGCTAGAAT-1_3841,p018_N,p018,Macrophage,Alveolar_Macrophages1,1585,20.1653,15.802,-0.1005,-0.0332,Not cycling,0.557,Stress/HSP,,Normal,-0.5382,0.5553983432860873
ATGTCCCAGTCTGTAC-1_2571,p018_N,p018,Macrophage,Alveolar_Macrophages1,1739,20.4923,16.3558,0.1238,-0.0288,Not cycling,0.3333,Cell Cycle,,Normal,-0.2038,0.5553983432860873
GGCGTCAAGAACCGCA-1_6820,p018_N,p018,Macrophage,Alveolar_Macrophages1,1059,24.3399,17.0613,0.0571,-0.0344,Not cycling,0.975,MES/Glycolysis,,Normal,-0.5538,0.5553983432860873
AGTCACACACACGTGC-1_1984,p018_N,p018,Macrophage,Alveolar_Macrophages1,1280,23.7481,17.2434,0.1041,0.0687,Not cycling,0.4262,MES/Glycolysis,,Normal,0.0442,0.5553983432860873
AAAGGATCACTAAACC-1_11235,p018_T,p018,Epithelial,Ciliated,1405,28.4879,-13.4407,-0.0198,-0.1059,Not cycling,0.9009,Interferon/MHC,,Tumor,0.9009,0.5553983432860873
TATCCTATCGGCTATA-1_8587,p018_N,p018,Macrophage,Alveolar_Macrophages1,1753,23.3744,14.5018,0.2684,0.0067,Not cycling,0.3437,MAC1,,Normal,0.103,0.5553983432860873
CTCTGGTCACCTGATA-1_5068,p018_N,p018,Macrophage,Alveolar_Macrophages1,1453,20.2401,16.453,-0.0832,-0.0035,Not cycling,0.8583,Stress/HSP,,Normal,0.2887,0.5553983432860873
TGTCCTGAGGTACATA-1_10285,p018_N,p018,Macrophage,Alveolar_Macrophages1,2089,24.691,11.2104,0.1034,0.1388,Not cycling,1.3565,MES/Glycolysis,MES/Glycolysis,Normal,0.4711,0.5553983432860873
CAGGGCTCAGTCTCTC-1_3280,p018_N,p018,Macrophage,Alveolar_Macrophages1,1227,24.2145,12.217,0.0806,-0.013,Not cycling,1.1107,Lipid-associated,Lipid-associated,Normal,-0.059,0.5553983432860873
GCGTTTCCAGTCGCAC-1_6536,p018_N,p018,Macrophage,Alveolar_Macrophages1,1367,23.1491,15.4199,0.0229,0.0178,Not cycling,0.8289,Lipid-associated,,Normal,-0.1128,0.5553983432860873
TAAGCACAGCGCCCAT-1_8136,p018_N,p018,Macrophage,Alveolar_Macrophages1,1456,25.4192,12.1819,-0.0121,-0.0072,Not cycling,0.635,MES/Glycolysis,,Normal,-0.0854,0.5553983432860873
CGAATTGCATCTGCGG-1_4231,p018_N,p018,Macrophage,Alveolar_Macrophages1,1579,23.0833,18.0829,-0.0244,-0.0375,Not cycling,0.8548,Stress/HSP,,Normal,0.394,0.5553983432860873
TCGAAGTGTACATTGC-1_9254,p018_N,p018,Macrophage,Alveolar_Macrophages1,1354,24.5422,11.2646,0.0919,0.0776,Not cycling,0.8888,MES/Glycolysis,,Normal,0.7274,0.5553983432860873
GCCAGTGGTGGTCCGT-1_6379,p018_N,p018,Macrophage,Alveolar_Macrophages1,1181,21.9105,15.9981,-0.0726,0.0102,Not cycling,1.1273,MAC2,MAC2,Normal,-0.2104,0.5553983432860873
TTCCAATTCGACGTCG-1_10643,p018_N,p018,Macrophage,Alveolar_Macrophages1,1664,21.8814,15.0818,-0.1115,-0.0623,Not cycling,1.0899,MAC2,MAC2,Normal,-0.0256,0.5553983432860873
AGTAACCAGCCACTCG-1_1891,p018_N,p018,Macrophage,Alveolar_Macrophages1,1809,24.5038,15.6062,0.0678,0.0268,Not cycling,0.8305,Lipid-associated,,Normal,-0.262,0.5553983432860873
AAGATAGGTGCTCCGA-1_11582,p018_T,p018,Macrophage,CD14_Macrophages1,1083,19.2884,7.3198,0.0713,0.031,Not cycling,1.8334,Stress/HSP,Stress/HSP,Tumor,-0.3279,0.5553983432860873
CCACCATCACCTCTAC-1_3691,p018_N,p018,Macrophage,Alveolar_Macrophages1,2197,20.826,16.2075,0.0398,-0.0028,Not cycling,0.9533,MAC2,,Normal,-0.2526,0.5553983432860873
TCAGGGCTCATGGCCG-1_8848,p018_N,p018,Macrophage,Alveolar_Macrophages1,1417,23.629,12.3742,-0.0736,0.008,Not cycling,1.3955,MES/Glycolysis,MES/Glycolysis,Normal,-0.1966,0.5553983432860873
TTCGATTCAGTACTAC-1_10728,p018_N,p018,Macrophage,Alveolar_Macrophages1,1158,22.546,15.1076,0.0142,0.026,Not cycling,0.642,MES/Glycolysis,,Normal,-0.4615,0.5553983432860873
GATCACACACTAGAGG-1_6027,p018_N,p018,Macrophage,Alveolar_Macrophages1,1749,22.0718,15.3071,0.0169,0.0524,Not cycling,0.8327,Stress/HSP,,Normal,0.1046,0.5553983432860873
TTCATGTCACACACGC-1_10614,p018_N,p018,Macrophage,Alveolar_Macrophages1,2317,24.3627,11.7536,0.4803,0.3051,Not cycling,0.8551,Cell Cycle,,Normal,0.1168,0.5553983432860873
TACGGTACACGGTGTC-1_8340,p018_N,p018,Macrophage,Alveolar_Macrophages1,1488,25.7016,10.6725,-0.0048,-0.044,Not cycling,0.43,MAC3,,Normal,-0.2506,0.5553983432860873
AGACAGGAGTAGAATC-1_1342,p018_N,p018,Macrophage,Alveolar_Macrophages1,1540,21.3107,16.265,-0.0043,-0.0053,Not cycling,1.1519,MAC2,MAC2,Normal,-0.2857,0.5553983432860873
CTGTACCTCAAGCTTG-1_5254,p018_N,p018,Macrophage,Alveolar_Macrophages1,1317,22.927,16.0788,0.0587,-0.024,Not cycling,0.9947,MES/Glycolysis,,Normal,0.2083,0.5553983432860873
CTACAGACAGATCCAT-1_4666,p018_N,p018,Macrophage,Alveolar_Macrophages1,1264,23.9899,18.7176,0.0122,0.0026,Not cycling,0.3792,Stress/HSP,,Normal,0.3792,0.5553983432860873
GCACGGTCAAGCAGGT-1_6212,p018_N,p018,Macrophage,Alveolar_Macrophages1,1393,24.1071,18.0087,-0.0453,-0.0004,Not cycling,1.3624,Respiration,,Normal,-0.0258,0.5553983432860873
CTCGAGGGTACAGCGA-1_5028,p018_N,p018,Macrophage,Alveolar_Macrophages1,1542,25.2743,11.3156,0.1921,-0.0091,Not cycling,0.4298,MAC1,,Normal,-0.382,0.5553983432860873
AGTACTGCATGCAGCC-1_1926,p018_N,p018,Macrophage,Alveolar_Macrophages1,1547,24.7256,11.143,0.068,-0.0105,Not cycling,0.9591,Interferon,,Normal,0.3937,0.5553983432860873
CTCTCGACACATACGT-1_5055,p018_N,p018,Macrophage,Alveolar_Macrophages1,1132,25.6855,9.0162,0.1021,0.0366,Not cycling,1.092,Monocyte/Secreted,Monocyte/Secreted,Normal,-0.2189,0.5553983432860873
CTGTCGTTCGGCTATA-1_5291,p018_N,p018,Macrophage,Alveolar_Macrophages1,1244,25.102,11.3104,0.0829,0.0106,Not cycling,1.4626,Monocyte/Secreted,Monocyte/Secreted,Normal,-0.1225,0.5553983432860873
ACTTTGTTCCGAGAAG-1_1254,p018_N,p018,Epithelial,Ciliated,1255,29.2569,-13.5207,-0.0472,-0.0819,Not cycling,1.9195,Cilia,Cilia,Normal,-0.4931,0.5553983432860873
TACCTGCTCCGATGCG-1_8309,p018_N,p018,Macrophage,Alveolar_Macrophages1,1643,22.9407,13.8867,-0.0804,0.0549,Not cycling,1.2623,Lipid-associated,Lipid-associated,Normal,0.3541,0.5553983432860873
TGGTTAGTCAGTGTCA-1_10209,p018_N,p018,Macrophage,Alveolar_Macrophages1,1545,21.9911,15.4744,-0.0659,0.0624,Not cycling,0.9686,Stress/HSP,,Normal,-0.1809,0.5553983432860873
GGCAGTCAGTGCCTCG-1_6811,p018_N,p018,Macrophage,Alveolar_Macrophages1,1267,25.0187,15.1565,0.0317,0.0887,Not cycling,0.7419,MES/Glycolysis,,Normal,-0.7092,0.5553983432860873
TACGCTCAGAGCATCG-1_8312,p018_N,p018,Macrophage,Alveolar_Macrophages1,1472,22.0492,14.1634,0.0028,-0.0314,Not cycling,1.7259,MAC2,MAC2,Normal,0.0261,0.5553983432860873
GATGCTACAGTCAGCC-1_6122,p018_N,p018,Macrophage,Alveolar_Macrophages1,1457,20.0381,17.3565,-0.0047,0.071,Not cycling,1.097,Lipid-associated,Lipid-associated,Normal,1.097,0.5553983432860873
TGACCCTGTCTCACAA-1_9671,p018_N,p018,Macrophage,Alveolar_Macrophages1,1315,24.4829,15.9407,-0.0689,0.1043,Not cycling,1.008,Interferon,,Normal,0.7973,0.5553983432860873
ACCTGTCAGTACCCTA-1_920,p018_N,p018,Macrophage,Alveolar_Macrophages1,1817,22.5561,17.6196,-0.0256,0.0391,Not cycling,0.5704,MES/Glycolysis,,Normal,-0.1608,0.5553983432860873
ATCCATTAGATTGACA-1_2247,p018_N,p018,Macrophage,Alveolar_Macrophages1,1453,23.1698,14.4646,0.1497,0.0114,Not cycling,1.4866,MES/Glycolysis,MES/Glycolysis,Normal,-0.0589,0.5553983432860873
ACACTGACAGTATGAA-1_688,p018_N,p018,Macrophage,Alveolar_Macrophages1,1607,25.4629,10.6958,0.015,-0.0012,Not cycling,0.7269,MAC1,,Normal,0.5943,0.5553983432860873
AGTAGCTTCACCTCAC-1_1944,p018_N,p018,Macrophage,Alveolar_Macrophages1,1649,22.0729,16.8877,-0.0504,-0.0653,Not cycling,1.1338,Stress/HSP,Stress/HSP,Normal,0.5204,0.5553983432860873
CTATCTAAGCAATAAC-1_4787,p018_N,p018,Macrophage,Alveolar_Macrophages1,1355,25.829,9.2372,0.0176,0.0899,Not cycling,1.6905,Monocyte/Secreted,Monocyte/Secreted,Normal,0.584,0.5553983432860873
ATACCGACATCACCAA-1_2101,p018_N,p018,Macrophage,Alveolar_Macrophages1,1044,21.1757,14.3221,0.0979,0.0411,Not cycling,1.0802,MES/Glycolysis,MES/Glycolysis,Normal,-0.0527,0.5553983432860873
TGCTTCGAGACTCTTG-1_9984,p018_N,p018,Macrophage,Alveolar_Macrophages1,1261,25.5198,11.6864,-0.039,0.0644,Not cycling,0.6446,MES/Glycolysis,,Normal,-0.3823,0.5553983432860873
ACTTATCTCCCATTTA-1_1201,p018_N,p018,Macrophage,Alveolar_Macrophages1,1950,22.5764,16.1718,-0.0582,0.0341,Not cycling,0.479,MAC2,,Normal,0.032,0.5553983432860873
TCGGGCAAGAGAACCC-1_9365,p018_N,p018,Macrophage,Alveolar_Macrophages1,1224,19.5518,14.2159,0.0514,0.0241,Not cycling,0.6554,MAC3,,Normal,0.2624,0.5553983432860873
AAACCCAGTCTCTCCA-1_11187,p018_T,p018,Epithelial,Ciliated,1373,29.0219,-13.6712,-0.0018,-0.1293,Not cycling,1.7697,Cilia,Cilia,Tumor,1.7697,0.5553983432860873
ACAAGCTTCAGTCCGG-1_645,p018_N,p018,Macrophage,Alveolar_Macrophages1,1448,25.4415,9.3757,-0.0053,0.0221,Not cycling,1.5073,Monocyte/Secreted,Monocyte/Secreted,Normal,0.7471,0.5553983432860873
CAGATACTCTGAATCG-1_3155,p018_N,p018,Macrophage,Macrophages_Proliferating,2056,14.8933,7.3254,0.6339,0.9754,G2/M,3.0123,Cell Cycle,,Normal,-0.3242,0.5553983432860873
ATACTTCGTGAAGCGT-1_2125,p018_N,p018,Macrophage,Alveolar_Macrophages1,1488,22.5038,15.6004,0.059,0.0931,Not cycling,1.1108,Lipid-associated,Lipid-associated,Normal,0.1451,0.5553983432860873
TTCTCTCGTCCTACAA-1_10781,p018_N,p018,Macrophage,Alveolar_Macrophages1,1251,22.5642,13.2533,-0.0222,0.0215,Not cycling,1.0681,MAC2,MAC2,Normal,-0.1535,0.5553983432860873
AAGATAGTCTTACGTT-1_11592,p018_T,p018,Malignant,Malignant,1494,28.4188,-0.4931,-0.0161,-0.0956,Not cycling,1.4915,Alveolar,Alveolar,Tumor,0.0076,0.5553983432860873
ATTTACCTCTACTTCA-1_2749,p018_N,p018,Epithelial,Ciliated,2955,28.0383,-14.1343,-0.0458,-0.1609,Not cycling,1.2792,Cilia,Cilia,Normal,-0.3411,0.5553983432860873
GGGCCATAGGGTACGT-1_6950,p018_N,p018,Macrophage,Alveolar_Macrophages1,1281,22.8033,16.9986,0.0376,0.0052,Not cycling,0.6482,Lipid-associated,,Normal,0.2318,0.5553983432860873
TAATTCCTCTGACGCG-1_8207,p018_N,p018,Macrophage,Alveolar_Macrophages1,1129,23.0754,17.665,0.0632,-0.0059,Not cycling,0.3661,Lipid-associated,,Normal,0.1982,0.5553983432860873
TATTGCTTCCATTTGT-1_8640,p018_N,p018,Macrophage,Alveolar_Macrophages1,1454,25.3513,10.8617,0.2392,0.076,Not cycling,0.544,MES/Glycolysis,,Normal,-0.3825,0.5553983432860873
AGTCAACCATCATTGG-1_1971,p018_N,p018,Macrophage,Alveolar_Macrophages1,2065,22.0704,14.3894,-0.0834,0.0302,Not cycling,0.8241,MES/Glycolysis,,Normal,-0.1757,0.5553983432860873
AGGGTTTTCGCCAGTG-1_1822,p018_N,p018,Macrophage,Alveolar_Macrophages1,1629,21.5416,16.8919,0.0191,-0.0655,Not cycling,0.9138,MES/Glycolysis,,Normal,-0.378,0.5553983432860873
TGAATGCGTGTCACAT-1_9651,p018_N,p018,Macrophage,Alveolar_Macrophages1,1622,24.9321,16.0513,0.0046,-0.0162,Not cycling,0.5761,MES/Glycolysis,,Normal,-0.1105,0.5553983432860873
CGTAAGTTCAGGAACG-1_4495,p018_N,p018,Macrophage,Alveolar_Macrophages1,1383,24.1539,13.1144,0.087,-0.0065,Not cycling,1.1353,MES/Glycolysis,MES/Glycolysis,Normal,0.437,0.5553983432860873
GTTGTGAGTACCGGCT-1_8068,p018_N,p018,Macrophage,Alveolar_Macrophages1,1307,23.3752,17.5716,0.017,0.003,Not cycling,0.5933,Lipid-associated,,Normal,0.5398,0.5553983432860873
GTCTCACCATGGCTGC-1_7630,p018_N,p018,Macrophage,Alveolar_Macrophages1,1090,26.0452,9.0191,0.0126,0.0495,Not cycling,0.7278,Monocyte/Secreted,,Normal,-0.4323,0.5553983432860873
TCTCCGAGTACTCCCT-1_9527,p018_N,p018,Macrophage,Alveolar_Macrophages1,1652,21.9504,19.0845,-0.0391,-0.0118,Not cycling,0.2885,MES/Glycolysis,,Normal,0.2122,0.5553983432860873
TCAAGCATCTCTATAC-1_8695,p018_N,p018,Macrophage,Alveolar_Macrophages1,1777,20.6922,17.0474,-0.143,-0.0081,Not cycling,0.222,MAC2,,Normal,-0.8306,0.5553983432860873
TCCCATGAGGTTCCGC-1_9130,p018_N,p018,Macrophage,Alveolar_Macrophages1,1524,23.3936,19.4186,0.007,0.0333,Not cycling,0.3436,MES/Glycolysis,,Normal,0.1073,0.5553983432860873
TCTGCCAGTCTTCATT-1_9556,p018_N,p018,Macrophage,Alveolar_Macrophages1,1705,22.5518,17.4064,-0.1027,0.091,Not cycling,0.1861,Stress/HSP,,Normal,-0.1095,0.5553983432860873
ACGTACAAGCGTATAA-1_12304,p018_T,p018,Malignant,Malignant,2882,30.8666,0.5938,0.1542,0.0084,Not cycling,0.948,Stress,,Tumor,0.2523,0.5553983432860873
ATTCCATGTCGAAACG-1_2663,p018_N,p018,Macrophage,Alveolar_Macrophages1,1245,25.7757,9.2252,0.042,0.0086,Not cycling,1.512,MES/Glycolysis,MES/Glycolysis,Normal,-0.0165,0.5553983432860873
TCTCACGTCCAGGACC-1_9508,p018_N,p018,Macrophage,Alveolar_Macrophages1,1832,24.3726,14.3088,0.0029,-0.0156,Not cycling,0.3824,MAC1,,Normal,0.3824,0.5553983432860873
TTTACGTAGGAGGTTC-1_11030,p018_N,p018,Macrophage,Alveolar_Macrophages1,1714,18.946,16.5082,-0.0486,0.2071,Not cycling,1.0751,Stress/HSP,Stress/HSP,Normal,1.0751,0.5553983432860873
ACCAAACAGCACGATG-1_782,p018_N,p018,Macrophage,Alveolar_Macrophages1,2474,24.7996,11.7431,-0.0377,-0.1097,Not cycling,0.7922,Proteasomal degradation,,Normal,0.2676,0.5553983432860873
GTGCGTGAGCGGGTAT-1_7747,p018_N,p018,Macrophage,Alveolar_Macrophages1,1704,22.5245,18.0047,-0.0783,-0.0389,Not cycling,1.0723,Lipid-associated,Lipid-associated,Normal,-0.0178,0.5553983432860873
TTGCGTCAGACATACA-1_10888,p018_N,p018,Macrophage,Alveolar_Macrophages1,1957,22.1977,13.2199,0.0257,-0.0548,Not cycling,0.6372,MES/Glycolysis,,Normal,0.1643,0.5553983432860873
CTACAGATCTCGTCGT-1_4672,p018_N,p018,Macrophage,Alveolar_Macrophages1,1275,26.2252,10.7295,0.0928,0.1168,Not cycling,1.0286,Proteasomal degradation,,Normal,1.0286,0.5553983432860873
AAGAACATCATCGCTC-1_11543,p018_T,p018,Macrophage,CD14_Macrophages1,1953,18.1757,8.7631,0.4487,0.1839,Not cycling,1.0461,Lipid-associated,Lipid-associated,Tumor,0.4101,0.5553983432860873
GTGCGTGAGCCAGTAG-1_7745,p018_N,p018,Macrophage,Alveolar_Macrophages1,1037,21.5977,16.4366,-0.029,0.0299,Not cycling,0.3128,MES/Glycolysis,,Normal,-0.45,0.5553983432860873
AACCCAAGTCCGGCAT-1_211,p018_N,p018,Macrophage,Alveolar_Macrophages1,1228,23.2371,16.2885,0.109,0.0239,Not cycling,0.6663,Lipid-associated,,Normal,0.0616,0.5553983432860873
AGTCATGTCGGTAACT-1_2008,p018_N,p018,Macrophage,Alveolar_Macrophages1,1281,25.2571,13.7146,-0.0145,0.1012,Not cycling,0.7132,Stress/HSP,,Normal,-0.4888,0.5553983432860873
CTATCTATCCTGTACC-1_4796,p018_N,p018,Epithelial,AT2,1617,22.7842,-8.898,0.135,0.0066,Not cycling,3.1836,Alveolar,Alveolar,Normal,0.1965,0.5553983432860873
GATGGAGGTTAAACAG-1_6135,p018_N,p018,Macrophage,Alveolar_Macrophages1,1327,23.8993,18.5494,0.0231,0.0633,Not cycling,1.1844,MES/Glycolysis,MES/Glycolysis,Normal,0.565,0.5553983432860873
TTAGGCAAGTGAGTTA-1_10518,p018_N,p018,Macrophage,Alveolar_Macrophages1,1135,24.7847,15.1567,-0.0264,0.0864,Not cycling,0.3553,MES/Glycolysis,,Normal,0.0522,0.5553983432860873
GGGACTCGTTAGAAGT-1_6901,p018_N,p018,Macrophage,Alveolar_Macrophages1,1408,24.7244,10.9242,0.4523,0.0566,Not cycling,0.9315,Lipid-associated,,Normal,-1.2581,0.5553983432860873
CTCTCGACACTGCACG-1_5057,p018_N,p018,Macrophage,Alveolar_Macrophages1,1267,23.0768,18.8485,0.0172,0.0068,Not cycling,0.9382,Stress/HSP,,Normal,0.4165,0.5553983432860873
ACACTGAGTCTGCCTT-1_690,p018_N,p018,Macrophage,Alveolar_Macrophages1,1305,23.9103,17.7996,-0.0516,0.1615,Not cycling,0.504,MES/Glycolysis,,Normal,-0.4603,0.5553983432860873
TCATGGAGTCAAGCGA-1_8985,p018_N,p018,Macrophage,Alveolar_Macrophages1,1724,21.4927,17.7819,-0.0172,-0.0555,Not cycling,1.0329,Lipid-associated,Lipid-associated,Normal,0.0691,0.5553983432860873
GGGACTCAGCTTGTGT-1_6895,p018_N,p018,Macrophage,Alveolar_Macrophages1,1834,24.3225,12.303,0.0457,-0.0098,Not cycling,0.572,MAC3,,Normal,-0.2826,0.5553983432860873
GAGTCTAAGCGCAATG-1_5938,p018_N,p018,Macrophage,Alveolar_Macrophages1,2026,23.6742,14.2618,-0.1726,0.0667,Not cycling,0.8329,MES/Glycolysis,,Normal,-0.2073,0.5553983432860873
ACCCTCAAGAAGAGCA-1_12130,p018_T,p018,Malignant,Malignant,1271,28.485,-0.5047,0.252,-0.1026,Not cycling,0.9188,Alveolar,,Tumor,-0.8489,0.5553983432860873
GTCGTAAAGCGCATCC-1_7584,p018_N,p018,Macrophage,Alveolar_Macrophages1,1369,24.6554,11.1033,-0.0481,0.0555,Not cycling,1.2114,MES/Glycolysis,MES/Glycolysis,Normal,0.192,0.5553983432860873
