cell_name,sample,patient,cell_type,cell_subtype,complexity,umap1,umap2,g1s_score,g2m_score,cell_cycle_phase,mp_top_score,mp_top,mp_assignment,source,cluster
TGTTCCGCAGCCCAGT-1_57067,p027_T,p027,T_cell,T_CD8_2,1222,-26.5654,-18.8122,0.1036,0.0183,Not cycling,1.033,CD4 - Stress/HSP,,Tumor,0.6939427918851296
GGATCTAGTTGGACCC-1_31194,p023_T,p023,Myofibroblast,Myofibroblast2,1858,8.2253,27.1924,-0.0308,0.0119,Not cycling,,,,Tumor,0.6939427918851296
CTGCCTAAGGATTCCT-1_17214,p018_T,p018,Malignant,Malignant,1389,29.1603,-0.4813,0.0817,-0.0893,Not cycling,0.9323,MP41 (Unassigned),,Tumor,0.6939427918851296
TGGGAGAAGTTCGGTT-1_39798,p024_T,p024,Macrophage,Alveolar_Macrophages2,2913,6.8489,5.4999,0.0536,-0.0158,Not cycling,0.8161,Lipid-associated,,Tumor,0.6939427918851296
GATTCTTCATGAGATA-1_105082,p033_N,p033,Macrophage,Alveolar_Macrophages2,4479,12.5831,-1.8465,-0.1718,-0.0364,Not cycling,0.5532,MES/Glycolysis,,Normal,0.6939427918851296
TATACCTGTACCTAGT-1_46933,p027_N,p027,T_cell,T_conv1,1096,-21.327,-1.7383,-0.0714,-0.0807,Not cycling,1.1228,CD8 - Unassigned1,,Normal,0.6939427918851296
GCACGGTTCGGAGCAA-1_53844,p027_T,p027,Malignant,Malignant,2076,-7.849,-31.5525,0.3052,0.1456,Not cycling,0.8691,Stress (in vitro),,Tumor,0.6939427918851296
TCTCCGATCCTCATAT-1_106675,p033_N,p033,Macrophage,Alveolar_Macrophages2,4944,13.3331,-3.7328,0.0271,0.01,Not cycling,0.6739,MES/Glycolysis,,Normal,0.6939427918851296
GTGTTCCTCACTCGAA-1_38480,p024_T,p024,T_cell,T_conv1,664,,,,,,,,,Tumor,0.6939427918851296
TCCATGCCATGTCGTA-1_120120,p034_T,p034,Malignant,Malignant,6779,-6.9992,-22.6598,0.1291,0.1174,Not cycling,0.7585,Hypoxia,,Tumor,0.6939427918851296
ACGATGTGTGGGTTGA-1_950,p018_N,p018,Macrophage,Alveolar_Macrophages1,1326,24.5548,13.0066,0.1711,0.0747,Not cycling,0.7356,MAC2,,Normal,0.6939427918851296
TCATTGTAGCGACATG-1_100222,p032_T,p032,Dendritic,Myeloid_Dendritic,1841,0.7744,3.4764,0.0031,-0.0087,Not cycling,,,,Tumor,0.6939427918851296
TATCCTAGTATTGAGA-1_38855,p024_T,p024,T_cell,T_reg,1500,-18.6562,-14.525,1.1257,0.0564,G1/S,1.5236,CD4 - Cell Cycle,,Tumor,0.6939427918851296
GAGTTTGGTCGTTATG-1_18223,p018_T,p018,Malignant,Malignant,600,,,,,,,,,Tumor,0.6939427918851296
ACGTACATCTGTCGCT-1_102691,p033_N,p033,NK_cell,NK_cells,1746,-21.4962,18.651,-0.0113,-0.0149,Not cycling,,,,Normal,0.6939427918851296
GGCTGTGGTTCCGTTC-1_61419,p028_N,p028,T_cell,T_CD8_3,2194,-20.2735,15.3184,-0.2255,0.0361,Not cycling,0.9415,CD8 - Cytotoxic,,Normal,0.6939427918851296
ATGAGTCTCAACTGGT-1_117497,p034_T,p034,T_cell,T_CD8_1,1160,-11.4958,-11.9875,-0.0138,-0.0019,Not cycling,1.7364,CD8 - Heat shock,CD8 - Heat shock,Tumor,0.6939427918851296
TTAGTCTGTACGACAG-1_40052,p024_T,p024,T_cell,T_conv1,635,,,,,,,,,Tumor,0.6939427918851296
GTTACCCCAGTCGCTG-1_85057,p031_T,p031,,,1014,3.1691,2.3196,-0.0346,-0.0348,Not cycling,,,,Tumor,0.6939427918851296
GGGATGAAGAGAGCGG-1_89968,p032_N,p032,Macrophage,CD14_Macrophages4,4829,6.6682,0.0944,-0.0096,-0.0407,Not cycling,1.2629,Monocyte/Secreted,Monocyte/Secreted,Normal,0.6939427918851296
CGAGTGCGTCATGACT-1_113644,p034_N,p034,T_cell,T_conv1,1055,-17.3281,-1.9683,-0.0428,-0.1016,Not cycling,0.4093,CD4 - Naive1,,Normal,0.6939427918851296
TGGAGAGGTGTGTGGA-1_33306,p023_T,p023,Mast,Mast,1926,3.1308,32.5789,0.0177,-0.0093,Not cycling,,,,Tumor,0.6939427918851296
TACTTGTTCGACGACC-1_99672,p032_T,p032,T_cell,T_conv2,880,,,,,,,,,Tumor,0.6939427918851296
GGAATCTGTCTATGAC-1_74170,p030_T,p030,B_cell,B_cells,1079,-33.5641,3.9385,0.2439,-0.0483,Not cycling,1.2985,HSP/Stress,HSP/Stress,Tumor,0.6939427918851296
CCCTAACGTTTATGCG-1_77770,p031_N,p031,Macrophage,Alveolar_Macrophages2,6195,11.6094,10.2126,-0.0547,-0.203,Not cycling,0.7975,MES/Glycolysis,,Normal,0.6939427918851296
TAGGAGGGTTAGGACG-1_46879,p027_N,p027,T_cell,T_CD8_3,1644,-18.0933,9.7019,0.1676,-0.0201,Not cycling,0.8156,CD4 - Stress/HSP,,Normal,0.6939427918851296
CATAAGCGTCGGAAAC-1_59473,p028_N,p028,T_cell,T_conv1,802,,,,,,,,,Normal,0.6939427918851296
GCATTAGTCAAGCGTT-1_78965,p031_N,p031,T_cell,T_conv1,1168,-17.9638,0.9741,0.2299,0.1139,Not cycling,0.706,CD4 - Cytotoxic,,Normal,0.6939427918851296
AATGAAGAGACGATAT-1_11780,p018_T,p018,Monocyte,Monocytes,659,,,,,,,,,Tumor,0.6939427918851296
GCCAGTGGTTTCTATC-1_45236,p027_N,p027,Epithelial,Ciliated,1692,27.2216,-15.8702,-0.1875,-0.1751,Not cycling,3.2996,Cilia,Cilia,Normal,0.6939427918851296
ATGGATCCAGGAACCA-1_35470,p024_T,p024,T_cell,T_conv1,718,,,,,,,,,Tumor,0.6939427918851296
ATTTCACCATCCTTCG-1_2757,p018_N,p018,Macrophage,Alveolar_Macrophages1,1679,23.0762,12.3208,-0.0892,0.0316,Not cycling,0.375,Interferon,,Normal,0.6939427918851296
ACTCTCGTCTACTGCC-1_81844,p031_T,p031,Malignant,Malignant,3787,17.7032,-26.3176,-0.0544,-0.023,Not cycling,1.0853,Protein maturation,,Tumor,0.6939427918851296
AACAAAGCAAATAAGC-1_34146,p024_T,p024,T_cell,T_conv1,865,,,,,,,,,Tumor,0.6939427918851296
ACTGTGAAGAGTACCG-1_27652,p023_T,p023,Macrophage,CD14_Macrophages2,3908,0.575,11.8796,0.0364,0.0011,Not cycling,1.3795,Lipid-associated,Lipid-associated,Tumor,0.6939427918851296
TCACTCGCACTGGAAG-1_47121,p027_N,p027,Macrophage,Alveolar_Macrophages1,1248,7.2302,11.7207,0.1683,0.0071,Not cycling,0.6885,Monocyte/Secreted,,Normal,0.6939427918851296
TGGAACTAGGGAGTGG-1_23073,p018_T,p018,,,738,,,,,,,,,Tumor,0.6939427918851296
TAACTTCTCTGCGTCT-1_115215,p034_N,p034,T_cell,T_conv1,672,,,,,,,,,Normal,0.6939427918851296
CTCTCGAGTCCGGTGT-1_65936,p029_N,p029,T_cell,T_CD8_1,1679,-21.4304,-12.1615,-0.0285,0.0491,Not cycling,1.6475,CD8 - Heat shock,CD8 - Heat shock,Normal,0.6939427918851296
CGGCAGTTCATGGAGG-1_52470,p027_T,p027,Plasma,Plasma,1918,-15.9912,-30.3475,-0.0724,0.0256,Not cycling,,,,Tumor,0.6939427918851296
ATACCTTCAGATACCT-1_2111,p018_N,p018,Macrophage,Alveolar_Macrophages1,1432,25.4728,10.2858,-0.062,0.1093,Not cycling,1.0713,Lipid-associated,Lipid-associated,Normal,0.6939427918851296
AGGAGGTAGTCTAGCT-1_50240,p027_T,p027,,,553,,,,,,,,,Tumor,0.6939427918851296
CAACGGCGTTAAGTCC-1_42530,p027_N,p027,Macrophage,Alveolar_Macrophages2,4569,7.5779,14.6203,-0.1302,0.0285,Not cycling,0.7568,Lipid-associated,,Normal,0.6939427918851296
TCAAGACCAGACCAAG-1_80065,p031_N,p031,Monocyte,Monocytes,2359,-7.29,18.5019,-0.0412,0.0299,Not cycling,,,,Normal,0.6939427918851296
AGTACCAAGTGAGGTC-1_13315,p018_T,p018,Malignant,Malignant,1276,28.3553,-0.7863,0.2046,0.0135,Not cycling,1.0399,Respiration,,Tumor,0.6939427918851296
CGCATAAAGAACGTGC-1_36547,p024_T,p024,Malignant,Malignant,2061,4.6581,-32.5101,0.1055,0.0499,Not cycling,0.7638,PDAC-related,,Tumor,0.6939427918851296
CCTGTTGCACGAGGAT-1_15997,p018_T,p018,Malignant,Malignant,1538,29.2223,-0.6529,-0.024,-0.1177,Not cycling,0.9022,MP41 (Unassigned),,Tumor,0.6939427918851296
TTGCATTAGCATCCCG-1_107283,p033_N,p033,Macrophage,CD14_Macrophages5,2944,14.4135,-8.5195,0.0199,-0.0401,Not cycling,1.4165,Lipid-associated,Lipid-associated,Normal,0.6939427918851296
TTCACGCCAGATTAAG-1_101701,p032_T,p032,Malignant,Malignant,748,,,,,,,,,Tumor,0.6939427918851296
ATCCCTGTCCGAGGCT-1_108347,p033_T,p033,T_cell,T_CD8_1,599,,,,,,,,,Tumor,0.6939427918851296
CAGGTATAGTAAACGT-1_3288,p018_N,p018,Macrophage,Alveolar_Macrophages1,1953,21.4893,16.1476,-0.0412,0.0469,Not cycling,1.5871,MAC2,MAC2,Normal,0.6939427918851296
GTTATGGTCTCATGCC-1_31941,p023_T,p023,Macrophage,Alveolar_Macrophages2,3883,7.3104,14.3621,0.1298,0.0386,Not cycling,1.9005,MAC2,,Tumor,0.6939427918851296
CGGAACCTCTACAGGT-1_29695,p023_T,p023,Plasma,Plasmacytoid_Dendritic,2314,-13.8908,30.0577,0.0085,-0.1165,Not cycling,,,,Tumor,0.6939427918851296
TAATTCCCACTTGTCC-1_74794,p030_T,p030,Malignant,Malignant,6990,12.7335,-13.893,-0.2565,-0.0987,Not cycling,1.3329,EMT II,EMT II,Tumor,0.6939427918851296
GCCATTCTCTTCTGTA-1_66523,p029_N,p029,Epithelial,AT2,3953,20.06,-3.9582,-0.1046,0.2711,Not cycling,1.0974,Alveolar,Alveolar,Normal,0.6939427918851296
TCGCTCATCCAGTGTA-1_111186,p033_T,p033,T_cell,T_CD8_1,719,,,,,,,,,Tumor,0.6939427918851296
GGAATGGTCAGCAATC-1_98053,p032_T,p032,Malignant,Malignant,5853,10.6783,-20.6277,-0.0464,-0.0928,Not cycling,0.6375,EMT III,,Tumor,0.6939427918851296
TCGCACTGTGGGTTGA-1_67772,p029_N,p029,,,531,,,,,,,,,Normal,0.6939427918851296
GAACGTTCAAATAAGC-1_114130,p034_N,p034,Macrophage,CD14_Macrophages4,5205,1.4415,-6.002,0.0762,-0.0568,Not cycling,1.3377,Lipid-associated,Lipid-associated,Normal,0.6939427918851296
TGGTGATTCACGGACC-1_56915,p027_T,p027,Plasma,Plasma,1607,-15.7388,-30.4409,0.0445,-0.0577,Not cycling,,,,Tumor,0.6939427918851296
TACTTACAGCGGTATG-1_55429,p027_T,p027,Dendritic,Myeloid_Dendritic,854,,,,,,,,,Tumor,0.6939427918851296
TGAACGTGTACCGTCG-1_111315,p033_T,p033,T_cell,T_conv1,1497,-15.4318,-1.6814,0.201,-0.0712,Not cycling,1.1956,CD8 - Unassigned2,,Tumor,0.6939427918851296
TTCAATCAGGCCACCT-1_75717,p030_T,p030,T_cell,T_CD8_1,1719,-13.241,-9.1415,-0.1533,-0.0116,Not cycling,1.2883,CD4 - Naive1,CD4 - Naive1,Tumor,0.6939427918851296
GCTGGGTTCATCGGGC-1_45403,p027_N,p027,,,600,,,,,,,,,Normal,0.6939427918851296
GACCCAGTCGGCTTCT-1_83950,p031_T,p031,Dendritic,Myeloid_Dendritic,808,,,,,,,,,Tumor,0.6939427918851296
GTCCTCATCGGACCAC-1_114972,p034_N,p034,Macrophage,CD14_Macrophages3,4117,0.9979,-6.5242,-0.0829,0.0117,Not cycling,1.1037,Lipid-associated,Lipid-associated,Normal,0.6939427918851296
CAGTGCGGTTTGTGGT-1_25874,p019_T,p019,T_cell,T_CD8_1,951,,,,,,,,,Tumor,0.6939427918851296
GCATTAGAGCCTGTGC-1_45190,p027_N,p027,NK_cell,NK_cells,1471,-23.3158,18.5228,-0.1098,0.0443,Not cycling,,,,Normal,0.6939427918851296
CTTCTCTTCCTCATAT-1_5407,p018_N,p018,Macrophage,Alveolar_Macrophages1,981,,,,,,,,,Normal,0.6939427918851296
GACTGATCAGAATGTA-1_97125,p032_T,p032,Dendritic,Myeloid_Dendritic,1764,0.7532,2.7542,0.0157,-0.0759,Not cycling,,,,Tumor,0.6939427918851296
GATGCTAGTTGTAGCT-1_97495,p032_T,p032,T_cell,T_conv2,819,,,,,,,,,Tumor,0.6939427918851296
GATGAGGTCGAGAACG-1_66365,p029_N,p029,T_cell,T_conv1,1200,-23.4265,4.6079,0.0553,0.1255,Not cycling,1.2878,CD8 - Memory/Naive1,CD8 - Memory/Naive1,Normal,0.6939427918851296
GTGTTAGAGGCGTCCT-1_55036,p027_T,p027,T_cell,T_conv1,700,,,,,,,,,Tumor,0.6939427918851296
CTAGGTAGTAAGATAC-1_65823,p029_N,p029,Monocyte,Monocytes,2752,-10.1102,21.798,0.1419,0.1045,Not cycling,,,,Normal,0.6939427918851296
CAAAGAAAGCGGACAT-1_59178,p028_N,p028,Epithelial,AT2,3071,22.1208,-8.7185,-0.0102,0.0773,Not cycling,3.7607,Alveolar,Alveolar,Normal,0.6939427918851296
CCTTGTGCAATAGAGT-1_59957,p028_N,p028,Macrophage,Alveolar_Macrophages2,5087,10.882,20.4033,-0.0418,-0.1386,Not cycling,0.2393,Stress/HSP,,Normal,0.6939427918851296
ACTTCCGGTATGCTAC-1_68865,p030_N,p030,T_cell,T_conv1,2025,-17.7858,-0.1179,0.3474,0.1859,Not cycling,1.1471,CD8 - Unassigned2,CD8 - Unassigned2,Normal,0.6939427918851296
GTTTACTGTACTCGAT-1_119684,p034_T,p034,T_cell,T_CD8_1,739,,,,,,,,,Tumor,0.6939427918851296
AATTCCTAGAGAAGGT-1_11848,p018_T,p018,Macrophage,Alveolar_Macrophages1,747,,,,,,,,,Tumor,0.6939427918851296
TAGACCAAGAAATGGG-1_21091,p018_T,p018,Malignant,Malignant,673,,,,,,,,,Tumor,0.6939427918851296
TCAGCAACACGTACTA-1_100046,p032_T,p032,Malignant,Malignant,1319,4.1711,-18.0333,-0.0621,-0.1016,Not cycling,0.8633,MP41 (Unassigned),,Tumor,0.6939427918851296
CGTCAAATCTGGCCTT-1_36683,p024_T,p024,Malignant,Malignant,1389,4.5078,-32.9243,-0.0685,0.0101,Not cycling,1.7172,Protein maturation,,Tumor,0.6939427918851296
GGGAGTAAGTTGTAAG-1_31267,p023_T,p023,Macrophage,CD14_Macrophages2,1659,-3.1292,13.0497,-0.0164,0.0888,Not cycling,1.3922,MAC1,,Tumor,0.6939427918851296
CAAGGGATCGTGCAGC-1_42567,p027_N,p027,T_cell,T_reg,1081,-19.1381,-4.7605,-0.0271,0.231,Not cycling,1.2612,CD4 - Treg,CD4 - Treg,Normal,0.6939427918851296
GGGTCACGTAAGATCA-1_70353,p030_N,p030,NK_cell,NK_cells,2117,-23.8101,14.0161,0.0444,-0.0573,Not cycling,,,,Normal,0.6939427918851296
GCCAGTGCAAAGGCGT-1_53961,p027_T,p027,T_cell,T_CD8_2,1132,-26.1082,-20.6926,0.0039,-0.0925,Not cycling,0.412,CD8 - Unassigned2,,Tumor,0.6939427918851296
ACGGTCGCAGCGTTGC-1_92897,p032_T,p032,Mast,Mast,943,,,,,,,,,Tumor,0.6939427918851296
TACCGGGAGGTTCATC-1_115269,p034_N,p034,,,614,,,,,,,,,Normal,0.6939427918851296
CACACAAAGTTGCTCA-1_88128,p032_N,p032,T_cell,T_conv1,1437,-15.5445,4.4686,-0.2396,-0.1205,Not cycling,0.7616,CD4 - Stress/HSP,,Normal,0.6939427918851296
GCAACATTCGAATGCT-1_30835,p023_T,p023,T_cell,T_CD8_Proliferating,2667,-18.8245,-15.3713,0.2983,1.6174,G2/M,2.2562,CD4 - Cell Cycle,CD4 - Cell Cycle,Tumor,0.6939427918851296
GATTCGAAGGAACGTC-1_89586,p032_N,p032,T_cell,T_CD8_3,964,,,,,,,,,Normal,0.6939427918851296
GGCTTGGAGGCCCGTT-1_98202,p032_T,p032,T_cell,T_conv2,555,,,,,,,,,Tumor,0.6939427918851296
CATTGCCCAAGCACAG-1_15305,p018_T,p018,,,606,,,,,,,,,Tumor,0.6939427918851296
GTGGAGATCATACAGC-1_20341,p018_T,p018,Macrophage,Alveolar_Macrophages1,1214,22.4848,12.8312,-0.0423,0.0979,Not cycling,1.3261,MES/Glycolysis,MES/Glycolysis,Tumor,0.6939427918851296
CACATGACATTGAAGA-1_113116,p034_N,p034,Macrophage,CD14_Macrophages3,5078,0.9327,-5.3906,0.0325,0.0292,Not cycling,0.7554,Lipid-associated,,Normal,0.6939427918851296
GAATCGTGTGCATACT-1_73690,p030_T,p030,B_cell,B_cells,1703,-35.3238,2.6212,0.1194,0.0679,Not cycling,0.5849,MHC-II,,Tumor,0.6939427918851296
ACAACCATCCGGCAGT-1_76271,p031_N,p031,Fibroblast,Fibroblast1,1564,9.6093,29.3673,0.0169,-0.1032,Not cycling,,,,Normal,0.6939427918851296
TCACATTAGGCTGGAT-1_70786,p030_N,p030,Endothelial,Endothelial1,1310,-0.8235,-16.4436,-0.0964,-0.0656,Not cycling,2.0211,Endo3,Endo3,Normal,0.6939427918851296
TTTCACATCTCGTCAC-1_68521,p029_N,p029,T_cell,T_CD8_3,1448,-21.8379,7.4842,0.0843,-0.0117,Not cycling,0.5994,CD8 - Chromatin,,Normal,0.6939427918851296
CAATACGCAACGGCTC-1_42571,p027_N,p027,Plasma,Plasmacytoid_Dendritic,2369,-14.4287,30.1552,0.0037,0.0495,Not cycling,,,,Normal,0.6939427918851296
ATTATCCAGGTACCTT-1_94324,p032_T,p032,Monocyte,Monocytes,1998,-4.8415,20.0566,0.0079,0.01,Not cycling,,,,Tumor,0.6939427918851296
CGAAGGAGTCAACCAT-1_95719,p032_T,p032,Malignant,Malignant,796,,,,,,,,,Tumor,0.6939427918851296
AGTTAGCGTTCCTACC-1_2063,p018_N,p018,Macrophage,Alveolar_Macrophages1,1268,25.3827,10.1762,-0.0587,0.0872,Not cycling,0.6439,MES/Glycolysis,,Normal,0.6939427918851296
GGGTATTGTCGACTGC-1_45720,p027_N,p027,T_cell,T_conv1,1355,-18.1492,0.4946,-0.103,0.0485,Not cycling,1.537,CD4 - Interferon,,Normal,0.6939427918851296
AGCCACGTCATGCATG-1_117117,p034_T,p034,T_cell,T_CD8_Proliferating,3779,-17.4344,-16.3364,-0.0393,2.5027,G2/M,1.7853,CD4 - Cell Cycle,CD4 - Cell Cycle,Tumor,0.6939427918851296
TACTTACTCGGTAGGA-1_110775,p033_T,p033,T_cell,T_reg,807,,,,,,,,,Tumor,0.6939427918851296
TTCAGGAAGTGAGGCT-1_23707,p018_T,p018,Macrophage,Alveolar_Macrophages1,827,,,,,,,,,Tumor,0.6939427918851296
TGAGGTTGTTGTGGAG-1_9761,p018_N,p018,Macrophage,Alveolar_Macrophages1,2009,23.8563,14.4873,-0.009,0.1351,Not cycling,0.556,Lipid-associated,,Normal,0.6939427918851296
TGGCGTGGTTTCGACA-1_91534,p032_N,p032,T_cell,T_conv1,1008,-20.4927,0.5218,-0.2375,-0.032,Not cycling,1.4896,CD8 - Naive3,,Normal,0.6939427918851296
GTCGTAAAGTACTGGG-1_74545,p030_T,p030,Malignant,Malignant,3130,11.0979,-12.9554,-0.2963,-0.0996,Not cycling,2.9279,PDAC classical,PDAC classical,Tumor,0.6939427918851296
GTTACAGCAGACTGCC-1_115115,p034_N,p034,Monocyte,Monocytes,2266,-6.1373,18.0687,-0.0449,-0.1149,Not cycling,,,,Normal,0.6939427918851296
GTGCTTCGTATTTCGG-1_110526,p033_T,p033,Malignant,Malignant,4014,10.8734,-11.5987,-0.0474,0.0399,Not cycling,1.1011,Secreted II,,Tumor,0.6939427918851296
CCGCAAGCAACTCCAA-1_95480,p032_T,p032,,,1671,7.7174,-12.4166,-0.1793,-0.0442,Not cycling,,,,Tumor,0.6939427918851296
TTGGATGTCTACGCAA-1_91924,p032_N,p032,Macrophage,Alveolar_Macrophages2,4174,7.491,1.6646,0.058,-0.0062,Not cycling,1.7869,MAC2,MAC2,Normal,0.6939427918851296
GGAACCCAGGAGCTGT-1_61323,p028_N,p028,Monocyte,Monocytes,1875,-6.7649,25.2174,-0.0187,-0.0391,Not cycling,,,,Normal,0.6939427918851296
ATACCGAGTGCATGAG-1_25723,p019_T,p019,Myofibroblast,Myofibroblast1,1698,9.9953,28.3286,0.0012,0.0042,Not cycling,,,,Tumor,0.6939427918851296
TTGCCTGAGCTGTTCA-1_107290,p033_N,p033,Macrophage,Alveolar_Macrophages3,763,,,,,,,,,Normal,0.6939427918851296
GCGAGAACATTGCAAC-1_97858,p032_T,p032,Malignant,Malignant,1624,4.6455,-20.342,-0.0845,-0.1273,Not cycling,1.4756,MP41 (Unassigned),MP41 (Unassigned),Tumor,0.6939427918851296
CTGCTCACATTCAGCA-1_78401,p031_N,p031,T_cell,T_conv1,1233,-22.3272,-1.6758,-0.1958,-0.0667,Not cycling,1.0641,CD8 - Naive2,,Normal,0.6939427918851296
CGAGAAGTCCACGAAT-1_73097,p030_T,p030,T_cell,T_CD8_1,947,,,,,,,,,Tumor,0.6939427918851296
AGCATCACAGTCAGTT-1_1518,p018_N,p018,Macrophage,Alveolar_Macrophages1,1537,24.7392,13.3095,0.092,-0.0117,Not cycling,0.7351,Interferon,,Normal,0.6939427918851296
TTACTGTCAGCCGGTT-1_120704,p034_T,p034,T_cell,T_CD8_1,1269,-11.495,-12.4659,0.1452,0.0784,Not cycling,0.8138,CD4 - Stress/HSP,,Tumor,0.6939427918851296
CGTTGGGCACAATGCT-1_83462,p031_T,p031,Malignant,Malignant,5992,18.3002,-25.6111,-0.0571,-0.0617,Not cycling,0.8266,EpiSen,,Tumor,0.6939427918851296
CCTATCGGTCGTCATA-1_4023,p018_N,p018,Dendritic,Myeloid_Dendritic,1294,23.8706,8.029,0.2042,0.0784,Not cycling,,,,Normal,0.6939427918851296
TGTTACTGTAGCTAAA-1_10366,p018_N,p018,Macrophage,Alveolar_Macrophages1,1010,24.472,16.9192,0.0649,0.0309,Not cycling,1.2074,Stress/HSP,Stress/HSP,Normal,0.6939427918851296
ACAGCCGCACTGTTCC-1_11986,p018_T,p018,Malignant,Malignant,1774,29.3695,0.6789,0.1829,0.1288,Not cycling,0.9341,Alveolar,,Tumor,0.6939427918851296
TAGGTTGGTGCAACAG-1_115376,p034_N,p034,T_cell,T_conv1,1785,-19.7138,-2.9045,-0.119,0.0772,Not cycling,0.6658,CD4 - Naive1,,Normal,0.6939427918851296
CTCATCGTCGATGGAG-1_30022,p023_T,p023,Macrophage,CD14_Macrophages2,1321,-3.0691,12.9542,-0.0216,0.0309,Not cycling,1.1769,MAC1,,Tumor,0.6939427918851296
GAGCTGCGTCGAACAG-1_84049,p031_T,p031,Macrophage,CD14_Macrophages1,851,,,,,,,,,Tumor,0.6939427918851296
CAGATACGTCAATGGG-1_72612,p030_T,p030,NK_cell,NK_cells,1679,-22.2648,16.0567,-0.1086,-0.0343,Not cycling,,,,Tumor,0.6939427918851296
GTGTTCCCATAATCCG-1_20473,p018_T,p018,Malignant,Malignant,3433,28.8856,1.5749,0.3853,0.6658,G2/M,0.8802,Cell Cycle - G2/M,,Tumor,0.6939427918851296
CTCCACACACGGTGAA-1_44130,p027_N,p027,Epithelial,AT2,3333,23.1756,-9.7223,-0.0477,0.0777,Not cycling,1.9498,Alveolar,Alveolar,Normal,0.6939427918851296
TTGTGTTCAACCAGAG-1_24182,p018_T,p018,Macrophage,Alveolar_Macrophages1,1206,19.6269,11.2401,-0.032,0.0349,Not cycling,1.4281,MAC2,MAC2,Tumor,0.6939427918851296
CGATGCGCAGCATGCC-1_104188,p033_N,p033,Macrophage,Alveolar_Macrophages2,4579,12.0029,-4.4182,-0.0729,-0.1797,Not cycling,0.2585,MAC2,,Normal,0.6939427918851296
TCTACCGGTAATCAAG-1_80444,p031_N,p031,T_cell,T_conv1,1287,-17.4046,-0.2404,0.0965,0.1655,Not cycling,0.4002,CD4 - Naive1,,Normal,0.6939427918851296
AGGTCATAGGGTTGCA-1_87613,p032_N,p032,T_cell,T_conv1,1270,-16.8971,6.6657,-0.2501,0.0031,Not cycling,0.8102,CD8 - Unassigned2,,Normal,0.6939427918851296
TTATTGCAGGGAGTTC-1_91756,p032_N,p032,T_cell,T_conv1,1206,-16.706,3.8271,-0.2119,0.032,Not cycling,0.4243,CD4 - Interferon,,Normal,0.6939427918851296
CATTGTTGTAGAGTTA-1_59632,p028_N,p028,Endothelial,Endothelial6,1322,-0.3595,-16.5294,-0.0424,-0.0065,Not cycling,3.4838,Endo6,Endo6,Normal,0.6939427918851296
CGAGAAGAGTGCCCGT-1_95765,p032_T,p032,T_cell,T_conv2,822,,,,,,,,,Tumor,0.6939427918851296
TGAATGCAGGTCGTCC-1_75357,p030_T,p030,B_cell,B_cells,1919,-35.1871,2.4744,-0.0127,0.0124,Not cycling,0.9327,HSP/Stress,,Tumor,0.6939427918851296
AACCACATCCCAAGCG-1_49091,p027_T,p027,Plasma,Plasma,1805,-16.7638,-29.3896,0.0108,-0.0184,Not cycling,,,,Tumor,0.6939427918851296
GGAACCCCATTCTGTT-1_114634,p034_N,p034,Macrophage,CD14_Macrophages3,4086,1.4206,-6.584,0.1801,0.3486,Not cycling,1.3033,Lipid-associated,Lipid-associated,Normal,0.6939427918851296
GCGTTTCTCAAGTTGC-1_84402,p031_T,p031,Malignant,Malignant,2733,15.6957,-26.8011,-0.0324,-0.1213,Not cycling,1.0604,MP41 (Unassigned),MP41 (Unassigned),Tumor,0.6939427918851296
GTTACAGGTACCTAGT-1_99181,p032_T,p032,T_cell,T_conv2,740,,,,,,,,,Tumor,0.6939427918851296
AGAGAGCTCCGAGGCT-1_81962,p031_T,p031,Malignant,Malignant,7570,17.2887,-25.3195,-0.1708,-0.0675,Not cycling,0.794,Stress,,Tumor,0.6939427918851296
AGTGCCGGTCGGCTAC-1_112710,p034_N,p034,T_cell,T_conv1,507,,,,,,,,,Normal,0.6939427918851296
TATCAGGAGAATCGAT-1_32341,p023_T,p023,Macrophage,CD14_Macrophages2,3683,-0.4853,12.1084,0.1378,-0.1767,Not cycling,0.8047,MAC3,,Tumor,0.6939427918851296
TCGCTTGGTATACCTG-1_120230,p034_T,p034,Monocyte,Monocytes,2057,-5.4503,12.0297,-0.1179,0.0793,Not cycling,,,,Tumor,0.6939427918851296
TACTTGTAGGGTACAC-1_25246,p019_N,p019,Macrophage,Alveolar_Macrophages2,5673,9.8399,15.954,-0.022,-0.2132,Not cycling,0.5427,MES/Glycolysis,,Normal,0.6939427918851296
ATGCATGCAAGGATGC-1_42227,p027_N,p027,Macrophage,Alveolar_Macrophages2,1350,7.5365,13.368,0.0116,0.1418,Not cycling,1.3718,MAC2,MAC2,Normal,0.6939427918851296
ACGGGTCCAGAACCGA-1_64228,p029_N,p029,T_cell,T_conv1,1189,-24.8522,-0.0323,0.0722,-0.1513,Not cycling,0.7191,CD8 - Naive2,,Normal,0.6939427918851296
GTTACGACACTTCATT-1_67138,p029_N,p029,Epithelial,AT2,3372,20.2878,-3.4321,-0.0449,-0.0348,Not cycling,1.0216,Alveolar,Alveolar,Normal,0.6939427918851296
TCATACTTCTAACACG-1_100130,p032_T,p032,Mast,Mast,700,,,,,,,,,Tumor,0.6939427918851296
AACCATGTCGACACCG-1_202,p018_N,p018,Macrophage,Alveolar_Macrophages1,1391,20.2717,18.1915,0.0891,0.01,Not cycling,0.4564,MES/Glycolysis,,Normal,0.6939427918851296
GAGACCCGTGGATGAC-1_44763,p027_N,p027,Macrophage,Alveolar_Macrophages2,4879,6.4622,14.3811,0.0409,-0.0083,Not cycling,0.8865,MAC2,,Normal,0.6939427918851296
GGAAGTGTCCGGACGT-1_114641,p034_N,p034,Macrophage,CD14_Macrophages3,4372,-1.3699,-0.9828,-0.0716,0.1208,Not cycling,0.8129,Monocyte/Secreted,,Normal,0.6939427918851296
CGTTCTGGTGTCTTAG-1_36723,p024_T,p024,T_cell,T_conv1,1089,-16.2238,2.2701,-0.1718,-0.0526,Not cycling,0.9583,CD8 - Memory/Naive1,,Tumor,0.6939427918851296
AGTCTCCTCCTCACTG-1_93751,p032_T,p032,,,666,,,,,,,,,Tumor,0.6939427918851296
CTCAATTGTCCAGAAG-1_69793,p030_N,p030,T_cell,T_conv1,1400,-17.1235,-0.7982,0.2549,0.0911,Not cycling,1.1351,CD8 - Unassigned2,CD8 - Unassigned2,Normal,0.6939427918851296
CGAGGAACACGACAAG-1_43601,p027_N,p027,NK_cell,NK_cells,1218,-22.8349,19.0958,-0.0404,0.0585,Not cycling,,,,Normal,0.6939427918851296
AAGACAATCACCTCTG-1_92311,p032_T,p032,Mast,Mast,943,,,,,,,,,Tumor,0.6939427918851296
TCCGTGTTCGCCAGAC-1_62692,p028_N,p028,NK_cell,NK_cells,1139,-22.5789,13.8728,-0.063,-0.0617,Not cycling,,,,Normal,0.6939427918851296
TTCCTTCGTCCTTGTC-1_63568,p028_N,p028,T_cell,T_CD8_3,1318,-20.0522,7.9909,-0.274,-0.1057,Not cycling,1.3278,CD8 - Heat shock,,Normal,0.6939427918851296
CGGAACCGTTAATGAG-1_73164,p030_T,p030,T_cell,T_reg,1207,-15.496,-9.4171,-0.1914,-0.0791,Not cycling,0.5884,CD4 - Naive1,,Tumor,0.6939427918851296
GCACGGTCAGTATTCG-1_30864,p023_T,p023,Dendritic,Myeloid_Dendritic,2431,-2.6436,6.3326,0.2346,0.1153,Not cycling,,,,Tumor,0.6939427918851296
TCGGTCTAGACGACTG-1_47571,p027_N,p027,Macrophage,Alveolar_Macrophages2,5535,6.5041,14.7496,-0.1376,-0.0477,Not cycling,0.5246,MAC2,,Normal,0.6939427918851296
TCACACCCACAAATGA-1_8740,p018_N,p018,,,532,,,,,,,,,Normal,0.6939427918851296
GGTGTTAAGCGCTTCG-1_19656,p018_T,p018,Macrophage,CD14_Macrophages1,680,,,,,,,,,Tumor,0.6939427918851296
CACCAAAAGAGGGTCT-1_51293,p027_T,p027,Plasma,Plasma,1788,-16.7678,-29.4487,-0.0198,0.0674,Not cycling,,,,Tumor,0.6939427918851296
GTAGAGGCAGCGTTGC-1_45942,p027_N,p027,Macrophage,Alveolar_Macrophages2,3623,7.2578,15.9884,-0.0906,-0.1179,Not cycling,0.6555,MAC2,,Normal,0.6939427918851296
AGTGACTAGAACGCGT-1_28190,p023_T,p023,Macrophage,CD14_Macrophages2,1343,-3.963,10.9931,0.1323,0.1198,Not cycling,1.7691,MES/Glycolysis,MES/Glycolysis,Tumor,0.6939427918851296
CATCCGTCACAACCGC-1_36001,p024_T,p024,Macrophage,Alveolar_Macrophages1,3677,6.4189,5.8961,0.002,0.1128,Not cycling,1.2992,MES/Glycolysis,MES/Glycolysis,Tumor,0.6939427918851296
GCAGTTATCCGAAATC-1_97659,p032_T,p032,T_cell,T_conv2,958,,,,,,,,,Tumor,0.6939427918851296
AGAGCCCGTTGCATCA-1_117075,p034_T,p034,,,4419,-2.5303,5.0077,0.2238,0.0569,Not cycling,,,,Tumor,0.6939427918851296
GGGCTCAGTTGGCCTG-1_45698,p027_N,p027,NK_cell,NK_cells,1570,-23.0243,18.4626,-0.1609,0.1163,Not cycling,,,,Normal,0.6939427918851296
ACTTCGCTCGCAGTGC-1_81881,p031_T,p031,Macrophage,CD14_Macrophages1,1758,6.3806,9.1077,0.0282,0.0407,Not cycling,1.0586,MES/Glycolysis,MES/Glycolysis,Tumor,0.6939427918851296
CGTGATACAATAGTAG-1_73258,p030_T,p030,B_cell,B_cells,838,,,,,,,,,Tumor,0.6939427918851296
AATGGAAAGGACAGCT-1_27235,p023_T,p023,Malignant,Malignant,4711,-1.9747,-27.3038,0.5438,-0.0633,Not cycling,0.3269,Respiration,,Tumor,0.6939427918851296
TGGAGGAGTAACACCT-1_48103,p027_N,p027,Macrophage,Alveolar_Macrophages2,3698,7.5018,15.2827,0.1016,0.0524,Not cycling,0.617,MES/Glycolysis,,Normal,0.6939427918851296
GACTGATGTAGGAGGG-1_53467,p027_T,p027,Plasma,Plasma,1977,-16.9352,-27.358,0.7231,0.0433,G1/S,,,,Tumor,0.6939427918851296
TGCTGAACAGCCGTTG-1_9976,p018_N,p018,Macrophage,Alveolar_Macrophages1,1268,25.7866,8.8144,0.0758,0.1726,Not cycling,2.2718,Monocyte/Secreted,Monocyte/Secreted,Normal,0.6939427918851296
CCTGTTGGTCGTCTCT-1_36431,p024_T,p024,T_cell,T_conv1,939,,,,,,,,,Tumor,0.6939427918851296
CCGAACGGTGCGTGCT-1_36261,p024_T,p024,Macrophage,Alveolar_Macrophages1,2817,7.8317,7.4739,-0.0612,-0.0232,Not cycling,0.9256,MAC2,,Tumor,0.6939427918851296
TAACCAGTCCATACTT-1_32026,p023_T,p023,T_cell,T_conv1,1429,-21.4629,-5.2491,-0.0282,-0.0722,Not cycling,1.9874,CD4 - Naive1,CD4 - Naive1,Tumor,0.6939427918851296
TCTATACCAAGTAGTA-1_22380,p018_T,p018,Macrophage,CD14_Macrophages1,918,,,,,,,,,Tumor,0.6939427918851296
TGCCGAGTCCGCTAGG-1_86107,p031_T,p031,Malignant,Malignant,3513,16.9003,-27.2403,0.0915,0.0693,Not cycling,0.4131,Skin pigmentation,,Tumor,0.6939427918851296
CAGTGCGAGACTAAGT-1_42861,p027_N,p027,Fibroblast,Fibroblast1,2567,9.5483,29.5529,0.0791,0.2216,Not cycling,0.671,CAF3,,Normal,0.6939427918851296
CATACTTAGGTCTTTG-1_77530,p031_N,p031,Endothelial,Endothelial1,748,,,,,,,,,Normal,0.6939427918851296
GTTGTCCAGTTCTCTT-1_74739,p030_T,p030,B_cell,B_cells,1894,-34.907,2.5287,-0.0813,-0.1386,Not cycling,1.3135,HSP/Stress,HSP/Stress,Tumor,0.6939427918851296
TGGGAAGAGAGAGTGA-1_23143,p018_T,p018,Malignant,Malignant,640,,,,,,,,,Tumor,0.6939427918851296
TACTTACAGTGCTAGG-1_26492,p019_T,p019,Malignant,Malignant,5948,19.3918,-34.2155,-0.08,-0.0013,Not cycling,0.8727,Stress,,Tumor,0.6939427918851296
CTTCAATAGTACGAGC-1_53140,p027_T,p027,T_cell,T_CD8_2,950,,,,,,,,,Tumor,0.6939427918851296
AGACTCACAGTATTCG-1_1388,p018_N,p018,Malignant,Malignant,629,,,,,,,,,Normal,0.6939427918851296
GATTCTTAGAGTGAAG-1_18413,p018_T,p018,,,569,,,,,,,,,Tumor,0.6939427918851296
GAGACTTGTGTCCGGT-1_114286,p034_N,p034,Macrophage,Alveolar_Macrophages1,719,,,,,,,,,Normal,0.6939427918851296
TGTTCCGCACGGTAGA-1_57065,p027_T,p027,T_cell,T_CD8_Proliferating,2156,-22.0662,-19.0446,1.2121,0.1382,G1/S,2.0064,CD4 - Glycolysis/MYC,,Tumor,0.6939427918851296
ACGGTCGAGAGGTATT-1_12256,p018_T,p018,Macrophage,CD14_Macrophages1,751,,,,,,,,,Tumor,0.6939427918851296
AGATCCACAAATAAGC-1_27846,p023_T,p023,,,750,,,,,,,,,Tumor,0.6939427918851296
AGAACCTAGCATAGGC-1_68884,p030_N,p030,T_cell,T_CD8_3,1737,-17.9591,8.9123,-0.0802,-0.0825,Not cycling,1.1118,CD4 - Naive1,CD4 - Naive1,Normal,0.6939427918851296
TCGGGCAGTATGAGAT-1_22269,p018_T,p018,,,1183,20.2822,5.8062,0.0393,-0.054,Not cycling,,,,Tumor,0.6939427918851296
CAATCGACACGACGCT-1_14474,p018_T,p018,,,1405,20.9526,14.8337,-0.0726,0.1065,Not cycling,,,,Tumor,0.6939427918851296
ACGTACAAGTAATTGG-1_1026,p018_N,p018,Macrophage,Alveolar_Macrophages1,1501,25.5905,12.1398,0.0216,-0.0116,Not cycling,0.8108,MES/Glycolysis,,Normal,0.6939427918851296
CCACGAGCATGGTGGA-1_29253,p023_T,p023,Malignant,Malignant,8424,-2.6157,-27.9868,1.0356,-0.2166,G1/S,0.9926,Interferon/MHC-II (I),,Tumor,0.6939427918851296
GTGGTTATCTGGGAGA-1_90401,p032_N,p032,Macrophage,CD14_Macrophages4,3967,7.8122,1.2261,0.1332,-0.0506,Not cycling,0.8692,Lipid-associated,,Normal,0.6939427918851296
ATGAGGGAGCTCAGAG-1_72296,p030_T,p030,B_cell,B_cells,1505,-35.2902,2.693,-0.1882,0.0329,Not cycling,0.5518,HSP/Stress,,Tumor,0.6939427918851296
GAAGAATGTAAGGCCA-1_17664,p018_T,p018,,,600,,,,,,,,,Tumor,0.6939427918851296
TAAGCACTCGTTATCT-1_46588,p027_N,p027,T_cell,T_conv1,1165,-16.1836,-0.2707,0.05,0.0628,Not cycling,0.8035,CD8 - Cytotoxic,,Normal,0.6939427918851296
ATTCAGGGTGCGAGTA-1_14125,p018_T,p018,Endothelial,Endothelial2,715,,,,,,,,,Tumor,0.6939427918851296
AGGAATACACAGTGTT-1_68984,p030_N,p030,Macrophage,Alveolar_Macrophages2,4545,8.8091,16.9379,-0.0571,-0.0425,Not cycling,0.919,Stress/HSP,,Normal,0.6939427918851296
GATGACTCAGGTTCAT-1_18330,p018_T,p018,Malignant,Malignant,1246,28.7577,-1.5765,0.2552,0.8968,G2/M,2.4075,Cell Cycle - G2/M,,Tumor,0.6939427918851296
TCAGTTTGTCTTGAGT-1_62531,p028_N,p028,NK_cell,NK_cells,1318,-19.588,19.2067,0.092,-0.0447,Not cycling,,,,Normal,0.6939427918851296
ACAGGGATCCAAGGGA-1_64122,p029_N,p029,T_cell,T_CD8_3,1510,-22.0859,7.7749,0.0362,0.0017,Not cycling,0.2435,CD4 - Cytotoxic,,Normal,0.6939427918851296
AGGGTGAGTTTCACAG-1_108139,p033_T,p033,Smooth_muscle,Smoothmuscle1,2343,8.1699,27.124,-0.1309,0.11,Not cycling,,,,Tumor,0.6939427918851296
TTCCTTCTCCCGATCT-1_57311,p027_T,p027,T_cell,T_CD8_2,1101,-26.2938,-20.4992,-0.1303,-0.0984,Not cycling,0.5595,CD8 - Cytotoxic,,Tumor,0.6939427918851296
TACACCCCAAGCAATA-1_38669,p024_T,p024,T_cell,T_conv1,848,,,,,,,,,Tumor,0.6939427918851296
TAAGCCATCTCTGCTG-1_26467,p019_T,p019,Malignant,Malignant,6401,19.5648,-34.0093,-0.139,-0.02,Not cycling,0.793,EpiSen,,Tumor,0.6939427918851296
GTCATTTAGTTCCAGT-1_54769,p027_T,p027,Plasma,Plasma,2474,-15.3662,-27.5895,-0.0522,0.1062,Not cycling,,,,Tumor,0.6939427918851296
ACGATCATCCGATCTC-1_12213,p018_T,p018,Malignant,Malignant,1071,29.3535,-0.7421,-0.0658,0.0022,Not cycling,1.254,Stress,Stress,Tumor,0.6939427918851296
AAGTCGTCAGAGTTGG-1_112093,p034_N,p034,Plasma,Plasmacytoid_Dendritic,2646,-14.3783,30.2067,0.0411,-0.0696,Not cycling,,,,Normal,0.6939427918851296
TACAGGTTCTAGCAAC-1_20877,p018_T,p018,Malignant,Malignant,991,,,,,,,,,Tumor,0.6939427918851296
AGGTTGTAGTTGGGAC-1_13283,p018_T,p018,Macrophage,CD14_Macrophages1,821,,,,,,,,,Tumor,0.6939427918851296
GCCGTGAGTCATAACC-1_79017,p031_N,p031,T_cell,T_conv1,975,,,,,,,,,Normal,0.6939427918851296
GTACAACGTCTCAGGC-1_38146,p024_T,p024,T_cell,T_conv1,758,,,,,,,,,Tumor,0.6939427918851296
GTTGAACCAGAATCGG-1_90496,p032_N,p032,Macrophage,CD14_Macrophages4,3794,7.5641,1.988,-0.0904,-0.0894,Not cycling,0.8402,Interferon,,Normal,0.6939427918851296
CAAGCTAGTAGTCTTG-1_42552,p027_N,p027,,,1148,9.6947,28.9662,-0.0096,0.1213,Not cycling,,,,Normal,0.6939427918851296
TTACTGTAGTGCGACA-1_91728,p032_N,p032,NK_cell,NK_cells,1034,-15.9617,15.6661,-0.0131,0.0078,Not cycling,,,,Normal,0.6939427918851296
ATACTTCGTTAAGAAC-1_13552,p018_T,p018,,,1066,27.8022,-0.0275,-0.0508,-0.0622,Not cycling,,,,Tumor,0.6939427918851296
AATGAAGAGGAATCGC-1_76220,p031_N,p031,T_cell,T_reg,1103,-19.4455,-7.0117,-0.1271,-0.1261,Not cycling,1.572,CD4 - Treg,CD4 - Treg,Normal,0.6939427918851296
CGTAATGAGGCCCAAA-1_4499,p018_N,p018,Macrophage,Alveolar_Macrophages1,1105,24.4302,16.8254,-0.0213,0.1218,Not cycling,0.8399,MES/Glycolysis,,Normal,0.6939427918851296
CTATCCGCAATCGCCG-1_104424,p033_N,p033,Macrophage,Alveolar_Macrophages3,743,,,,,,,,,Normal,0.6939427918851296
GATGATCGTCCTATAG-1_66370,p029_N,p029,Monocyte,Monocytes,1577,-8.0171,20.2597,-0.0816,-0.0618,Not cycling,,,,Normal,0.6939427918851296
TCGTCCAGTCTTGCTC-1_32893,p023_T,p023,Macrophage,CD14_Macrophages2,2625,-1.6233,12.9005,-0.0069,0.075,Not cycling,0.6266,MES/Glycolysis,,Tumor,0.6939427918851296
ATAGACCTCTACCACC-1_64692,p029_N,p029,T_cell,T_reg,2027,-24.196,3.2973,0.1981,0.1559,Not cycling,1.3056,CD4 - Dysfunction,,Normal,0.6939427918851296
GGGTGAAGTCATCTAG-1_70363,p030_N,p030,Macrophage,Alveolar_Macrophages2,5125,9.7245,17.2691,-0.0583,-0.1655,Not cycling,0.652,MES/Glycolysis,,Normal,0.6939427918851296
TTCTCTCCAGCCTTCT-1_10780,p018_N,p018,Macrophage,Alveolar_Macrophages1,612,,,,,,,,,Normal,0.6939427918851296
CATGCGGCACTGTTCC-1_113335,p034_N,p034,Macrophage,CD14_Macrophages3,5770,1.2635,-5.7075,-0.1718,-0.0445,Not cycling,1.312,Lipid-associated,Lipid-associated,Normal,0.6939427918851296
AGCGATTCACTTACAG-1_50122,p027_T,p027,T_cell,T_CD8_2,1127,-26.9562,-20.2913,-0.0488,0.0029,Not cycling,1.2185,CD4 - Stress/HSP,,Tumor,0.6939427918851296
GCCATTCTCGTAACCA-1_18740,p018_T,p018,Malignant,Malignant,834,,,,,,,,,Tumor,0.6939427918851296
TCCTTCTTCTCTGGTC-1_67737,p029_N,p029,NK_cell,NK_cells,1461,-18.4412,17.3511,0.1289,0.0139,Not cycling,,,,Normal,0.6939427918851296
TACGCTCAGAGCATCG-1_8312,p018_N,p018,Macrophage,Alveolar_Macrophages1,1472,22.0492,14.1634,0.0028,-0.0314,Not cycling,1.7259,MAC2,MAC2,Normal,0.6939427918851296
TCGCTTGAGGAATCGC-1_100528,p032_T,p032,Malignant,Malignant,549,,,,,,,,,Tumor,0.6939427918851296
GGGACAAAGTCGAAGC-1_6873,p018_N,p018,Macrophage,Alveolar_Macrophages1,1270,22.0245,15.2691,-0.0786,-0.1297,Not cycling,1.199,MAC2,MAC2,Normal,0.6939427918851296
GTCCCATGTATCATGC-1_119464,p034_T,p034,Smooth_muscle,Smoothmuscle2,1122,9.8383,27.2473,0.1363,0.0249,Not cycling,,,,Tumor,0.6939427918851296
GTGTGATAGGGTAATT-1_79685,p031_N,p031,T_cell,T_conv1,902,,,,,,,,,Normal,0.6939427918851296
TCGACGGCAGGTATGG-1_115681,p034_N,p034,T_cell,T_conv1,1643,-18.9582,-3.5775,0.1105,0.0774,Not cycling,0.8248,CD4 - Naive2,,Normal,0.6939427918851296
CTCAATTCATGCGGTC-1_29984,p023_T,p023,,,505,,,,,,,,,Tumor,0.6939427918851296
TCATCCGAGCTCATAC-1_90940,p032_N,p032,T_cell,T_CD8_3,1426,-16.1148,7.3533,0.0785,-0.0514,Not cycling,0.2301,CD8 - Cytotoxic,,Normal,0.6939427918851296
AGAACCTAGAGGGTCT-1_87383,p032_N,p032,Monocyte,Monocytes,2257,-4.1007,20.7926,-0.0883,-0.0174,Not cycling,,,,Normal,0.6939427918851296
GTGTCCTAGTCACTAC-1_31862,p023_T,p023,Macrophage,CD14_Macrophages2,2452,-2.9306,12.9781,0.1397,0.0348,Not cycling,1.3046,MAC1,,Tumor,0.6939427918851296
GATCAGTTCCAAGCCG-1_37470,p024_T,p024,T_cell,T_conv1,1048,-20.1125,-3.3429,0.0448,-0.0711,Not cycling,1.4692,CD8 - Memory/Naive1,CD8 - Memory/Naive1,Tumor,0.6939427918851296
GATGAGGCAGCGAGTA-1_105049,p033_N,p033,Macrophage,Alveolar_Macrophages2,5609,13.6246,-3.66,0.2243,0.0036,Not cycling,0.6677,MES/Glycolysis,,Normal,0.6939427918851296
TTGTGTTTCCGTATAG-1_86686,p031_T,p031,T_cell,T_reg,730,,,,,,,,,Tumor,0.6939427918851296
CGTAAGTTCCAACCGG-1_96012,p032_T,p032,Malignant,Malignant,683,,,,,,,,,Tumor,0.6939427918851296
CTTCTAAGTTTCGATG-1_66090,p029_N,p029,T_cell,T_CD8_3,1464,-21.7757,8.4281,-0.0728,0.0552,Not cycling,1.345,CD4 - Cytotoxic,CD4 - Cytotoxic,Normal,0.6939427918851296
ACGTAACGTACTAACC-1_41174,p027_N,p027,T_cell,T_CD8_3,2075,-20.4498,-1.709,0.0818,-0.1236,Not cycling,0.2096,CD4 - Naive1,,Normal,0.6939427918851296
CACATGATCATGCAGT-1_103612,p033_N,p033,Macrophage,Alveolar_Macrophages2,4657,12.4149,-1.9342,-0.0251,0.0071,Not cycling,0.631,Monocyte/Secreted,,Normal,0.6939427918851296
TCATTTGAGTAAGAGG-1_100232,p032_T,p032,Malignant,Malignant,1135,4.8676,-20.161,-0.066,-0.1004,Not cycling,0.9498,Alveolar,,Tumor,0.6939427918851296
TACGTCCCAGACGATG-1_90674,p032_N,p032,Macrophage,Alveolar_Macrophages2,3943,7.4503,1.4294,-0.1806,-0.0015,Not cycling,1.163,MAC2,MAC2,Normal,0.6939427918851296
TCATACTGTGCACAAG-1_21679,p018_T,p018,,,996,,,,,,,,,Tumor,0.6939427918851296
CGTGAATCACGACGTC-1_16512,p018_T,p018,Endothelial,Endothelial2,614,,,,,,,,,Tumor,0.6939427918851296
TCATGCCCATCGGCCA-1_75087,p030_T,p030,T_cell,T_CD8_1,541,,,,,,,,,Tumor,0.6939427918851296
TGCGACGAGCAACTTC-1_115944,p034_N,p034,Macrophage,CD14_Macrophages3,2667,-0.7298,-3.9686,-0.0723,0.0416,Not cycling,1.0443,Monocyte/Secreted,Monocyte/Secreted,Normal,0.6939427918851296
GTTTGGAAGGTTGGTG-1_74755,p030_T,p030,B_cell,B_cells,1388,-35.5363,2.9311,0.0129,-0.1355,Not cycling,0.5419,MHC-II,,Tumor,0.6939427918851296
TCACACCGTTAAGGAT-1_74998,p030_T,p030,B_cell,B_cells,1428,-35.3454,3.4646,-0.0769,0.1515,Not cycling,2.0259,Interferon,Interferon,Tumor,0.6939427918851296
ATCCACCAGCTCCCTT-1_35292,p024_T,p024,Malignant,Malignant,3973,4.5227,-34.5356,0.1265,-0.0239,Not cycling,0.6508,Stress,,Tumor,0.6939427918851296
TCCGTGTGTCACATTG-1_9170,p018_N,p018,,,596,,,,,,,,,Normal,0.6939427918851296
TGAGGAGTCACTCACC-1_120405,p034_T,p034,Myofibroblast,Myofibroblast2,4455,7.7198,27.3091,-0.1073,0.0386,Not cycling,,,,Tumor,0.6939427918851296
ACTCCCAAGACTGAGC-1_93011,p032_T,p032,Macrophage,Alveolar_Macrophages2,3193,7.0703,5.9983,-0.0338,0.0778,Not cycling,0.8885,MAC2,,Tumor,0.6939427918851296
CATACCCCATGTTACG-1_29038,p023_T,p023,T_cell,T_CD8_1,1283,-21.1986,-11.0799,-0.2818,0.1421,Not cycling,0.4407,CD4 - Stress/HSP,,Tumor,0.6939427918851296
GTGCTTCTCATGACAC-1_70524,p030_N,p030,NK_cell,NK_cells,2021,-22.0269,17.3432,-0.1125,0.1473,Not cycling,,,,Normal,0.6939427918851296
GGGAGATTCAAGAAAC-1_54348,p027_T,p027,T_cell,T_CD8_2,1188,-24.9231,-20.6885,-0.0024,0.0218,Not cycling,1.4014,CD8 - Naive3,,Tumor,0.6939427918851296
CACAGGCAGGCTGAAC-1_2990,p018_N,p018,Dendritic,Myeloid_Dendritic,806,,,,,,,,,Normal,0.6939427918851296
AAAGGATGTTACGGAG-1_34105,p024_T,p024,Macrophage,Alveolar_Macrophages2,3781,5.9436,6.2974,0.011,0.0207,Not cycling,1.6,Monocyte/Secreted,Monocyte/Secreted,Tumor,0.6939427918851296
CCGGGTAGTGGCCACT-1_108993,p033_T,p033,T_cell,T_conv1,1448,-15.9904,-5.2504,0.2512,0.0035,Not cycling,0.9976,CD4 - Naive1,,Tumor,0.6939427918851296
ACGTTCCAGTACTGGG-1_92967,p032_T,p032,T_cell,T_conv2,824,,,,,,,,,Tumor,0.6939427918851296
AATTTCCAGGTAGCAC-1_40870,p027_N,p027,Epithelial,AT2,3614,23.3543,-9.8636,0.1268,-0.0179,Not cycling,1.8373,Alveolar,Alveolar,Normal,0.6939427918851296
TCGCTTGTCACCTTAT-1_39346,p024_T,p024,Malignant,Malignant,2386,4.9181,-32.3797,-0.0512,0.195,Not cycling,0.5756,PDAC-related,,Tumor,0.6939427918851296
CTACGGGAGGCCTGAA-1_118372,p034_T,p034,T_cell,T_reg,1024,-15.0775,-10.0437,-0.0181,-0.0196,Not cycling,2.3874,CD8 - Memory/Naive1,CD8 - Memory/Naive1,Tumor,0.6939427918851296
CAGATCATCAGCCTCT-1_69365,p030_N,p030,NK_cell,NK_cells,1873,-21.5816,17.7663,-0.018,0.0126,Not cycling,,,,Normal,0.6939427918851296
GTTGTGAGTGGTTTGT-1_105970,p033_N,p033,Macrophage,Alveolar_Macrophages2,2718,11.8659,-3.0047,0.109,0.0638,Not cycling,0.8123,MES/Glycolysis,,Normal,0.6939427918851296
CAAGACTGTTACACAC-1_2874,p018_N,p018,Macrophage,Alveolar_Macrophages1,1124,18.6727,16.0865,-0.0368,0.0864,Not cycling,0.5196,MES/Glycolysis,,Normal,0.6939427918851296
AGACTCAAGTCGTTAC-1_12729,p018_T,p018,Macrophage,Alveolar_Macrophages1,946,,,,,,,,,Tumor,0.6939427918851296
TCATGCCAGAAGAACG-1_90947,p032_N,p032,T_cell,T_conv1,1017,-19.8469,-1.0015,-0.1958,-0.0574,Not cycling,1.6708,CD8 - Memory/Naive1,CD8 - Memory/Naive1,Normal,0.6939427918851296
GCGGAAACAAACTCGT-1_114571,p034_N,p034,Macrophage,CD14_Macrophages3,4977,0.4892,-6.0436,-0.2429,-0.185,Not cycling,1.2599,Lipid-associated,Lipid-associated,Normal,0.6939427918851296
TTGGGTACATCATTTC-1_33929,p023_T,p023,B_cell,B_cells,1386,-34.3187,-2.0196,-0.0122,-0.1481,Not cycling,,,,Tumor,0.6939427918851296
TTGACCCGTTATCTTC-1_120825,p034_T,p034,T_cell,T_CD8_1,1918,-11.1677,-12.2387,0.0446,0.1168,Not cycling,1.3926,CD8 - Heat shock,CD8 - Heat shock,Tumor,0.6939427918851296
CGCATAAGTGAGACGT-1_4339,p018_N,p018,,,547,,,,,,,,,Normal,0.6939427918851296
TAACGACGTCAACCTA-1_55248,p027_T,p027,Plasma,Plasma,1871,-16.1997,-28.9114,-0.0442,-0.0949,Not cycling,,,,Tumor,0.6939427918851296
AGTTCGAGTTTAGAGA-1_41953,p027_N,p027,T_cell,T_conv1,1111,-21.3508,-2.3606,0.0089,-0.1193,Not cycling,1.0354,CD8 - Memory/Naive1,CD8 - Memory/Naive1,Normal,0.6939427918851296
GGAGGATCAAACACCT-1_79179,p031_N,p031,Smooth_muscle,Smoothmuscle2,1604,10.7142,27.015,0.0461,-0.0351,Not cycling,,,,Normal,0.6939427918851296
CTTTCGGTCTGGTGCG-1_53222,p027_T,p027,T_cell,T_CD8_2,1274,-25.3264,-20.5559,-0.0748,-0.0506,Not cycling,0.3525,CD4 - Dysfunction,,Tumor,0.6939427918851296
GCAACCGAGTTGCCTA-1_6187,p018_N,p018,,,511,,,,,,,,,Normal,0.6939427918851296
CTGGTCTCAGGACTAG-1_37018,p024_T,p024,T_cell,T_conv1,714,,,,,,,,,Tumor,0.6939427918851296
TTCTGTACATTCACCC-1_33806,p023_T,p023,Macrophage,Alveolar_Macrophages2,4541,2.4981,11.9543,-0.0691,-0.0731,Not cycling,2.0097,MAC2,,Tumor,0.6939427918851296
AGACACTTCTCTCGCA-1_107976,p033_T,p033,T_cell,T_CD8_1,1689,-12.5341,-5.9292,-0.0601,0.0084,Not cycling,1.0955,CD8 - Cytotoxic,CD8 - Cytotoxic,Tumor,0.6939427918851296
GTCCACTCAACAGCCC-1_74524,p030_T,p030,T_cell,T_reg,2216,-16.8892,-10.8604,-0.4102,-0.1872,Not cycling,1.2625,CD4 - Treg,CD4 - Treg,Tumor,0.6939427918851296
GCTGCAGTCCTACCAC-1_119111,p034_T,p034,Macrophage,CD14_Macrophages2,3646,-6.7456,9.3307,-0.1797,0.1262,Not cycling,0.8105,Lipid-associated,,Tumor,0.6939427918851296
TAGACCACATCTTAGG-1_99679,p032_T,p032,Malignant,Malignant,2563,6.7341,-20.6444,0.1575,-0.051,Not cycling,1.3911,Interferon/MHC-II (I),,Tumor,0.6939427918851296
CCGGTAGGTACTCCCT-1_43363,p027_N,p027,T_cell,T_CD8_3,1630,-21.253,11.8212,0.0337,-0.1183,Not cycling,0.5456,CD4 - Cytotoxic,,Normal,0.6939427918851296
CAGCCAGGTATCTCGA-1_42827,p027_N,p027,T_cell,T_conv1,1249,-18.5693,-1.0594,-0.263,-0.0008,Not cycling,0.5087,CD4 - Stress/HSP,,Normal,0.6939427918851296
CCGATGGCATGGGAAC-1_36273,p024_T,p024,Macrophage,Alveolar_Macrophages2,3899,7.9586,5.8944,-0.1199,-0.0352,Not cycling,1.2061,Lipid-associated,Lipid-associated,Tumor,0.6939427918851296
GCCATGGGTGGACAGT-1_119040,p034_T,p034,Macrophage,CD14_Macrophages2,6480,-5.3517,8.9927,2.2561,0.7213,G1/S,1.2773,Cell Cycle,Cell Cycle,Tumor,0.6939427918851296
GAGTTACCACTGTGAT-1_73843,p030_T,p030,B_cell,B_cells,1699,-35.4368,2.8223,-0.0528,-0.0969,Not cycling,1.0468,MHC-II,MHC-II,Tumor,0.6939427918851296
GCGAGAATCTGTTCAT-1_79034,p031_N,p031,T_cell,T_conv1,1075,-18.4682,-1.5702,-0.0159,0.0139,Not cycling,0.5737,CD8 - Memory/Naive1,,Normal,0.6939427918851296
GGGCTCACAACGGGTA-1_37982,p024_T,p024,NK_cell,NK_cells,787,,,,,,,,,Tumor,0.6939427918851296
TAAGCGTGTAAGATAC-1_32068,p023_T,p023,T_cell,T_CD8_Proliferating,2065,-13.8443,-27.2823,0.3361,0.895,G2/M,1.6495,CD4 - Glycolysis/MYC,,Tumor,0.6939427918851296
GTGTTAGGTGGTTTAC-1_7877,p018_N,p018,Macrophage,Alveolar_Macrophages1,672,,,,,,,,,Normal,0.6939427918851296
TTTGGTTCACAACGAG-1_75971,p030_T,p030,B_cell,B_cells,1653,-35.0193,2.6623,0.1612,0.0068,Not cycling,0.9126,MHC-II,,Tumor,0.6939427918851296
AAGAACAAGAGTGTGC-1_25544,p019_T,p019,Malignant,Malignant,2731,19.2095,-33.7524,-0.0152,0.0501,Not cycling,0.9099,Respiration,,Tumor,0.6939427918851296
CTCCACAGTAAGTTAG-1_30046,p023_T,p023,,,544,,,,,,,,,Tumor,0.6939427918851296
AAGATAGTCGGCTGGT-1_11589,p018_T,p018,,,890,,,,,,,,,Tumor,0.6939427918851296
ACCGTTCCAATGAGCG-1_34549,p024_T,p024,Malignant,Malignant,1281,6.0018,-31.5022,-0.0554,-0.1012,Not cycling,1.8383,MP41 (Unassigned),,Tumor,0.6939427918851296
TCGGATAAGGACAACC-1_22230,p018_T,p018,Macrophage,CD14_Macrophages1,983,,,,,,,,,Tumor,0.6939427918851296
GTAACACGTAACGCGA-1_19738,p018_T,p018,Malignant,Malignant,1283,29.1682,-0.0268,-0.0624,-0.0893,Not cycling,0.8665,EMT III,,Tumor,0.6939427918851296
TGAATGCCATCACCAA-1_56450,p027_T,p027,T_cell,T_CD8_2,2314,-22.5629,-19.2168,1.091,0.1028,G1/S,0.7542,CD8 - Cell Cycle,,Tumor,0.6939427918851296
TGCAGGCTCGGTAAGG-1_68011,p029_N,p029,B_cell,B_cells,1327,-34.4275,-3.9754,-0.1343,0.1204,Not cycling,1.3427,HSP/Stress,HSP/Stress,Normal,0.6939427918851296
TCCAGAAGTTCTCTAT-1_75133,p030_T,p030,T_cell,T_reg,1128,-15.9295,-10.5521,-0.0528,-0.0905,Not cycling,0.8144,CD8 - Chromatin,,Tumor,0.6939427918851296
GCTGAATGTGTCTTAG-1_84428,p031_T,p031,Malignant,Malignant,3033,17.894,-27.2894,0.0222,0.0123,Not cycling,0.5465,Protein maturation,,Tumor,0.6939427918851296
CACGTGGCACGCGCAT-1_42685,p027_N,p027,Epithelial,Ciliated,5318,26.2227,-16.6478,-0.0506,-0.1071,Not cycling,4.091,Cilia,Cilia,Normal,0.6939427918851296
TGAGCATAGCAATAAC-1_22668,p018_T,p018,Macrophage,Alveolar_Macrophages1,1966,18.7069,15.6633,-0.0451,0.1043,Not cycling,0.5157,MAC2,,Tumor,0.6939427918851296
CCGATGGGTGCGGCTT-1_65468,p029_N,p029,T_cell,T_CD8_3,866,,,,,,,,,Normal,0.6939427918851296
ATCGCCTAGAGCAGAA-1_42119,p027_N,p027,Macrophage,Macrophages_Proliferating,5636,12.941,7.405,2.5675,1.7448,Intermediate,3.2148,Cell Cycle,Cell Cycle,Normal,0.6939427918851296
AGTAGCTAGCATCCTA-1_50442,p027_T,p027,B_cell,B_cells,987,,,,,,,,,Tumor,0.6939427918851296
CTTCTCTCAGGTAGTG-1_44467,p027_N,p027,T_cell,T_conv1,1044,-18.5613,-1.698,-0.0018,-0.1507,Not cycling,0.1059,CD4 - Cell Cycle,,Normal,0.6939427918851296
AGGGAGTGTATCCCTC-1_76767,p031_N,p031,T_cell,T_conv1,1070,-20.5881,-2.0513,-0.1059,0.0722,Not cycling,1.3164,CD4 - Naive1,CD4 - Naive1,Normal,0.6939427918851296
TCTTCCTCACATGGTT-1_22521,p018_T,p018,Malignant,Malignant,1088,28.9503,-1.5917,0.0565,0.0296,Not cycling,0.4031,Proteasomal degradation,,Tumor,0.6939427918851296
TGACCCTGTGGCTTAT-1_67923,p029_N,p029,T_cell,T_CD8_3,1507,-22.0259,7.3586,0.1731,0.0412,Not cycling,0.4351,CD8 - Heat shock,,Normal,0.6939427918851296
CATTGCCTCCCGATCT-1_95232,p032_T,p032,,,2366,5.229,-19.8249,-0.0003,0.0372,Not cycling,,,,Tumor,0.6939427918851296
CCTATCGAGAACAGGA-1_36355,p024_T,p024,T_cell,T_conv1,748,,,,,,,,,Tumor,0.6939427918851296
TGCACGGTCATCCCGT-1_80645,p031_N,p031,T_cell,T_conv1,1249,-17.6731,1.1112,-0.271,-0.1692,Not cycling,1.0217,CD8 - Unassigned2,CD8 - Unassigned2,Normal,0.6939427918851296
AGAAGTACATAGACTC-1_93203,p032_T,p032,Malignant,Malignant,812,,,,,,,,,Tumor,0.6939427918851296
TAACACGCATGACGTT-1_20714,p018_T,p018,Macrophage,CD14_Macrophages1,1589,19.1636,6.7762,0.2007,0.064,Not cycling,1.0217,Stress/HSP,Stress/HSP,Tumor,0.6939427918851296
TCATACTAGGTCACAG-1_115531,p034_N,p034,Macrophage,CD14_Macrophages3,3110,-0.22,-3.1517,0.1002,-0.0608,Not cycling,1.0062,Monocyte/Secreted,Monocyte/Secreted,Normal,0.6939427918851296
AGGCATTCAATAGAGT-1_72019,p030_T,p030,T_cell,T_reg,1677,-16.2295,-9.0288,0.1602,-0.0314,Not cycling,0.9814,CD4 - Naive2,,Tumor,0.6939427918851296
GATTCTTAGCCGTTAT-1_61075,p028_N,p028,Endothelial,Lymphaticendothelial,3720,-2.74,-12.6103,0.0649,-0.0445,Not cycling,3.2926,Endo2,Endo2,Normal,0.6939427918851296
TCCTAATCAGCACGAA-1_22005,p018_T,p018,Macrophage,CD14_Macrophages1,1544,19.9817,9.4571,0.0277,-0.0345,Not cycling,0.8353,Lipid-associated,,Tumor,0.6939427918851296
AGGCTGCAGGTACAGC-1_13109,p018_T,p018,Macrophage,CD14_Macrophages1,1465,18.5564,7.9978,0.1009,0.0178,Not cycling,0.8791,Lipid-associated,,Tumor,0.6939427918851296
GGAGATGGTTGCCATA-1_54217,p027_T,p027,T_cell,T_reg,1353,-27.9553,-14.2768,-0.0139,-0.0758,Not cycling,2.1496,CD4 - Treg,CD4 - Treg,Tumor,0.6939427918851296
AAAGTCCTCGTGGGTC-1_57745,p028_N,p028,Epithelial,AT1,2637,27.1798,-21.4805,-0.1133,0.083,Not cycling,3.7137,Epi1,Epi1,Normal,0.6939427918851296
CTCCTTTAGCACTCAT-1_78320,p031_N,p031,T_cell,T_conv1,963,,,,,,,,,Normal,0.6939427918851296
CTCCTCCTCCACACAA-1_36916,p024_T,p024,Malignant,Malignant,1146,9.3572,-28.2205,-0.0964,-0.0009,Not cycling,1.234,Chromatin,,Tumor,0.6939427918851296
TAAGCCAGTGAGGATC-1_99423,p032_T,p032,,,1474,7.8803,-18.6509,0.0446,0.0095,Not cycling,,,,Tumor,0.6939427918851296
TCATTACGTCCACACG-1_120075,p034_T,p034,Macrophage,CD14_Macrophages2,3168,-5.203,10.3555,-0.1482,-0.077,Not cycling,1.177,Lipid-associated,Lipid-associated,Tumor,0.6939427918851296
TATCCTAGTACGTAGG-1_8580,p018_N,p018,Macrophage,Alveolar_Macrophages1,1353,21.2875,16.6536,0.0302,0.1428,Not cycling,0.7984,MES/Glycolysis,,Normal,0.6939427918851296
GTTGTAGAGCGTACAG-1_55186,p027_T,p027,T_cell,T_CD8_2,778,,,,,,,,,Tumor,0.6939427918851296
GATCCCTGTGAGACGT-1_6063,p018_N,p018,Macrophage,Alveolar_Macrophages1,1597,23.3737,13.7503,-0.0888,0.0533,Not cycling,0.9708,MAC2,,Normal,0.6939427918851296
TCTGGCTAGGATGAGA-1_9559,p018_N,p018,Mast,Mast,1108,22.702,12.0447,-0.1249,-0.0403,Not cycling,,,,Normal,0.6939427918851296
GGGTAGAAGATGTTGA-1_61503,p028_N,p028,Epithelial,AT1,2829,27.2459,-21.3815,-0.0974,0.0383,Not cycling,3.6664,Epi1,Epi1,Normal,0.6939427918851296
GTAGAAATCTCGTTTA-1_74435,p030_T,p030,T_cell,T_reg,1706,-17.5918,-9.4219,0.0409,-0.0976,Not cycling,2.7057,CD4 - Treg,CD4 - Treg,Tumor,0.6939427918851296
AATCACGTCTAGAACC-1_506,p018_N,p018,Macrophage,Alveolar_Macrophages1,1607,23.7508,14.488,-0.0099,0.0469,Not cycling,0.584,MES/Glycolysis,,Normal,0.6939427918851296
TTTCCTCCAATAGTCC-1_57626,p027_T,p027,T_cell,T_CD8_2,1131,-26.7442,-20.794,-0.1937,0.0392,Not cycling,1.1718,CD4 - Naive1,CD4 - Naive1,Tumor,0.6939427918851296
CACGTTCCATCAGCAT-1_59350,p028_N,p028,Monocyte,Monocytes,2884,-1.0136,6.9338,0.0335,0.1167,Not cycling,,,,Normal,0.6939427918851296
AACAAAGGTATGAGAT-1_24437,p019_N,p019,Macrophage,Alveolar_Macrophages2,4018,9.0298,14.2905,0.5545,0.1229,Not cycling,0.7601,Monocyte/Secreted,,Normal,0.6939427918851296
TTCTGTACACGAGAAC-1_48659,p027_N,p027,Dendritic,Myeloid_Dendritic,2491,-3.3049,5.0666,0.1662,-0.045,Not cycling,,,,Normal,0.6939427918851296
CCCTTAGGTTCGGCGT-1_43298,p027_N,p027,T_cell,T_conv1,943,,,,,,,,,Normal,0.6939427918851296
TCTATACTCTAGACAC-1_106650,p033_N,p033,Macrophage,CD14_Macrophages5,3550,14.9993,-8.4513,-0.0637,-0.0242,Not cycling,0.8266,Lipid-associated,,Normal,0.6939427918851296
CATGGATGTCAAACGG-1_117886,p034_T,p034,T_cell,T_CD8_1,592,,,,,,,,,Tumor,0.6939427918851296
TCCTTTCTCTGCGAGC-1_22101,p018_T,p018,Dendritic,Myeloid_Dendritic,1046,18.5714,5.6016,-0.0148,-0.0003,Not cycling,,,,Tumor,0.6939427918851296
ACTTATCTCCCAATAG-1_1200,p018_N,p018,Macrophage,Alveolar_Macrophages1,1542,24.53,16.0121,-0.0543,-0.0265,Not cycling,0.7345,Lipid-associated,,Normal,0.6939427918851296
GGTAACTCAGTTAGAA-1_31384,p023_T,p023,Macrophage,CD14_Macrophages2,4703,0.4066,11.9892,-0.0513,-0.0383,Not cycling,1.3729,Stress/HSP,Stress/HSP,Tumor,0.6939427918851296
AACCTTTGTAGCTTAC-1_11465,p018_T,p018,Malignant,Malignant,539,,,,,,,,,Tumor,0.6939427918851296
CATAGACAGAGCAGCT-1_29050,p023_T,p023,T_cell,T_conv1,1052,-21.5587,-4.8558,-0.2047,-0.1459,Not cycling,1.6227,CD8 - Memory/Naive1,CD8 - Memory/Naive1,Tumor,0.6939427918851296
GGGCGTTTCATGAGTC-1_79276,p031_N,p031,T_cell,T_conv1,788,,,,,,,,,Normal,0.6939427918851296
CGGAACCGTCAAGCGA-1_83356,p031_T,p031,Macrophage,CD14_Macrophages1,689,,,,,,,,,Tumor,0.6939427918851296
ACACGCGCAGCACAGA-1_116782,p034_T,p034,Myofibroblast,Myofibroblast2,4068,7.8074,27.4686,-0.0525,0.0335,Not cycling,,,,Tumor,0.6939427918851296
CATTCTATCTAGGCAT-1_77639,p031_N,p031,T_cell,T_conv1,1221,-22.0502,-1.0773,-0.0668,-0.0933,Not cycling,1.0229,CD4 - Naive2,,Normal,0.6939427918851296
GAAGGACGTGCCGTTG-1_96927,p032_T,p032,T_cell,T_conv2,882,,,,,,,,,Tumor,0.6939427918851296
GCTGCAGGTAGGTGCA-1_45393,p027_N,p027,Macrophage,CD14_Macrophages2,3560,3.8263,10.1616,-0.1018,0.1005,Not cycling,1.9808,Monocyte/Secreted,Monocyte/Secreted,Normal,0.6939427918851296
TACGGGCGTCGGTGAA-1_74847,p030_T,p030,B_cell,B_cells,766,,,,,,,,,Tumor,0.6939427918851296
CTTCTAATCTTCGGTC-1_37121,p024_T,p024,Plasma,Plasma,1188,-12.3141,-27.6006,-0.0572,-0.0008,Not cycling,,,,Tumor,0.6939427918851296
TATCAGGAGGTTCTTG-1_119904,p034_T,p034,Macrophage,CD14_Macrophages2,2587,-4.9515,10.6706,0.0629,-0.0566,Not cycling,2.3338,MES/Glycolysis,MES/Glycolysis,Tumor,0.6939427918851296
TGTGGCGGTCCACATA-1_120645,p034_T,p034,T_cell,T_reg,573,,,,,,,,,Tumor,0.6939427918851296
AGCATCATCGATAACC-1_50085,p027_T,p027,T_cell,T_CD8_2,1104,-26.4399,-21.0974,0.0574,0.1239,Not cycling,0.8451,CD8 - Cytotoxic,,Tumor,0.6939427918851296
TTAGGGTCAACTACGT-1_23630,p018_T,p018,Macrophage,CD14_Macrophages1,1052,19.3269,7.698,0.0555,0.0359,Not cycling,0.9613,Lipid-associated,,Tumor,0.6939427918851296
CCATCACAGGGTATAT-1_77731,p031_N,p031,Mast,Mast,1628,2.3097,33.3173,0.0159,-0.0659,Not cycling,,,,Normal,0.6939427918851296
CACGTGGAGGTTTGAA-1_28844,p023_T,p023,,,965,,,,,,,,,Tumor,0.6939427918851296
AAAGTCCTCTCTATAC-1_76027,p031_N,p031,Macrophage,Alveolar_Macrophages1,539,,,,,,,,,Normal,0.6939427918851296
ATCGTGAGTATTTCCT-1_2376,p018_N,p018,Macrophage,Alveolar_Macrophages1,1300,23.9712,18.9701,0.1831,0.0867,Not cycling,0.7112,MES/Glycolysis,,Normal,0.6939427918851296
CATACAGGTCTCGGAC-1_51552,p027_T,p027,B_cell,B_cells,1245,-36.9918,-2.5434,-0.049,-0.0222,Not cycling,1.7143,MHC-II,MHC-II,Tumor,0.6939427918851296
TGCTGAACAATGCAGG-1_106893,p033_N,p033,Macrophage,Alveolar_Macrophages2,5079,11.9469,-3.6016,0.0103,-0.0899,Not cycling,0.9571,MES/Glycolysis,,Normal,0.6939427918851296
TCCCACAAGGCCTTGC-1_21900,p018_T,p018,Malignant,Malignant,2216,30.6676,0.7371,0.0184,-0.0019,Not cycling,1.5811,Cilia,,Tumor,0.6939427918851296
TTCTTGATCGCACGGT-1_10826,p018_N,p018,Macrophage,Alveolar_Macrophages1,1275,23.892,17.9648,-0.0504,0.0208,Not cycling,1.4267,Lipid-associated,Lipid-associated,Normal,0.6939427918851296
TCCACCAAGTACAGAT-1_55937,p027_T,p027,Macrophage,CD14_Macrophages2,2136,-5.8326,1.4228,0.2989,-0.0068,Not cycling,0.2989,Cell Cycle,,Tumor,0.6939427918851296
AGGGTGACACGCCACA-1_50336,p027_T,p027,B_cell,B_cells,993,,,,,,,,,Tumor,0.6939427918851296
GGTAACTGTTGGGTAG-1_7106,p018_N,p018,Macrophage,Alveolar_Macrophages1,1222,22.4401,15.4279,0.0337,0.031,Not cycling,1.0241,Lipid-associated,Lipid-associated,Normal,0.6939427918851296
TCCTCGACAGATGCGA-1_70900,p030_N,p030,NK_cell,NK_cells,1795,-21.6713,17.423,-0.1023,-0.0173,Not cycling,,,,Normal,0.6939427918851296
CCTGTTGCAGCAGTGA-1_88664,p032_N,p032,T_cell,T_CD8_3,1191,-16.5384,6.6817,-0.0336,0.2037,Not cycling,0.8361,CD4 - Cytotoxic,,Normal,0.6939427918851296
GAGGGTAAGCTTGTGT-1_104967,p033_N,p033,,,1252,26.7462,-15.1945,-0.056,-0.0859,Not cycling,,,,Normal,0.6939427918851296
TCGGATAAGTTGCTGT-1_22231,p018_T,p018,Macrophage,Alveolar_Macrophages1,1158,24.3085,10.0022,0.2667,0.0631,Not cycling,0.8738,MES/Glycolysis,,Tumor,0.6939427918851296
AATCGACTCGTTGTGA-1_71579,p030_T,p030,B_cell,B_cells,1498,-35.6333,2.9308,-0.147,-0.0586,Not cycling,0.8556,MHC-II,,Tumor,0.6939427918851296
ACAAAGATCCATGAGT-1_76265,p031_N,p031,T_cell,T_conv1,1079,-17.4117,0.9903,-0.0232,-0.1166,Not cycling,1.6586,CD8 - Unassigned2,CD8 - Unassigned2,Normal,0.6939427918851296
GTCGTAACAATTGGTC-1_25160,p019_N,p019,Macrophage,CD14_Macrophages5,3119,1.6152,7.9824,-0.0818,-0.0885,Not cycling,2.3119,Lipid-associated,Lipid-associated,Normal,0.6939427918851296
CCTCTAGCACGGGTAA-1_65555,p029_N,p029,T_cell,T_conv1,1328,-22.7384,4.6978,-0.1262,0.0404,Not cycling,0.5908,CD4 - Stress/HSP,,Normal,0.6939427918851296
GTCTACCCAGACCTGC-1_54833,p027_T,p027,Plasma,Plasma,1935,-16.1409,-29.2563,-0.005,0.0965,Not cycling,,,,Tumor,0.6939427918851296
ATCACGATCAGCTTGA-1_108316,p033_T,p033,Malignant,Malignant,4648,11.3792,-11.9469,-0.1391,-0.1089,Not cycling,1.2654,PDAC classical,PDAC classical,Tumor,0.6939427918851296
TGATGGTGTATCACCA-1_56596,p027_T,p027,T_cell,T_CD8_2,1026,-26.986,-20.2369,-0.0061,0.1256,Not cycling,0.9715,CD8 - Cytotoxic,,Tumor,0.6939427918851296
GTACAGTAGGCGAAGG-1_61648,p028_N,p028,Endothelial,Endothelial5,1478,-1.3529,-15.6408,-0.0281,-0.0763,Not cycling,1.2133,HEV1,HEV1,Normal,0.6939427918851296
CCTGCATTCAACCTCC-1_65570,p029_N,p029,,,1375,6.8316,-5.2385,-0.0889,-0.0413,Not cycling,,,,Normal,0.6939427918851296
CGATCGGAGACATCCT-1_43631,p027_N,p027,Macrophage,Alveolar_Macrophages2,5606,7.3412,16.4451,0.0301,-0.0571,Not cycling,0.9953,MAC2,,Normal,0.6939427918851296
GGAATCTTCAGTCCGG-1_84473,p031_T,p031,Malignant,Malignant,2537,15.1282,-26.1149,0.0225,0.0271,Not cycling,2.9807,Stress,Stress,Tumor,0.6939427918851296
CGCCAGATCGCTTAAG-1_16265,p018_T,p018,Dendritic,Myeloid_Dendritic,690,,,,,,,,,Tumor,0.6939427918851296
GGGAAGTAGGGAGGGT-1_74240,p030_T,p030,T_cell,T_reg,1307,-15.321,-9.4515,0.0558,-0.1638,Not cycling,1.7273,CD4 - Naive2,,Tumor,0.6939427918851296
GGGACAAAGCCTGAAG-1_37914,p024_T,p024,T_cell,T_reg,1332,-20.3215,-3.7556,-0.0449,-0.0625,Not cycling,1.677,CD8 - Naive2,,Tumor,0.6939427918851296
GAGACCCGTCTCTCAC-1_44762,p027_N,p027,Endothelial,Endothelial6,1577,-0.3343,-15.6681,-0.094,0.0116,Not cycling,2.182,Endo6,Endo6,Normal,0.6939427918851296
GCCAGCACAGTTAAAG-1_6356,p018_N,p018,Macrophage,Alveolar_Macrophages1,1459,24.7318,10.5836,-0.0438,-0.0219,Not cycling,0.7308,MES/Glycolysis,,Normal,0.6939427918851296
TTTACTGCAGTTGAAA-1_11044,p018_N,p018,Macrophage,Alveolar_Macrophages1,849,,,,,,,,,Normal,0.6939427918851296
TCCACCATCATGCCGG-1_9060,p018_N,p018,Macrophage,Alveolar_Macrophages1,1137,19.9458,6.3478,-0.0225,0.0414,Not cycling,1.7603,Monocyte/Secreted,Monocyte/Secreted,Normal,0.6939427918851296
TCGTAGAAGGTGATAT-1_100600,p032_T,p032,T_cell,T_conv2,696,,,,,,,,,Tumor,0.6939427918851296
ATGGATCCAGTCTGGC-1_72333,p030_T,p030,T_cell,T_reg,1312,-15.7038,-9.5727,0.0099,0.0565,Not cycling,1.1043,CD4 - Naive2,,Tumor,0.6939427918851296
GTGCAGCGTTACCTTT-1_54939,p027_T,p027,Macrophage,CD14_Macrophages2,2040,-5.6531,1.6104,0.1009,-0.0089,Not cycling,1.5002,Lipid-associated,Lipid-associated,Tumor,0.6939427918851296
CCCAACTAGTGAATAC-1_36199,p024_T,p024,,,507,,,,,,,,,Tumor,0.6939427918851296
TTGGGCGGTTGACGGA-1_24140,p018_T,p018,Epithelial,Ciliated,1625,28.2061,-12.6652,0.2669,0.1625,Not cycling,1.008,Cell Cycle,,Tumor,0.6939427918851296
ATTCAGGAGGACGCAT-1_64924,p029_N,p029,T_cell,T_conv1,1296,-23.8496,-0.0711,-0.1147,-0.1399,Not cycling,0.4117,CD8 - Glycolysis/MYC,,Normal,0.6939427918851296
GATTGGTCATCCTCAC-1_18438,p018_T,p018,Endothelial,Endothelial2,1490,-1.9954,-14.4814,0.0771,-0.0807,Not cycling,,,,Tumor,0.6939427918851296
TAATCTCCAGAGATGC-1_106021,p033_N,p033,Macrophage,Alveolar_Macrophages3,642,,,,,,,,,Normal,0.6939427918851296
AATGCCATCGAGAAAT-1_81554,p031_T,p031,Macrophage,CD14_Macrophages1,2207,5.2757,8.6553,-0.0845,0.0593,Not cycling,1.4549,Lipid-associated,Lipid-associated,Tumor,0.6939427918851296
TTACGCCCACATACGT-1_48422,p027_N,p027,T_cell,T_conv1,1631,-20.3357,-2.3494,0.0345,-0.0515,Not cycling,0.7783,CD8 - Naive3,,Normal,0.6939427918851296
GATAGCTTCCCAATAG-1_97377,p032_T,p032,Malignant,Malignant,1501,7.3195,-17.6914,0.1152,-0.1136,Not cycling,1.5014,Stress,Stress,Tumor,0.6939427918851296
GCACATACAGAATGTA-1_30849,p023_T,p023,Macrophage,CD14_Macrophages2,2220,-1.1127,11.8922,0.252,0.1625,Not cycling,0.7143,Lipid-associated,,Tumor,0.6939427918851296
TAGGTTGTCACAATGC-1_62316,p028_N,p028,T_cell,T_conv1,1162,-21.5843,3.7155,-0.0379,-0.0738,Not cycling,0.6284,CD4 - Stress/HSP,,Normal,0.6939427918851296
ATTTCACCATCGAACT-1_77250,p031_N,p031,T_cell,T_reg,921,,,,,,,,,Normal,0.6939427918851296
TTAATCCGTTAAGGGC-1_39988,p024_T,p024,Malignant,Malignant,2868,4.8708,-33.2428,0.0041,0.0789,Not cycling,0.6519,MYC,,Tumor,0.6939427918851296
ATGCCTCAGCTGACAG-1_87904,p032_N,p032,NK_cell,NK_cells,1453,-17.0423,14.9948,-0.1442,0.1037,Not cycling,,,,Normal,0.6939427918851296
GAATAGATCGGCAGTC-1_60744,p028_N,p028,NK_cell,NK_cells,1254,-20.4484,17.8351,0.0781,0.0663,Not cycling,,,,Normal,0.6939427918851296
TCTAACTTCTGATTCT-1_100639,p032_T,p032,Malignant,Malignant,1555,4.2658,-19.7156,-0.144,0.0057,Not cycling,1.1436,Interferon/MHC-II (I),,Tumor,0.6939427918851296
CTTGATTAGAAGAACG-1_17521,p018_T,p018,,,1314,18.1693,8.2726,-0.103,-0.1132,Not cycling,,,,Tumor,0.6939427918851296
CTTTCAAAGGAAGTGA-1_109572,p033_T,p033,B_cell,B_cells,1337,-33.7733,-2.0816,0.0177,0.0534,Not cycling,1.0898,HSP/Stress,HSP/Stress,Tumor,0.6939427918851296
ACTTCCGCACAGTATC-1_34725,p024_T,p024,T_cell,T_conv1,974,,,,,,,,,Tumor,0.6939427918851296
GACGCTGGTTCTCCAC-1_83966,p031_T,p031,Malignant,Malignant,4258,18.7849,-26.393,0.0548,-0.1151,Not cycling,1.5361,Hypoxia,Hypoxia,Tumor,0.6939427918851296
TGTACAGAGCTGTGCC-1_101366,p032_T,p032,T_cell,T_conv2,736,,,,,,,,,Tumor,0.6939427918851296
TTGACCCAGGGAGTGG-1_57404,p027_T,p027,T_cell,T_reg,1187,-27.755,-14.2436,-0.2413,0.0298,Not cycling,0.9776,CD4 - Treg,,Tumor,0.6939427918851296
TCCGAAATCGGTAACT-1_100342,p032_T,p032,Malignant,Malignant,3044,5.9334,-21.8124,0.073,0.0349,Not cycling,1.5472,Alveolar,Alveolar,Tumor,0.6939427918851296
GGAGGATCACATGGTT-1_79180,p031_N,p031,T_cell,T_conv1,751,,,,,,,,,Normal,0.6939427918851296
ACTGTGAGTCGATTCA-1_12482,p018_T,p018,Macrophage,CD14_Macrophages1,1512,19.2105,9.304,0.0165,0.0388,Not cycling,0.6498,MYC/Mitochondria,,Tumor,0.6939427918851296
AGGGTGATCGATACTG-1_50340,p027_T,p027,T_cell,T_CD8_2,947,,,,,,,,,Tumor,0.6939427918851296
CTGCATCCAGCGCGTT-1_44287,p027_N,p027,Epithelial,Ciliated,3884,25.8351,-16.4301,-0.1416,-0.1205,Not cycling,4.4491,Cilia,Cilia,Normal,0.6939427918851296
ATTCTACTCATGTCAG-1_59135,p028_N,p028,Monocyte,Monocytes,1515,-7.083,20.9835,0.0041,-0.0194,Not cycling,,,,Normal,0.6939427918851296
TGCGGGTCACTACCGG-1_48028,p027_N,p027,T_cell,T_conv1,1314,-17.3503,-1.2187,0.0827,0.0517,Not cycling,0.6524,CD8 - Unassigned2,,Normal,0.6939427918851296
GACCTTCCAGCCCAGT-1_17878,p018_T,p018,Dendritic,Myeloid_Dendritic,746,,,,,,,,,Tumor,0.6939427918851296
TGTGGCGAGTTTGAGA-1_48316,p027_N,p027,Dendritic,Myeloid_Dendritic,1123,-5.2731,4.8944,-0.029,0.027,Not cycling,,,,Normal,0.6939427918851296
ATCATTCTCGTAACAC-1_50680,p027_T,p027,T_cell,T_CD8_2,1962,-24.0396,-19.9825,0.7026,0.0147,G1/S,1.0432,CD8 - Unassigned2,,Tumor,0.6939427918851296
AAGCGAGCAACCAATC-1_11627,p018_T,p018,,,1469,29.3075,-0.837,0.0656,-0.108,Not cycling,,,,Tumor,0.6939427918851296
GATTTCTAGCAACAGC-1_78890,p031_N,p031,T_cell,T_conv1,792,,,,,,,,,Normal,0.6939427918851296
CTGTGGGTCGGAGTGA-1_96677,p032_T,p032,T_cell,T_conv2,765,,,,,,,,,Tumor,0.6939427918851296
ATGACCAGTATGAGAT-1_64831,p029_N,p029,Smooth_muscle,Smoothmuscle2,1324,4.1457,0.1501,0.0704,-0.1378,Not cycling,,,,Normal,0.6939427918851296
GCACGTGAGTGTTGTC-1_78914,p031_N,p031,T_cell,T_conv1,1395,-18.4938,0.7412,0.1649,-0.2189,Not cycling,0.2196,CD4 - Naive1,,Normal,0.6939427918851296
AGAACAAGTTTGTTCT-1_58363,p028_N,p028,NK_cell,NK_cells,2467,-23.1753,14.5634,-0.1574,-0.103,Not cycling,,,,Normal,0.6939427918851296
TTCCTCTGTCATGACT-1_91822,p032_N,p032,Macrophage,CD14_Macrophages1,4536,7.376,0.6838,0.2282,1.2008,G2/M,1.4904,Cell Cycle,,Normal,0.6939427918851296
TCAAGCAAGTCGCCAC-1_8683,p018_N,p018,Macrophage,Alveolar_Macrophages1,1503,23.125,12.6383,0.0008,0.1467,Not cycling,0.7867,MES/Glycolysis,,Normal,0.6939427918851296
TACCGAACACACAGCC-1_20929,p018_T,p018,Macrophage,CD14_Macrophages1,1491,18.7992,7.8019,-0.1026,-0.0155,Not cycling,1.2193,Lipid-associated,Lipid-associated,Tumor,0.6939427918851296
GCCGTGACAAATGATG-1_6449,p018_N,p018,Macrophage,Alveolar_Macrophages1,533,,,,,,,,,Normal,0.6939427918851296
GAGCCTGCACAACGTT-1_18055,p018_T,p018,Macrophage,Alveolar_Macrophages1,939,,,,,,,,,Tumor,0.6939427918851296
GGAGGTAGTTTCGATG-1_45524,p027_N,p027,T_cell,T_conv1,1524,-19.3775,-4.2965,0.2269,0.0696,Not cycling,0.8392,CD4 - Treg,,Normal,0.6939427918851296
GGTAATCGTTAGGGAC-1_19555,p018_T,p018,Malignant,Malignant,1718,29.1357,-0.8272,-0.1692,-0.0159,Not cycling,1.1231,EMT III,EMT III,Tumor,0.6939427918851296
CACAGATAGAATTCAG-1_94678,p032_T,p032,Malignant,Malignant,2430,8.8135,-19.7172,0.0961,0.016,Not cycling,1.6867,Stress,Stress,Tumor,0.6939427918851296
AAACCCACAATCGCCG-1_11178,p018_T,p018,Macrophage,Alveolar_Macrophages1,1213,24.6435,14.5886,0.1081,0.02,Not cycling,1.0431,MES/Glycolysis,MES/Glycolysis,Tumor,0.6939427918851296
CTCCCTCGTCACTCAA-1_89051,p032_N,p032,Epithelial,Club,1004,18.1443,-14.7924,0.0941,0.0524,Not cycling,1.3275,Stress,Stress,Normal,0.6939427918851296
GGGTGAACACCAGCCA-1_105505,p033_N,p033,Dendritic,Myeloid_Dendritic,2157,-2.97,5.4617,0.0031,0.1346,Not cycling,,,,Normal,0.6939427918851296
GATGAGGTCATGCTAG-1_6111,p018_N,p018,Macrophage,Alveolar_Macrophages1,914,,,,,,,,,Normal,0.6939427918851296
CGCAGGTAGGGTCAAC-1_29635,p023_T,p023,Malignant,Malignant,4352,-2.083,-27.1988,0.2246,0.1006,Not cycling,0.4217,Respiration,,Tumor,0.6939427918851296
GTAATCGGTGTCTTCC-1_19778,p018_T,p018,Macrophage,CD14_Macrophages1,749,,,,,,,,,Tumor,0.6939427918851296
TTCTAACTCACTTGTT-1_101837,p032_T,p032,Endothelial,Endothelial2,1473,-1.6363,-14.5796,-0.1052,0.1158,Not cycling,1.2889,Endo7,,Tumor,0.6939427918851296
GACGTTACAGTCGGTC-1_109687,p033_T,p033,T_cell,T_CD8_3,1288,-13.1089,-5.8153,0.0549,-0.0205,Not cycling,1.0345,CD4 - Stress/HSP,CD4 - Stress/HSP,Tumor,0.6939427918851296
CCGGTGAGTTTAGTCG-1_25953,p019_T,p019,Epithelial,Club,4160,19.2434,-15.1069,0.1663,0.0598,Not cycling,1.6301,Epi2,,Tumor,0.6939427918851296
GACCCTTAGTAGTCTC-1_66196,p029_N,p029,T_cell,T_CD8_3,1127,-21.9777,8.4129,-0.0302,-0.1366,Not cycling,0.7198,CD8 - Chromatin,,Normal,0.6939427918851296
CCGTTCATCCACCCTA-1_77845,p031_N,p031,Fibroblast,Fibroblast2,2342,8.8544,26.0527,-0.096,0.256,Not cycling,,,,Normal,0.6939427918851296
AGCCAATAGCTCGTGC-1_82000,p031_T,p031,Dendritic,Myeloid_Dendritic,792,,,,,,,,,Tumor,0.6939427918851296
GATCGTAGTAGGATAT-1_18315,p018_T,p018,Macrophage,CD14_Macrophages1,892,,,,,,,,,Tumor,0.6939427918851296
CTCAAGACATGTCGTA-1_16815,p018_T,p018,Macrophage,Alveolar_Macrophages1,851,,,,,,,,,Tumor,0.6939427918851296
TGTGCGGCATCGTTCC-1_91649,p032_N,p032,Epithelial,Club,2317,20.0117,-14.3827,0.2355,0.0393,Not cycling,1.4349,Alveolar,Alveolar,Normal,0.6939427918851296
CACCAAATCGTGACTA-1_42658,p027_N,p027,Macrophage,Alveolar_Macrophages2,1266,7.4797,12.102,-0.0133,-0.1054,Not cycling,0.8757,Stress/HSP,,Normal,0.6939427918851296
AGCCAATTCAGAGTTC-1_76649,p031_N,p031,T_cell,T_CD8_3,786,,,,,,,,,Normal,0.6939427918851296
CAACCAAGTACAGCGA-1_72473,p030_T,p030,T_cell,T_CD8_1,1481,-15.0075,-10.9221,0.0002,-0.241,Not cycling,0.6628,CD8 - Chromatin,,Tumor,0.6939427918851296
GTTGAACTCGTTGTTT-1_90502,p032_N,p032,Macrophage,CD14_Macrophages4,4034,6.5225,-0.0601,-0.124,-0.0937,Not cycling,1.144,Monocyte/Secreted,Monocyte/Secreted,Normal,0.6939427918851296
ATTATCCAGAATCCCT-1_82519,p031_T,p031,T_cell,T_conv1,984,,,,,,,,,Tumor,0.6939427918851296
TTTCACACAGTCACGC-1_86745,p031_T,p031,Macrophage,CD14_Macrophages1,2551,3.2068,5.2353,-0.0011,-0.0409,Not cycling,0.5935,MYC/Mitochondria,,Tumor,0.6939427918851296
TATATCCTCTTAATCC-1_90771,p032_N,p032,Macrophage,CD14_Macrophages4,5049,7.9981,1.4335,0.4128,0.0234,Not cycling,0.899,Lipid-associated,,Normal,0.6939427918851296
AGACTCATCGTAACAC-1_117055,p034_T,p034,Mast,Mast,1172,1.5083,33.401,-0.0291,0.1177,Not cycling,,,,Tumor,0.6939427918851296
GGCAGTCAGCAGCCCT-1_25083,p019_N,p019,Monocyte,Monocytes,2627,-6.5211,20.5796,-0.094,-0.0134,Not cycling,,,,Normal,0.6939427918851296
GTGATGTAGACTCGAG-1_90338,p032_N,p032,T_cell,T_conv1,990,,,,,,,,,Normal,0.6939427918851296
CCTCATGAGTGCAGGT-1_104095,p033_N,p033,Macrophage,Alveolar_Macrophages2,4126,12.0721,-2.0278,0.0585,-0.1574,Not cycling,0.7469,MES/Glycolysis,,Normal,0.6939427918851296
GTACAGTTCTGGACTA-1_7330,p018_N,p018,Macrophage,Alveolar_Macrophages1,841,,,,,,,,,Normal,0.6939427918851296
CTGTGGGGTACGGATG-1_73545,p030_T,p030,B_cell,B_cells,765,,,,,,,,,Tumor,0.6939427918851296
ACTATGGGTATGGAAT-1_102721,p033_N,p033,Macrophage,Alveolar_Macrophages2,5776,12.3677,-1.779,-0.0647,-0.0819,Not cycling,0.5318,MES/Glycolysis,,Normal,0.6939427918851296
CTGTACCCATCCTTCG-1_44354,p027_N,p027,NK_cell,NK_cells,1828,-22.9518,18.7177,0.0929,0.0043,Not cycling,,,,Normal,0.6939427918851296
CGTAATGTCCACCTGT-1_109232,p033_T,p033,T_cell,T_conv1,1633,-12.8548,-4.6618,0.0752,-0.0166,Not cycling,1.1303,CD4 - Cytotoxic,,Tumor,0.6939427918851296
CTGTACCTCCTCTCTT-1_73521,p030_T,p030,T_cell,T_reg,1064,-15.4793,-10.4643,-0.2328,-0.1022,Not cycling,1.6092,CD4 - Stress/HSP,CD4 - Stress/HSP,Tumor,0.6939427918851296
AGTGATCCACATGGTT-1_2030,p018_N,p018,Macrophage,Alveolar_Macrophages1,1409,24.7586,15.999,0.079,0.1236,Not cycling,0.107,MAC3,,Normal,0.6939427918851296
GCATGATAGACTACCT-1_18628,p018_T,p018,,,501,,,,,,,,,Tumor,0.6939427918851296
GGGACTCGTTGCATTG-1_45624,p027_N,p027,Endothelial,Endothelial3,2655,-0.5027,-14.7725,0.0453,0.1419,Not cycling,1.323,Endo3,Endo3,Normal,0.6939427918851296
AGCATCATCCGTGGCA-1_58488,p028_N,p028,NK_cell,NK_cells,1512,-20.2363,17.9532,-0.1863,0.0092,Not cycling,,,,Normal,0.6939427918851296
TACCTGCAGTTTGGCT-1_99567,p032_T,p032,Malignant,Malignant,4299,6.8974,-22.1924,0.1799,0.0471,Not cycling,1.2459,Alveolar,Alveolar,Tumor,0.6939427918851296
CGTGATAGTAGCTGCC-1_65755,p029_N,p029,T_cell,T_CD8_3,1214,-21.9995,7.902,0.3102,-0.0096,Not cycling,1.1866,CD4 - Cytotoxic,CD4 - Cytotoxic,Normal,0.6939427918851296
TGTTCATCACCAGCTG-1_48343,p027_N,p027,Macrophage,Alveolar_Macrophages2,3872,7.3354,16.1361,0.0713,0.0036,Not cycling,0.5449,MES/Glycolysis,,Normal,0.6939427918851296
GCCTGTTGTGTGTGGA-1_6457,p018_N,p018,Macrophage,Alveolar_Macrophages1,1459,24.9265,12.9254,-0.0408,-0.004,Not cycling,0.8126,MES/Glycolysis,,Normal,0.6939427918851296
TACTTACTCATGGAGG-1_85289,p031_T,p031,Macrophage,CD14_Macrophages1,1227,3.4436,4.9519,-0.0736,-0.0069,Not cycling,2.619,Lipid-associated,Lipid-associated,Tumor,0.6939427918851296
CGCCATTGTAGGCTCC-1_65674,p029_N,p029,T_cell,T_conv1,1365,-24.4808,2.5783,-0.117,0.0718,Not cycling,0.6187,CD8 - Memory/Naive1,,Normal,0.6939427918851296
TGATCTTTCCACCTGT-1_56581,p027_T,p027,T_cell,T_conv1,1111,-26.0384,-14.5312,-0.0129,0.0248,Not cycling,1.3448,CD4 - Naive2,,Tumor,0.6939427918851296
TACGCTCTCTGTCGTC-1_115292,p034_N,p034,B_cell,B_cells,1782,-34.312,-2.1,0.0089,0.1076,Not cycling,,,,Normal,0.6939427918851296
AGTCACAGTTGTTTGG-1_72122,p030_T,p030,,,2497,26.7118,-15.4261,-0.3959,-0.3738,Not cycling,,,,Tumor,0.6939427918851296
